jp,en,file
※間で、出撃メンバーに応じたテキスト出したい,※During this sequence, I want to display text that corresponds to the chosen party members.
※頭vsアイドル部到着、時間稼ぎ開始,"※""The leader vs. the idol club"," they are now stalling for time."""
表示ガーデン名：,Display Garden Name:,romfs\story\spt\areaname_disp.spt
セレクト隊,select team,romfs\story\spt\bt0000.spt
今は忙しくて無理不可能であります！,It is impossible to do so now because I am too busy!,romfs\story\spt\bt0000.spt
残念であります！,It is unfortunate!,romfs\story\spt\bt0000.spt
ろぼとる・・するわん,ROBOTORU... do...,romfs\story\spt\bt0001.spt
くん、わかってるね…。,"Kun, you know what I mean....",romfs\story\spt\bt0002.spt
できるだけ多くのターゲットを破壊せよ！,Destroy as many targets as possible!,romfs\story\spt\bt0002.spt
ターゲット破壊アトラクション,Target Destruction Attraction,romfs\story\spt\bt0002.spt
探検部長：クニギク,Director of Exploration: Kunigiku,romfs\story\spt\bt0002.spt
それでは、テスト開始です。,"Now, let the testing begin.",romfs\story\spt\bt0004.spt
ロボトルに勝利せよ！,Win the robattle!,romfs\story\spt\bt0004.spt
ローレル,laurel,romfs\story\spt\bt0004.spt
ともだち,friend,romfs\story\spt\bt0007.spt
勝負だ！,The game!,romfs\story\spt\bt0007.spt
ロボトルだったら負けないロボ！,"If it were a Robotl, it would be a Robot that can't be beaten!",romfs\story\spt\bt0009.spt
ロボロボ団,Rubberobo,romfs\story\spt\bt0009.spt
行くロボよー！,I'm going Lobo!,romfs\story\spt\bt0009.spt
いっくぜ～！,Let's go!,romfs\story\spt\bt0011.spt
すべて破壊せよ！,Destroy them all!,romfs\story\spt\bt0012.spt
ガラクタ？,Rumble?,romfs\story\spt\bt0012.spt
・・・。,...,romfs\story\spt\bt0012.spt
ガ・・・ガガ・・・。,Ga...ga...,romfs\story\spt\bt0013 - コピー (2).spt
・・・ガ・・・,Moth...,romfs\story\spt\bt0014.spt
オトコノコは入ってきちゃダメです！,No wimps are allowed to come in!,romfs\story\spt\bt0018.spt
ブライトネス,brightness,romfs\story\spt\bt0018.spt
いくぞ！,Here we go!,romfs\story\spt\bt0021.spt
アソブニャ・・,Asobnya...,romfs\story\spt\bt0022.spt
ギ・・・ギ・・・ギ・・・,Guy... Guy... Guy...,romfs\story\spt\bt0024.spt
ケ・・・ケケケ・・・。,Ke...ke ke ke...,romfs\story\spt\bt0027.spt
一本橋ロボトル,One Bridge Lobotolu,romfs\story\spt\bt0028.spt
１対１で勝負だ！,It's a one-on-one match!,romfs\story\spt\bt0028.spt
クラヤミ・・・スキ・・・。,Kurayami...suki...,romfs\story\spt\bt0029.spt
暗闇バトル,Battle in the Dark,romfs\story\spt\bt0029.spt
それ以上、近づくなと――,I told him not to come any closer--,romfs\story\spt\bt0030.spt
言ったはずだぞ。,I told you.,romfs\story\spt\bt0030.spt
近づくことはならぬと――,I told you to stay away from--,romfs\story\spt\bt0030.spt
おサンポ同好会には,The Osampo Club has a,romfs\story\spt\bt0031.spt
まけないぜ！,I'm not going to lose!,romfs\story\spt\bt0031.spt
タイマンロボトル,Timanrobotl,romfs\story\spt\bt0031.spt
へへ、探検部だってよ。,"Hehe, they say it's an exploration club.",romfs\story\spt\bt0032.spt
クヘイジ,Kuwait,romfs\story\spt\bt0032.spt
ラッキー。,Lucky.,romfs\story\spt\bt0032.spt
うちには頼もし～い助っ人がいるんだから。,We have a very reliable helper.,romfs\story\spt\bt0033.spt
ギンレイ,silver carp (Hypophthalmichthys molitrix),romfs\story\spt\bt0033.spt
いつもどおり叩きのめしてやるぜ！,I'm going to beat you to the punch as usual!,romfs\story\spt\bt0034.spt
マグレもここで終わりだ。,This is where the magre ends.,romfs\story\spt\bt0034.spt
・・・アシ・・・スキ・・・,...reed... Suki...,romfs\story\spt\bt0035.spt
これは体罰もやむを得んなあ！,This is unavoidable corporal punishment!,romfs\story\spt\bt0036.spt
ロボロボ団長,Rubberobo Commander,romfs\story\spt\bt0036.spt
目上に対する礼儀もなってねえ。,They don't even have the decency to be polite to their superiors.,romfs\story\spt\bt0036.spt
ビッグロボトル！,Big robattle!,romfs\story\spt\bt0037.spt
・・・てきはっけん！,...suitable discovery!,romfs\story\spt\bt0037.spt
・・・はいじょする！,..........to be removed!,romfs\story\spt\bt0037.spt
機能停止数勝負！,Stop functioning number game!,romfs\story\spt\bt0039.spt
勝ち抜きロボトル！,Winning robattle!,romfs\story\spt\bt0040.spt
これだけいれば、負けないロボ～！,"With all these, we can't lose, Robo~!",romfs\story\spt\bt0041.spt
メダリウム？,Medarium?,romfs\story\spt\bt0045.spt
・・・ギ・・・ギ・・・ギ・・・,Guy... Guy... Guy...,romfs\story\spt\bt0045.spt
謎の生命体の復活を阻止せよ！,Stop the resurrection of a mysterious life form!,romfs\story\spt\bt0045.spt
謎の生命体の侵攻を阻止せよ！,Stop the invasion of mysterious life forms!,romfs\story\spt\bt0046.spt
生徒会長：スズネ,Student Body President: Suzune,romfs\story\spt\bt0060.spt
相手になろう。,Let's be a partner.,romfs\story\spt\bt0060.spt
おういいぞ！,"Oh, good!",romfs\story\spt\bt0061.spt
かかってきなさい！,Come to me!,romfs\story\spt\bt0061.spt
アケボノ先生,Dr. Akebono.,romfs\story\spt\bt0061.spt
なに？　ロボトル？,What is it?　Lobottle?,romfs\story\spt\bt0303.spt
やるやる！,I'll do it!,romfs\story\spt\bt0303.spt
ジュンペイ,Junpei era (1118.4.27-1120.4.10),romfs\story\spt\bt0303.spt
えっ、ロボトル？,"What, robattle?",romfs\story\spt\bt0306.spt
もちろんやるよ、いくよー。,"Of course I'll do it, I'll go!",romfs\story\spt\bt0306.spt

うん、やろう！,"Yeah, let's do it!",romfs\story\spt\bt0309.spt
ヒロキ,Hiroki.,romfs\story\spt\bt0309.spt
ロボトルかー。,"robattle, huh?",romfs\story\spt\bt0309.spt
えー、ロボトル？,"Eh, robattle?",romfs\story\spt\bt0312.spt
どうしよっかなあ。,I wonder what I should do.,romfs\story\spt\bt0312.spt
いっくぞー！,I'm going to go!,romfs\story\spt\bt0315.spt
うん、もちろんやるよ。,"Yes, of course I'll do it.",romfs\story\spt\bt0315.spt
タルヘイ,"northern snakehead (species of fish, Channa argus)",romfs\story\spt\bt0315.spt
よーし、がんばるぞー！,"Okay, I'll do my best!",romfs\story\spt\bt0318.spt
ロボトルかい？,Lobottle?,romfs\story\spt\bt0318.spt
いやいや、やるよ！　よしいくぞー！,"No, no, no, I'll do it!　All right, let's go!",romfs\story\spt\bt0321.spt
え、今かい…？,"Oh, now...?",romfs\story\spt\bt0321.spt
マサムネ,evil spirit,romfs\story\spt\bt0321.spt
いいぜ、負けても泣くんじゃねーぞ！,"Look, don't cry if you lose!",romfs\story\spt\bt0324.spt
なに、オレさまと勝負したいのか？,"What, you want to play with me?",romfs\story\spt\bt0324.spt
ハツタカ,Hatsutaka,romfs\story\spt\bt0324.spt
お…　おう。,Oh... oh.,romfs\story\spt\bt0328.spt
カゲトラ,turtledove tiger (Panthera tigris altaica),romfs\story\spt\bt0328.spt
どうしよっかなあ…,I don't know what to do...,romfs\story\spt\bt0331.spt
ショウヘイ,Shouhei era (of the Northern Court) (1332.4.28-1333.5.?),romfs\story\spt\bt0331.spt
ロボトルかあ。,"Lobottle, huh?",romfs\story\spt\bt0331.spt
いいよ、やろうやろう。,"Okay, let's do it, let's do it.",romfs\story\spt\bt0334.spt
おっ、ロボトルかい？,"Whoa, Lobottle?",romfs\story\spt\bt0334.spt
イチ,one,romfs\story\spt\bt0334.spt
よろこんで相手になるよ。,I'd be happy to play with you.,romfs\story\spt\bt0337.spt
エイシン,eisin,romfs\story\spt\bt0337.spt
ロボトルか、いいね。,"Lobottle, good one.",romfs\story\spt\bt0337.spt
やるか…,Let's do it...,romfs\story\spt\bt0340.spt
タカ,falcon (Falconidae spp.),romfs\story\spt\bt0340.spt
ふっ、いいぜ。,"Phew, that's good.",romfs\story\spt\bt0343.spt
ハンゾウ,elephant seal (Mirounga spp.),romfs\story\spt\bt0343.spt
本気でかかってきな。,You've got to be serious.,romfs\story\spt\bt0343.spt
やってもいいけど、どうしようかなあ。,"I don't mind doing it, but I don't know what I'm going to do.",romfs\story\spt\bt0346.spt
サッカラ,Sakkara (member of India's merchant-and-farmer caste),romfs\story\spt\bt0346.spt
へへっいいぜ、そーこなくっちゃ！,"Hehehe, that's good, that's what I'm talking about!",romfs\story\spt\bt0349.spt
ロボトル？,Robottle?,romfs\story\spt\bt0349.spt
いいぜ、さあ来いよ。,"All right, come on. Come on.",romfs\story\spt\bt0352.spt
ほう？,Hou?,romfs\story\spt\bt0352.spt
ミユキ,Miyuki (northernmost of the four main islands of Japan),romfs\story\spt\bt0352.spt
ナギサ,common cattail (Typha latifolia),romfs\story\spt\bt0356.spt
ロボトルだったらいつでも大歓迎さ！,"If it's a robattle, you're always welcome!",romfs\story\spt\bt0356.spt
なに！？,What!,romfs\story\spt\bt0359.spt
アキトラ,yellow tigerfish (Ctenochaetus joyneri),romfs\story\spt\bt0359.spt
ロボトルだとっ！？,Lobottle!,romfs\story\spt\bt0359.spt
…ん？,Hmm?,romfs\story\spt\bt0362.spt
ダスティ,dusty,romfs\story\spt\bt0362.spt
おうっ、もちろんいいぜ。,"Oooh, of course it's good.",romfs\story\spt\bt0365.spt
かかってきな！,Come on!,romfs\story\spt\bt0365.spt
ホマレ,Homare,romfs\story\spt\bt0365.spt
そりゃ構わないが…,"That's fine, but...",romfs\story\spt\bt0368.spt
ユーリゲ,euriger,romfs\story\spt\bt0368.spt
ま、まあ構わんが…　いくぞ！,"Well, okay, but... here we go!",romfs\story\spt\bt0371.spt
ロクジュウゴ,Rokjugo (variety of rice),romfs\story\spt\bt0371.spt
今すぐにか？,Right now?,romfs\story\spt\bt0371.spt
ボディントン,Boddington.,romfs\story\spt\bt0374.spt
ロボトルか…,robattle or...,romfs\story\spt\bt0374.spt
先に言っておくが、オレは手を抜けない男だぜ。,"Before I go any further, let me tell you that I'm a hard man to cut corners with.",romfs\story\spt\bt0374.spt
よしきた、相手になってやるぜ！,"Okay, here we go. I'll be your partner!",romfs\story\spt\bt0377.spt
モモタロウ,"Sirius (star in the constellation Ursa Minor, one of the 28 mansions)",romfs\story\spt\bt0377.spt
生徒男1年_C,"Student male, 1st year_C",romfs\story\spt\bt0380.spt
やる！,Do!,romfs\story\spt\bt0381.spt
イチル,Ichiru,romfs\story\spt\bt0381.spt
え～ロボトル？,Eh~ Lobottle?,romfs\story\spt\bt0384.spt
どうしよっかなー。,What should I do?,romfs\story\spt\bt0384.spt
いいけど？,Okay?,romfs\story\spt\bt0387.spt
もちろんいいわよ、負けないよー！,"Of course it's fine, I won't lose!",romfs\story\spt\bt0390.spt
ロボトルね？,"Lobottle, right?",romfs\story\spt\bt0390.spt
いいわ！,All right!,romfs\story\spt\bt0393.spt
セン,stopper,romfs\story\spt\bt0393.spt
勝負よ！,It's a game!,romfs\story\spt\bt0393.spt
もっちろん！,Of course!,romfs\story\spt\bt0396.spt
ネネ,arsehole (of a feather),romfs\story\spt\bt0396.spt
ロボトル？　やるやる！,Lobottle?　I'll do it!,romfs\story\spt\bt0396.spt
うん、いいよ！,"Yeah, okay!",romfs\story\spt\bt0399.spt
ハナユキ,snowdrop (Galanthus spp.),romfs\story\spt\bt0399.spt
ユキシロ,snow white,romfs\story\spt\bt0402.spt
…勝負！,...game!,romfs\story\spt\bt0405.spt
いいわよ。,All right.,romfs\story\spt\bt0405.spt
スイロ,swallowing down the wrong pipe,romfs\story\spt\bt0405.spt
もちろんいいよ！,Of course it's fine!,romfs\story\spt\bt0409.spt
マドカ,madoka,romfs\story\spt\bt0409.spt
ロボトルしようぜー！,Let's robattle!,romfs\story\spt\bt0409.spt
いいですけどお…,"It's nice, but...",romfs\story\spt\bt0412.spt
ショウコ,three-of-a-kind made with a tile called from another player,romfs\story\spt\bt0412.spt
ロボトルですかあ？,Lobottle?,romfs\story\spt\bt0412.spt
いいわよ？,Okay?,romfs\story\spt\bt0415.spt
ミスズ,water pepper (Piper methysticum),romfs\story\spt\bt0415.spt
いいけど…,"Okay, but...",romfs\story\spt\bt0418.spt
なにが起こっても知らないわよ…,I don't know what happened to you...,romfs\story\spt\bt0418.spt
ユキノ,snow snow,romfs\story\spt\bt0418.spt
いいよー！,It's fine!,romfs\story\spt\bt0421.spt
サラユキ,sarayuki (var. of eucalyptus),romfs\story\spt\bt0424.spt
フウカ,Alaska pollack (Theragra chalcogramma),romfs\story\spt\bt0427.spt
別にいいですけどー。,I don't mind.,romfs\story\spt\bt0427.spt
いいですよ！,All right!,romfs\story\spt\bt0430.spt
やりましょう！,Let's do it!,romfs\story\spt\bt0430.spt
ホムラ,homura,romfs\story\spt\bt0430.spt
えへへ、いいよっ。,"Hehehe, okay.",romfs\story\spt\bt0435.spt
がんばるぞ～！,I'll do my best!,romfs\story\spt\bt0435.spt
メグミ,Japanese apricot (Prunus mume),romfs\story\spt\bt0435.spt
キクヨ,Amur stickleback (Pungitius sinensis),romfs\story\spt\bt0438.spt
アマネコ,rosefinch (any finch of genus Carpodacus),romfs\story\spt\bt0441.spt
ロボトル？　いいよ！,Robottle?　OK!,romfs\story\spt\bt0441.spt
負けないよー！,I won't lose!,romfs\story\spt\bt0441.spt
よしいっくぞ～！,"All right, let's go!",romfs\story\spt\bt0444.spt
サワヒメ,Thunberg's sparrowhawk (Accipiter sauteri),romfs\story\spt\bt0444.spt
もちろん受けるわ、かかってらっしゃい！,Of course I'll take it. Have at it!,romfs\story\spt\bt0447.spt
わたしとロボトル？,Me and robattle?,romfs\story\spt\bt0447.spt
シラギク,chrysanthemum (Chrysanthemum indicum),romfs\story\spt\bt0447.spt
うんうん、ぜひお手合わせ願いたいな～。,"Yes, yes, I would love to meet you!",romfs\story\spt\bt0450.spt
なになに？　ロボトル？,What what what?　Lobottle?,romfs\story\spt\bt0450.spt
いいわよ、やりましょうか。,"Okay, let's do it.",romfs\story\spt\bt0453.spt
あ、ロボトルやるの？,"Oh, you're going to do robattle?",romfs\story\spt\bt0456.spt
いいわよ、負っけないよ～！,"Okay, I'm not going to lose!",romfs\story\spt\bt0456.spt
ラウリ,lauri,romfs\story\spt\bt0456.spt
ふっ、ぼくとですか？,With me?,romfs\story\spt\bt0464.spt
もちろんいいですよ、お相手しましょう。,"Of course, that's fine, I'll deal with you.",romfs\story\spt\bt0464.spt
生徒会：ヒョウガ,Student Council: Hyoga,romfs\story\spt\bt0464.spt
お相手しましょう…,Let's play with you...,romfs\story\spt\bt0466.spt
戦闘準備ですか。,Are you ready for battle?,romfs\story\spt\bt0466.spt
もちろんいいよ、よろしくね。,"Of course it's fine, nice to meet you.",romfs\story\spt\bt0467.spt
生徒会：キヨト,Student Council: Kiyoto,romfs\story\spt\bt0467.spt
あ、ああわかった、相手になるよ。,"Oh, yeah, okay, I'll be your partner.",romfs\story\spt\bt0469.spt
ロボトル…,Lobottle...,romfs\story\spt\bt0469.spt
えっ、ロボトルですかあ？,"What, a robattle?",romfs\story\spt\bt0470.spt
もちろんＯＫですよ～。,Of course it's OK!,romfs\story\spt\bt0470.spt
生徒会：ヤチヨ,Student Council: Yachiyo,romfs\story\spt\bt0470.spt
え、今ですかあ？,"Oh, now?",romfs\story\spt\bt0472.spt
それどころじゃない気がするんですけどお…,I don't think that's the point...,romfs\story\spt\bt0472.spt
あっ、ロボトルだねっ。,"Oh, it's a robattle, isn't it?",romfs\story\spt\bt0473.spt
もちろんやるやる、いっくぞ～！,"Of course I'll do it, I'll do it, I'll do it!",romfs\story\spt\bt0473.spt
生徒会：チロリ,Student Council: Chilori,romfs\story\spt\bt0473.spt
そっかチューニングしたいんだね。手伝うよ。,I see you want to tune it up. Let me help you.,romfs\story\spt\bt0475.spt
うれしいです～！,I am so happy!,romfs\story\spt\bt0480.spt
えっ、わたしとですか？,"What, with me?",romfs\story\spt\bt0480.spt
購買部のおねえさん,The lady in the purchasing department,romfs\story\spt\bt0480.spt
へへっ、もちろんやるさ。うれしいねえ。,"Heh heh, of course I'll do it. I'm happy.",romfs\story\spt\bt0481.spt
用務員のおじさん,Janitor.,romfs\story\spt\bt0481.spt
あら、わたしと？,"Oh, with me?",romfs\story\spt\bt0482.spt
よ～し、がんばるぞ～！,"Alright, I'll do my best!",romfs\story\spt\bt0482.spt
コトブキ先生,Dr. Kotobuki.,romfs\story\spt\bt0482.spt
たまにはいいか、よしやろう！,"Sometimes, okay, let's do it!",romfs\story\spt\bt0484.spt
ほほう、ぼくと？,"Oh, with me?",romfs\story\spt\bt0484.spt
サイトウ先生,Dr. Saito.,romfs\story\spt\bt0484.spt
よしひとつお手合わせ願おうか。,Let's see what you can do.,romfs\story\spt\bt0485.spt
イズモ先生,Dr. Izmo.,romfs\story\spt\bt0485.spt
あらまあ、わたしと？,"Oh my God, with me?",romfs\story\spt\bt0486.spt
もちろんいいわよ、かかってらっしゃい！,"Of course it's fine, go ahead and take it!",romfs\story\spt\bt0486.spt
ヤマモト先生,Dr. Yamamoto.,romfs\story\spt\bt0486.spt
いいわよ、相手になってあげる。,"Okay, I'll be your partner.",romfs\story\spt\bt0487.spt
まあ、わたしとロボトルしたいのね。,"Well, you want to robattle with me.",romfs\story\spt\bt0487.spt
コイマリ先生,Dr. Koimari.,romfs\story\spt\bt0487.spt
ぜひやりましょう！,Let's do it!,romfs\story\spt\bt0488.spt
トミギク先生,Dr. Tomigiku.,romfs\story\spt\bt0488.spt
ロボトル？　いいわね！,Robottle?　Nice!,romfs\story\spt\bt0488.spt
やるか。,Let's do it.,romfs\story\spt\bt0489.spt
校長,principal,romfs\story\spt\bt0489.spt
えっ、ぼくとかい？,"What, with me?",romfs\story\spt\bt0490.spt
そりゃ構わないけど…　自信ないなあ。,"That's fine, but... I'm not sure.",romfs\story\spt\bt0490.spt
教頭,vice principal,romfs\story\spt\bt0490.spt
えっ、わたしと？,"What, with me?",romfs\story\spt\bt0491.spt
やりま～す！,I'll do it!,romfs\story\spt\bt0491.spt
コンビニ店員,convenience store clerk,romfs\story\spt\bt0491.spt
いいぜ、軽～くヒネってやるよ！,"Fine, I'll give you a light tweak!",romfs\story\spt\bt0499.spt
おっ、やるのか。,"Whoa, you're going to do it?",romfs\story\spt\bt0499.spt
いいだろう。,All right.,romfs\story\spt\bt0500.spt
レスキュー部長,Rescue Director,romfs\story\spt\bt0500.spt
はい、ぜひお願いします！,"Yes, please do!",romfs\story\spt\bt0506.spt
わたしとですか？,With me?,romfs\story\spt\bt0506.spt
えっ、わたしとですかぁ？,"What, with me?",romfs\story\spt\bt0509.spt
や～ん、どうしよっかな～。,"Ya~mmm, what should I do?",romfs\story\spt\bt0509.spt
わあ、もちろんやるロボ！　負けないロボ～！,"Wow, of course you do, Robo!　A robot that won't lose~!",romfs\story\spt\bt0512.spt
ロボトルロボか？,Robotlrobot?,romfs\story\spt\bt0512.spt
はっ、ロボトルでありますね！,"Ha, it is a robattle, isn't it?",romfs\story\spt\bt0527.spt
もちろん喜んでお相手するであります！,"Of course, we will be happy to accommodate you!",romfs\story\spt\bt0527.spt
生徒会長,president of the student council,romfs\story\spt\bt0554.spt
転入生,transfer student,romfs\story\spt\bt0557.spt
ロボロボ団ザコ男,Roborobodan Zako Man,romfs\story\spt\bt0560.spt
ロボロボ団ザコ女,Rubberobo-Dan Zako Woman,romfs\story\spt\bt0563.spt
セレクト隊男隊員,Select Corps Male Member,romfs\story\spt\bt0566.spt
※不可の組み合わせも数値で計算,Numerical calculations for ※incompatible combinations,romfs\story\spt\btl_move_test.spt
コンボ：右左,Combo: right-left,romfs\story\spt\btl_move_test.spt
コンボ：頭右,Combo: head right,romfs\story\spt\btl_move_test.spt
コンボ：頭右左,Combo: head right-left,romfs\story\spt\btl_move_test.spt
コンボ：頭左,Combo: head left,romfs\story\spt\btl_move_test.spt
右腕,right arm,romfs\story\spt\btl_move_test.spt
左腕,left arm,romfs\story\spt\btl_move_test.spt
終了,end,romfs\story\spt\btl_move_test.spt
頭,head,romfs\story\spt\btl_move_test.spt
　　右うで　,　　right hand,romfs\story\spt\btlset_test.spt
　　左うで　,　　left arm,romfs\story\spt\btlset_test.spt
　　戻る,　　return,romfs\story\spt\btlset_test.spt
　　脚部　,　　leg,romfs\story\spt\btlset_test.spt
　　頭　,　　head,romfs\story\spt\btlset_test.spt
＞　右うで　,＞ Right arm,romfs\story\spt\btlset_test.spt
＞　左うで　,＞ Left arm,romfs\story\spt\btlset_test.spt
＞　戻る,> Back,romfs\story\spt\btlset_test.spt
＞　脚部　,＞ Legs,romfs\story\spt\btlset_test.spt
＞　頭　,> Head,romfs\story\spt\btlset_test.spt
アニス,anise,romfs\story\spt\buddy_dollreset.spt
セージ,sage,romfs\story\spt\buddy_dollreset.spt
入口_1,Entrance_1,romfs\story\spt\buddy_dollreset.spt
入口_2,Entrance_2,romfs\story\spt\buddy_dollreset.spt
入口_3,Entrance_3,romfs\story\spt\buddy_dollreset.spt
新人,newcomer,romfs\story\spt\buddy_dollset.spt
カメラ変更1to2,Camera change 1to2,romfs\story\spt\c_camera_1to2.spt
カメラ変更1to2_1,Camera change1to2_1,romfs\story\spt\c_camera_1to2.spt
カメラ変更dto2,Camera change dto2,romfs\story\spt\c_camera_2.spt
カメラ変更dto2_1,Camera change dto2_1,romfs\story\spt\c_camera_2.spt
カメラ変更dto1,Camera change dto1,romfs\story\spt\c_camera_d.spt
カメラ変更dto1_1,Camera change dto1_1,romfs\story\spt\c_camera_d.spt
カメラ変更dto3,Camera change dto3,romfs\story\spt\c_camera_dto3.spt
カメラ変更dto3_1,Camera change dto3_1,romfs\story\spt\c_camera_dto3.spt
ライト変更,Light Change,romfs\story\spt\c_light.spt
ライト変更_1,Light change_1,romfs\story\spt\c_light.spt
白ライト,white light,romfs\story\spt\c_light.spt
黒ライト,black light,romfs\story\spt\c_light.spt
カメラリセット,Camera reset,romfs\story\spt\camera_reset.spt
ターゲットオフ,target off,romfs\story\spt\camera_target_off.spt
ターゲットオン,target-on,romfs\story\spt\camera_target_off.spt
eArea.アズマ家:２F,eArea.Azumaya:2F,romfs\story\spt\dbg_st.spt
eArea.主人公の部屋,eArea. room of the main character,romfs\story\spt\dbg_st.spt
スタート,start,romfs\story\spt\dbg_st.spt
ベッド寝,sleeping in bed,romfs\story\spt\dbg_st.spt
開始？,Start?,romfs\story\spt\dbg_st.spt
１章,Chapter 1,romfs\story\spt\dbg_st.spt
１０章,Chapter 10.,romfs\story\spt\dbg_st.spt
２章,Chapter 2,romfs\story\spt\dbg_st.spt
３章,Chapter 3,romfs\story\spt\dbg_st.spt
４章,Chapter 4,romfs\story\spt\dbg_st.spt
５章,Chapter 5,romfs\story\spt\dbg_st.spt
６章,Chapter 6.,romfs\story\spt\dbg_st.spt
７章,Chapter 7.,romfs\story\spt\dbg_st.spt
８章,Chapter 8.,romfs\story\spt\dbg_st.spt
９章,Chapter 9.,romfs\story\spt\dbg_st.spt
コレオ,choreo,romfs\story\spt\dbg02st.spt
メタビー,metabee,romfs\story\spt\dbg02st.spt
ルカニ,lucani,romfs\story\spt\dbg02st.spt
ロクショウ,Japanese rat snake (Elaphe climacophora),romfs\story\spt\dbg02st.spt
いろいろメニュー,Various Menus,romfs\story\spt\dev_debug_menu.spt
ガチャコイン,Gacha Coin,romfs\story\spt\dev_debug_menu.spt
セクター,sector,romfs\story\spt\dev_debug_menu.spt
パートナーメダOFF,Partner Meda OFF,romfs\story\spt\dev_debug_menu.spt
パートナーメダON,Partner Meda ON,romfs\story\spt\dev_debug_menu.spt
大事なもの,Important.,romfs\story\spt\dev_debug_menu.spt
戻る,return,romfs\story\spt\dev_debug_menu.spt
所持金,money in one's possession,romfs\story\spt\dev_debug_menu.spt
曲OFF,TURN OFF,romfs\story\spt\dev_debug_menu.spt
曲ON,Bent ON,romfs\story\spt\dev_debug_menu.spt
通信ネームクリア,Communication Name Clear,romfs\story\spt\dev_debug_menu.spt
０円ショップ,"store that sells second hand clothes, accessories, etc. for 0 yen each",romfs\story\spt\dev_debug_menu.spt
Y:ステージ表示,Y: Stage display,romfs\story\spt\effect_test.spt
Y:ステージ非表示,Y: Stage hidden,romfs\story\spt\effect_test.spt
　※参加できません,　※Cannot participate,romfs\story\spt\effect_test.spt
　　セッティング,　　setting,romfs\story\spt\effect_test.spt
　　パーツ転送　＜,　　Parts Transfer ＜,romfs\story\spt\effect_test.spt
　　ロボトル開始,　　Lobottle start,romfs\story\spt\effect_test.spt
　　攻撃側　＜,　　Attacker ＜,romfs\story\spt\effect_test.spt
　　防御側　＜,　　Defenders,romfs\story\spt\effect_test.spt
エフェクトテスト,Effects Testing,romfs\story\spt\effect_test.spt
転送右,Transfer Right,romfs\story\spt\effect_test.spt
転送左,Transfer Left,romfs\story\spt\effect_test.spt
転送脚,transfer leg,romfs\story\spt\effect_test.spt
＞　セッティング,> Setting,romfs\story\spt\effect_test.spt
＞　パーツ転送　＜,＞ Parts Transfer,romfs\story\spt\effect_test.spt
＞　ロボトル開始,＞ Lobottle started,romfs\story\spt\effect_test.spt
＞　攻撃側　＜,＞ Attacker.,romfs\story\spt\effect_test.spt
＞　防御側　＜,＞ Defenders,romfs\story\spt\effect_test.spt
エンカウント,an encounter (usu. in computer games),romfs\story\spt\ene_m212.spt
出口矢印,Exit arrow,romfs\story\spt\eve_arrowoff.spt
出口矢印1,Exit arrow 1,romfs\story\spt\eve_arrowoff.spt
出口矢印2,Exit arrow 2,romfs\story\spt\eve_arrowoff.spt
出口矢印3,Exit arrow 3,romfs\story\spt\eve_arrowoff.spt
出口矢印4,Exit arrow 4,romfs\story\spt\eve_arrowoff.spt
島マップへ,Go to Island Map,romfs\story\spt\eve_arrowoff.spt
町外矢印,Arrows outside of town,romfs\story\spt\eve_arrowoff.spt
右_out,right_out,romfs\story\spt\exit_move101_03.spt
上_out,up_out,romfs\story\spt\exit_move117_00.spt
左2,left2,romfs\story\spt\exit_move117_00.spt
左_out,left_out,romfs\story\spt\exit_move130_00.spt
下_out,lower_out,romfs\story\spt\exit_move150_04.spt
部室棟_out,Club building_out,romfs\story\spt\exit_move160_00.spt
部室棟側out,Club building side out,romfs\story\spt\exit_move160_01.spt
部屋前2,Room front 2,romfs\story\spt\exit_move163_00.spt
山道１_out,Mountain Road 1_out,romfs\story\spt\exit_move330_01.spt
入口_out,Entrance_out,romfs\story\spt\exit_move331_00.spt
学校_out,School_out,romfs\story\spt\exit_move500_00.spt
NPC下校1,NPC Dismissal 1,romfs\story\spt\f00_000_900_00.spt
NPC下校2,NPC Downstairs 2,romfs\story\spt\f00_000_900_00.spt
NPC下校3,NPC Disembarkation 3,romfs\story\spt\f00_000_900_00.spt
ともだち1,Friend1,romfs\story\spt\f00_000_900_00.spt
どこかの中学生女A,Some junior high school girl A,romfs\story\spt\f00_000_900_00.spt
どこかの中学生女B,Some junior high school girl b,romfs\story\spt\f00_000_900_00.spt
どこかの中学生男A,Some junior high school boy A,romfs\story\spt\f00_000_900_00.spt
どこかの中学生男B,Some junior high school boy b,romfs\story\spt\f00_000_900_00.spt
イベント1,Event 1,romfs\story\spt\f00_000_900_00.spt
妹_メダ,Sister_Meda,romfs\story\spt\f00_000_900_00.spt
帰路1,Return 1,romfs\story\spt\f00_000_900_00.spt
帰路2,Return 2,romfs\story\spt\f00_000_900_00.spt
サイカ1,Saika1,romfs\story\spt\f00_010_901_00.spt
プロペラ,propeller,romfs\story\spt\f00_010_901_00.spt
メタビー1,Metabee 1,romfs\story\spt\f00_010_901_00.spt
メタビー退場,Metabee Exit,romfs\story\spt\f00_010_901_00.spt
ロボロボ1,Roborobo1,romfs\story\spt\f00_010_901_00.spt
ロボロボ2,Roborobo 2,romfs\story\spt\f00_010_901_00.spt
ロボロボ団ザコ男A,Rubberobo-Dan Zako-Man A,romfs\story\spt\f00_010_901_00.spt
ロボロボ団ザコ男B,Rubberobo-Dan Zako-Man B,romfs\story\spt\f00_010_901_00.spt
主人公1,Main character 1,romfs\story\spt\f00_010_901_00.spt
主人公2,Main character 2,romfs\story\spt\f00_010_901_00.spt
全体,whole,romfs\story\spt\f00_010_901_00.spt
坂1,slope 1,romfs\story\spt\f00_010_901_00.spt
妹メダ,Sister Meda,romfs\story\spt\f00_010_901_00.spt
妹メダ1,Sister Meda 1,romfs\story\spt\f00_010_901_00.spt
妹メダ退場,Sister Meda Exit,romfs\story\spt\f00_010_901_00.spt
扉,door,romfs\story\spt\f00_010_901_00.spt
校長1,Principal1,romfs\story\spt\f00_010_901_00.spt
校長2,Principal 2,romfs\story\spt\f00_010_901_00.spt
注視点1,Gazing point 1,romfs\story\spt\f00_010_901_00.spt
注視点2,Gazing point 2,romfs\story\spt\f00_010_901_00.spt
着陸,landing,romfs\story\spt\f00_010_901_00.spt
見物1,Sightseeing 1,romfs\story\spt\f00_010_901_00.spt
見物2,Sightseeing 2,romfs\story\spt\f00_010_901_00.spt
見物3,Sightseeing3,romfs\story\spt\f00_010_901_00.spt
見物4,Sightseeing 4,romfs\story\spt\f00_010_901_00.spt
見物5,Sightseeing5,romfs\story\spt\f00_010_901_00.spt
見物6,Observation 6,romfs\story\spt\f00_010_901_00.spt
見物客A,Spectator A,romfs\story\spt\f00_010_901_00.spt
見物客B,Onlookers B,romfs\story\spt\f00_010_901_00.spt
見物客C,Spectator C,romfs\story\spt\f00_010_901_00.spt
見物客D,Onlooker D,romfs\story\spt\f00_010_901_00.spt
見物客E,Onlookers E,romfs\story\spt\f00_010_901_00.spt
見物客F,Onlookers F,romfs\story\spt\f00_010_901_00.spt
車前,"plantain (esp. Asian plantain, Plantago asiatica)",romfs\story\spt\f00_010_901_00.spt
転入生_ロボロボ,Transfer student_Rubberobo,romfs\story\spt\f00_010_901_00.spt
飛行機,airplane,romfs\story\spt\f00_010_901_00.spt
飛行機影,silhouette of an airplane (airplane),romfs\story\spt\f00_010_901_00.spt
主人公の妹,Main character's sister,romfs\story\spt\f00_030_910_00.spt
入室,entering a room,romfs\story\spt\f00_030_910_00.spt
退室,exit from a room,romfs\story\spt\f00_030_910_00.spt
お兄ちゃん！大変！,"Big brother! Oh, my God!",romfs\story\spt\f00_030_910_00_t011.spt
アサヒ,Asahi (company),romfs\story\spt\f00_030_910_00_t011.spt
大変って…　なにが？,How hard is it... what?,romfs\story\spt\f00_030_910_00_t011.spt
ほらほら、おっきな封筒！,"There you go, big envelope!",romfs\story\spt\f00_030_910_00_t012.spt
ジャ～ン！！,Ta-da!,romfs\story\spt\f00_030_910_00_t012.spt
差出人は…,Sent by...,romfs\story\spt\f00_030_910_00_t012.spt
郵便きてる！,It's coming in the mail!,romfs\story\spt\f00_030_910_00_t012.spt
えええっ！？,"Yeah, yeah, yeah!",romfs\story\spt\f00_030_910_00_t013.spt
て…,I'll get it...,romfs\story\spt\f00_030_910_00_t013.spt
なになに、ＭＥＤＡ学院…,"What is it, MEDA Institute...",romfs\story\spt\f00_030_910_00_t013.spt
早く開けてみてよ、お兄ちゃん！,"Hurry up and open it, brother!",romfs\story\spt\f00_030_910_00_t013.spt
きゃ～～～！合格だって！,Kya~~! He passed the exam!,romfs\story\spt\f00_030_910_00_t021.spt
すごいすご～い！,Amazing amazing~!,romfs\story\spt\f00_030_910_00_t021.spt
ママぁ！聞いてきいて、お兄ちゃんが――,"Oh, Mom! Listen, listen, listen. My brother...",romfs\story\spt\f00_030_910_00_t022.spt
うれしいよ。,I'm glad.,romfs\story\spt\f00_030_910_00_t023.spt
そりゃ、うれしいけど…,"Well, I'm happy for you, but...",romfs\story\spt\f00_030_910_00_t023.spt
なんで今さら…,Why now...,romfs\story\spt\f00_030_910_00_t023.spt
入学式もとっくに終わってるっていうのに。,Even though the entrance ceremony is long over.,romfs\story\spt\f00_030_910_00_t023.spt
学校前,before school,romfs\story\spt\f00_040_500_00.spt
…あそこだ。,...there.,romfs\story\spt\f00_040_500_00_t011.spt
上端,top,romfs\story\spt\f01_010_115_00.spt
寮前,In front of dormitory,romfs\story\spt\f01_010_120_05.spt
生徒会長と寮へ,To the dormitory with the student body president,romfs\story\spt\f01_010_150_10.spt
男子寮,men's dormitory,romfs\story\spt\f01_010_150_10.spt
男子寮カメラ,Men's dormitory camera,romfs\story\spt\f01_010_150_10.spt
男子寮スタート,Men's dormitory start,romfs\story\spt\f01_010_150_10.spt
自室,one's own room,romfs\story\spt\f01_020_155_00.spt
イス１２,Chair 12.,romfs\story\spt\f01_040_117_00.spt
イス１３,Chair 13.,romfs\story\spt\f01_040_117_00.spt
セクターの席,Sector Seats,romfs\story\spt\f01_040_117_00.spt,romfs\story\spt\f11_140_113_00_t021.spt
リュウセイ_メダ,Ryusei_Meda,romfs\story\spt\f01_040_117_00.spt
リュウセイと会話,Conversation with Ryusei,romfs\story\spt\f01_040_117_00.spt,romfs\story\spt\f11_170_953_20_t051.spt
主人公の席,Seat of the protagonist,romfs\story\spt\f01_040_117_00.spt
主人公付近1,Main character vicinity 1,romfs\story\spt\f01_040_117_00.spt
主人公付近2,Main character vicinity 2,romfs\story\spt\f01_040_117_00.spt
主人公付近3,Main character vicinity 3,romfs\story\spt\f01_040_117_00.spt
主人公付近4,Main character vicinity 4,romfs\story\spt\f01_040_117_00.spt
主人公付近5,Main character vicinity 5,romfs\story\spt\f01_040_117_00.spt
主人公付近6,Main character vicinity 6,romfs\story\spt\f01_040_117_00.spt
主人公付近7,Main character vicinity 7,romfs\story\spt\f01_040_117_00.spt
席へ,Take your seats.,romfs\story\spt\f01_040_117_00.spt
担任の先生,homeroom teacher,romfs\story\spt\f01_040_117_00.spt
教壇へ,To the Pulpit,romfs\story\spt\f01_040_117_00.spt
教室イベント後,After Classroom Event,romfs\story\spt\f01_040_117_00.spt
教室中央,Center of classroom,romfs\story\spt\f01_040_117_00.spt
生徒女1年_A,"Student Woman, 1st year_A",romfs\story\spt\f01_040_117_00.spt
生徒女1年_B,"Student Woman, 1st year_B",romfs\story\spt\f01_040_117_00.spt
生徒女1年_C,"Student Woman, 1st year_C",romfs\story\spt\f01_040_117_00.spt
生徒女1年_D,"Student Woman, 1st year_D",romfs\story\spt\f01_040_117_00.spt
生徒男1年_B,"Student male, 1st year_B",romfs\story\spt\f01_040_117_00.spt
生徒男1年_D,"Student male, 1st year_D",romfs\story\spt\f01_040_117_00.spt
スタート上,start-stop,romfs\story\spt\f01_040_117_20.spt
生徒女1年_A_メダ,Student Woman 1st_Year_A_Med.,romfs\story\spt\f01_040_117_20.spt
生徒女1年_B_メダ,Student Woman 1st_Year_B_Med.,romfs\story\spt\f01_040_117_20.spt
生徒女1年_C_メダ,"Student Woman, 1st year_C_Med.",romfs\story\spt\f01_040_117_20.spt
生徒女1年_D_メダ,Student Woman 1st_Year_D_Med.,romfs\story\spt\f01_040_117_20.spt
生徒男1年_B_メダ,Student-Male-1-year_B_Med.,romfs\story\spt\f01_040_117_20.spt
生徒男1年_C_メダ,StudentMale1Year_C_Med.,romfs\story\spt\f01_040_117_20.spt
生徒男1年_D_メダ,"Student man, 1st_year_D_meda",romfs\story\spt\f01_040_117_20.spt
生徒男1年_E,"Student male, 1st year_E",romfs\story\spt\f01_050_117_00.spt
生徒男1年_E_メダ,"Student man, 1st year_E_Med.",romfs\story\spt\f01_050_117_00.spt
生徒男1年_E付近,"Student male, 1st year_near E",romfs\story\spt\f01_050_117_00.spt
ミオ_メダ,Mio_Meda,romfs\story\spt\f01_055_150_00.spt
ミオとアオイF01,Mio and Aoi F01,romfs\story\spt\f01_055_150_00.spt
左出口前,Before left exit,romfs\story\spt\f01_055_150_00.spt
そうです,That's right.,romfs\story\spt\f01_070_165_00.spt
セクター1,Sector 1,romfs\story\spt\f01_070_165_00.spt
セクター2,Sector 2,romfs\story\spt\f01_070_165_00.spt
リュウセイ_メダ移動,Ryusei_Meda Movement,romfs\story\spt\f01_070_165_00.spt
レスキュー部長0,Rescue Director 0,romfs\story\spt\f01_070_165_00.spt
レスキュー部長1,Rescue Director 1,romfs\story\spt\f01_070_165_00.spt
レスキュー部長_メダ,Rescue Director_Meda,romfs\story\spt\f01_070_165_00.spt
右から左,from right to left,romfs\story\spt\f01_070_165_00.spt
違います,"No, sir.",romfs\story\spt\f01_070_165_00.spt
ちがいます,"No, sir, it's not.",romfs\story\spt\f01_080_164_10.spt
やっぱりやめる,give up after all,romfs\story\spt\f01_080_164_10.spt
受けてみる,I'll take it.,romfs\story\spt\f01_080_164_10.spt
生徒女3年_E,"Student Woman, 3rd year_E",romfs\story\spt\f01_080_164_10.spt
セクター合流,sector confluence,romfs\story\spt\f01_090_167_00.spt
扉2,Door 2,romfs\story\spt\f01_090_167_00.spt
階段前,before the stairs,romfs\story\spt\f01_090_167_10.spt
階段降り,going down stairs,romfs\story\spt\f01_090_167_10.spt
イベントトリガー１,Event Trigger 1,romfs\story\spt\f01_110_162_00.spt
ブリキ,tin plate,romfs\story\spt\f01_110_162_00.spt
ブリキオー,tin-o,romfs\story\spt\f01_110_162_00.spt
ボックス位置,box position,romfs\story\spt\f01_130_161_00.spt
探検部長_メダ,Exploration Director_Meda,romfs\story\spt\f01_130_161_00.spt
生徒会長1,Student Body President 1,romfs\story\spt\f01_130_161_00.spt
リュウセイ退室,Lusei leaving the room,romfs\story\spt\f02_000_117_00.spt
えっと――,Uh...,romfs\story\spt\f02_000_117_00_t001.spt
そうなんだよ。,That's right.,romfs\story\spt\f02_000_117_00_t001.spt
だーっはっはっは！,Dahhhhhh!,romfs\story\spt\f02_000_117_00_t001.spt
なんだか気がついたらそうなってて…,I kind of found myself doing that...,romfs\story\spt\f02_000_117_00_t001.spt
探検部…　う～ん…,Exploration club... hmmm...,romfs\story\spt\f02_000_117_00_t001.spt
探検部ぅ…！？,Exploration club...!,romfs\story\spt\f02_000_117_00_t001.spt
探検部なんて初めて聞いたよ。,I've never heard of an exploration club before.,romfs\story\spt\f02_000_117_00_t001.spt
部室はどこにあるの？,Where are the club rooms located?,romfs\story\spt\f02_000_117_00_t001.spt
そうかー。,I see.,romfs\story\spt\f02_000_117_00_t002.spt
でもまー良かったんじゃね？,"But, well, it was good, wasn't it?",romfs\story\spt\f02_000_117_00_t002.spt
どこも入れてもらえなくて,I couldn't get in anywhere.,romfs\story\spt\f02_000_117_00_t002.spt
なにしてんだか、よくわかんねー部だよな？,"I don't know what you're doing, I don't know what you're doing in this department, right?",romfs\story\spt\f02_000_117_00_t002.spt
はっはっはー！,Hahaha!,romfs\story\spt\f02_000_117_00_t002.spt
よりによって探検部かよ。,"An exploration club, of all things.",romfs\story\spt\f02_000_117_00_t002.spt
アレだろ？,"That's it, right?",romfs\story\spt\f02_000_117_00_t002.spt
ソッコー退学かってシンパイしてたんだぜ。,He was so excited that he wanted to drop out of school right away.,romfs\story\spt\f02_000_117_00_t002.spt
知ってるぜ探検部。,"I know, exploration club.",romfs\story\spt\f02_000_117_00_t002.spt
部室が地下の倉庫みてーなとこにある,"The club room is in the basement, in what looks like a warehouse.",romfs\story\spt\f02_000_117_00_t002.spt
あいつ～！,That guy~!,romfs\story\spt\f02_000_117_00_t003.spt
ことわる,turn down,romfs\story\spt\f02_010_115_00.spt
ひきうける,be responsible for,romfs\story\spt\f02_010_115_00.spt
下端,lower end,romfs\story\spt\f02_010_115_00.spt
右斜め,diagonally right,romfs\story\spt\f02_010_115_00.spt
左1,Left 1,romfs\story\spt\f02_010_115_00.spt
左3,Left 3,romfs\story\spt\f02_010_115_00.spt
左斜め,diagonally left,romfs\story\spt\f02_010_115_00.spt
横,"side (of a box, etc.)",romfs\story\spt\f02_010_115_00.spt
あ、ちょっ、部長さ――,"Oh, wait, Mr. Director...",romfs\story\spt\f02_010_115_00_t001.spt
あと、たったのふたりだね。,Only two more to go.,romfs\story\spt\f02_010_115_00_t001.spt
うわ,Aaargh!,romfs\story\spt\f02_010_115_00_t001.spt
うんそう。,"Yes, I do.",romfs\story\spt\f02_010_115_00_t001.spt
こ、こんにちは、えと――,"Hi, hello, um--",romfs\story\spt\f02_010_115_00_t001.spt
さて、さっそくだけど新入部員のきみに,"Now, without further ado, I'd like to give you, the new member of the club, a chance to",romfs\story\spt\f02_010_115_00_t001.spt
すぐにでも部員を増やさないと,We need to add more members to the club right away.,romfs\story\spt\f02_010_115_00_t001.spt
それじゃあ、よろしく。,"Well then, nice to meet you.",romfs\story\spt\f02_010_115_00_t001.spt
ちょっと待ってください。,Wait a minute.,romfs\story\spt\f02_010_115_00_t001.spt
てことは…,That means...,romfs\story\spt\f02_010_115_00_t001.spt
なに、たいしたことないんだ。,What? It's no big deal.,romfs\story\spt\f02_010_115_00_t001.spt
なんにんぐらい必要なんです？,How many do you need?,romfs\story\spt\f02_010_115_00_t001.spt
びっくりした！,I was surprised!,romfs\story\spt\f02_010_115_00_t001.spt
ぶ、部長さん？,Sir?,romfs\story\spt\f02_010_115_00_t001.spt
ほんのちょっとだよ。,It's just a little bit.,romfs\story\spt\f02_010_115_00_t001.spt
ぼくは今から大事な会議があるから,I have an important meeting now.,romfs\story\spt\f02_010_115_00_t001.spt
やあ。,Hi.,romfs\story\spt\f02_010_115_00_t001.spt
ウチはなぜだか生徒会長さまに,"For some reason, we were told by the student body president that",romfs\story\spt\f02_010_115_00_t001.spt
今の探検部って、ひょっとしたら,Maybe the current exploration club is a bit like,romfs\story\spt\f02_010_115_00_t001.spt
今後の活動内容を伝えに来たよ。,I'm here to tell you what we're going to do.,romfs\story\spt\f02_010_115_00_t001.spt
全部で４人いればＯＫらしいから,I've heard that four people in all is all that's needed.,romfs\story\spt\f02_010_115_00_t001.spt
全部で４人で、あとふたりって言いましたよね。,"You said there were four in all, and two more to go.",romfs\story\spt\f02_010_115_00_t001.spt
創部のときからロックオンされっぱなしでね。,I've been locked on to the club since its inception.,romfs\story\spt\f02_010_115_00_t001.spt
廃部にするって、今も絶賛おどされ中なんだ。,I'm still getting rave reviews that they're going to close it down.,romfs\story\spt\f02_010_115_00_t001.spt
探検部の未来はきみの双肩にかかってるからね～。,The future of the Exploration Club rests on your shoulders!,romfs\story\spt\f02_010_115_00_t001.spt
期待してるよ。,I'm counting on you.,romfs\story\spt\f02_010_115_00_t001.spt
簡単でしょ？,"Easy, right?",romfs\story\spt\f02_010_115_00_t001.spt
行かなきゃならないんだけど…,I have to go...,romfs\story\spt\f02_010_115_00_t001.spt
覚えてくれてたんだね～、うれしいよ。,I'm glad you remembered - I'm glad you did.,romfs\story\spt\f02_010_115_00_t001.spt
部員って…,I don't know if you're a member of the club...,romfs\story\spt\f02_010_115_00_t001.spt
部員を集めてほしいんだ。,I need you to get the club members together.,romfs\story\spt\f02_010_115_00_t001.spt
部員集め…,Gathering members...,romfs\story\spt\f02_010_115_00_t001.spt
部長さんとオレだけ？？,Just you and me?,romfs\story\spt\f02_010_115_00_t001.spt
ああああ,ah!,romfs\story\spt\f02_010_115_00_t002.spt
こんどはなんですか～？,What is it this time?,romfs\story\spt\f02_010_115_00_t002.spt
ねえちょっと聞きたいんだけど。,"Hey, let me ask you something.",romfs\story\spt\f02_010_115_00_t002.spt
はいはい,giddy-up (to a horse),romfs\story\spt\f02_010_115_00_t002.spt
まいったなあ、も～。,"Oh, man, what a mess!",romfs\story\spt\f02_010_115_00_t002.spt
部長！,Director!,romfs\story\spt\f02_010_115_00_t002.spt
ああ、そういえば…,"Oh, by the way...",romfs\story\spt\f02_010_115_00_t003.spt
あいつ前からわたしと,He's been with me for a while.,romfs\story\spt\f02_010_115_00_t003.spt
ある。,There are.,romfs\story\spt\f02_010_115_00_t003.spt
あんた探検部よね？,"You're the explorer, right?",romfs\story\spt\f02_010_115_00_t003.spt
う、う～ん？,"Umm, hmm?",romfs\story\spt\f02_010_115_00_t003.spt
お…,Oh...,romfs\story\spt\f02_010_115_00_t003.spt
きっとさらわれたんだと思う。,I'm sure they were kidnapped.,romfs\story\spt\f02_010_115_00_t003.spt
くれないの？,You won't give it to me?,romfs\story\spt\f02_010_115_00_t003.spt
するくらいだったら、相談なんてしないわ。,I wouldn't be asking for advice if I didn't have to.,romfs\story\spt\f02_010_115_00_t003.spt
そ、そうみたい。,"Yes, it seems so.",romfs\story\spt\f02_010_115_00_t003.spt
それより――,I'm more interested in...,romfs\story\spt\f02_010_115_00_t003.spt
それより、まだ質問に答えてもらってないわ。,"More importantly, you still haven't answered my question.",romfs\story\spt\f02_010_115_00_t003.spt
そんなに許せないのかしらね～　はぁやだやだ。,I wonder if it's that unforgivable~ hahaha.,romfs\story\spt\f02_010_115_00_t003.spt
だったらなに？,Then what?,romfs\story\spt\f02_010_115_00_t003.spt
とうとう実力行使に出たんだと思う。,I think they finally used force.,romfs\story\spt\f02_010_115_00_t003.spt
どうしてそう思うのさ。,What makes you think that?,romfs\story\spt\f02_010_115_00_t003.spt
どうでもいいでしょそんなこと。,You don't care about that.,romfs\story\spt\f02_010_115_00_t003.spt
どっちかっていうとソレ,It's more like that.,romfs\story\spt\f02_010_115_00_t003.spt
どっちでもいいわ。,Either one is fine.,romfs\story\spt\f02_010_115_00_t003.spt
なのにうまくいかないものだから,And yet it doesn't work.,romfs\story\spt\f02_010_115_00_t003.spt
なんだって！？,What?,romfs\story\spt\f02_010_115_00_t003.spt
の仲に,on the condition of,romfs\story\spt\f02_010_115_00_t003.spt
まったく、しつこいったらありゃしない。,I can't believe how persistent they are.,romfs\story\spt\f02_010_115_00_t003.spt
わたしたちをアイドル部から追い出しただけじゃ,You didn't just kick us out of the idol club.,romfs\story\spt\f02_010_115_00_t003.spt
わたしのパートナー。,My partner.,romfs\story\spt\f02_010_115_00_t003.spt
を探してくれない？,Can you help me find it?,romfs\story\spt\f02_010_115_00_t003.spt
を連れ戻してほしいんだけど。,I'd like you to bring back the,romfs\story\spt\f02_010_115_00_t003.spt
アイドル部１年のアオイ。,Aoi is a freshman in the idol club.,romfs\story\spt\f02_010_115_00_t003.spt
ゼンカぁ？,Zenka?,romfs\story\spt\f02_010_115_00_t003.spt
パートナー…,Partner...,romfs\story\spt\f02_010_115_00_t003.spt
ホントだったら大変だ。,"If it were true, it would be a disaster.",romfs\story\spt\f02_010_115_00_t003.spt
元ってことは、つまり――,Ex means--,romfs\story\spt\f02_010_115_00_t003.spt
元アイドル部なの？,Are you a former member of the Idol Club?,romfs\story\spt\f02_010_115_00_t003.spt
先生に報告したの？,Did you report it to the doctor?,romfs\story\spt\f02_010_115_00_t003.spt
前科があるから。,I have a criminal record.,romfs\story\spt\f02_010_115_00_t003.spt
嫉妬してコンビ解消させようとしてたから。,I was jealous and tried to get them to dissolve the duo.,romfs\story\spt\f02_010_115_00_t003.spt
学院に自分より断然かわいい子がいることが,The fact that there are definitely prettier girls than me at the academy.,romfs\story\spt\f02_010_115_00_t003.spt
引き受けてくれるの？,Will you take it on?,romfs\story\spt\f02_010_115_00_t003.spt
悪い人をつかまえたりするってことよね？,"I mean, catching the bad guys, right?",romfs\story\spt\f02_010_115_00_t003.spt
探検部じゃなくて探偵――,"Not the Explorers, but the Detectives--",romfs\story\spt\f02_010_115_00_t003.spt
探検部ってことは、難しい事件を解決したり,Exploration club means solving hard cases and,romfs\story\spt\f02_010_115_00_t003.spt
朝、目が覚めたらいなくなっていたの。,I woke up in the morning and they were gone.,romfs\story\spt\f02_010_115_00_t003.spt
満足できず、いつまでもネチネチつけねらうとか。,"They are not satisfied, and they are forever pestering you.",romfs\story\spt\f02_010_115_00_t003.spt
犯人の心当たりは？,Any idea who did it?,romfs\story\spt\f02_010_115_00_t003.spt
犯人を見つけ出して、さっさと,Find the culprit and get on with it.,romfs\story\spt\f02_010_115_00_t003.spt
間違いないわ。,Definitely.,romfs\story\spt\f02_010_115_00_t003.spt
頼みがあるんだけど。,Can you do me a favor?,romfs\story\spt\f02_010_115_00_t003.spt
頼み？,Asking for a favor?,romfs\story\spt\f02_010_115_00_t003.spt
…わかったよ。,...I get it.,romfs\story\spt\f02_010_115_00_t004_1.spt
ただし条件がある。,"However, there are conditions.",romfs\story\spt\f02_010_115_00_t004_1.spt
ま、当然よね。,"Well, of course.",romfs\story\spt\f02_010_115_00_t004_1.spt
…やめとく。,...I'll stop.,romfs\story\spt\f02_010_115_00_t004_2.spt
あんたが責任とってくれるわけっ？,"You're going to take the blame for this, aren't you?",romfs\story\spt\f02_010_115_00_t004_2.spt
いいよー。,It's fine.,romfs\story\spt\f02_010_115_00_t004_2.spt
が,and,romfs\story\spt\f02_010_115_00_t004_2.spt
がひどい目にあわされたら,"If you have a bad experience with the ""Mere Old Man.",romfs\story\spt\f02_010_115_00_t004_2.spt
そしたらオレも――,And then I'll--,romfs\story\spt\f02_010_115_00_t004_2.spt
それじゃわたしの,"Well, then, my dear.",romfs\story\spt\f02_010_115_00_t004_2.spt
それにオレ探検部だもん。,"Besides, I'm an explorer.",romfs\story\spt\f02_010_115_00_t004_2.spt
だいたいオレまだ、入部したばっかだぞ。,I've only just joined the club.,romfs\story\spt\f02_010_115_00_t004_2.spt
どうなってもいいってわけ？,So you don't care what happens to them?,romfs\story\spt\f02_010_115_00_t004_2.spt
なんでそうなるんだよっ。,Why is that so?,romfs\story\spt\f02_010_115_00_t004_2.spt
なんでよっ。,Why?,romfs\story\spt\f02_010_115_00_t004_2.spt
勝手にそんなの決められないよ。,You can't make that kind of decision on your own.,romfs\story\spt\f02_010_115_00_t004_2.spt
気が乗らない。,I'm not in the mood.,romfs\story\spt\f02_010_115_00_t004_2.spt
犯人探しなんて関係ないし、…たぶん。,"I don't care about finding the culprit, and...maybe.",romfs\story\spt\f02_010_115_00_t004_2.spt
頼むなら、部長にでも直接相談してよ。,"If you're asking me to do this, you can talk to the department head directly.",romfs\story\spt\f02_010_115_00_t004_2.spt
あれ部長。,That's the director.,romfs\story\spt\f02_010_115_00_t005.spt
いいけど別に。,"Fine, but nothing special.",romfs\story\spt\f02_010_115_00_t005.spt
いつまでも無所属でいると,You'll always be a non-partisan.,romfs\story\spt\f02_010_115_00_t005.spt
いやいや、パートナーも見つかって一石三鳥か。,"No, no, no, you found a partner and killed three birds with one stone.",romfs\story\spt\f02_010_115_00_t005.spt
おもしろそうだから、やっぱりぼくも参加するよ～。,"It sounds interesting, so I'll join in after all!",romfs\story\spt\f02_010_115_00_t005.spt
お得でしょ～。,"It's a good deal, right?",romfs\story\spt\f02_010_115_00_t005.spt
こっちも部員ゲットで、一石二鳥じゃないの。,"We get a club member too, so we're not killing two birds with one stone.",romfs\story\spt\f02_010_115_00_t005.spt
さあ、張り切って調査しようか,"Now, let's get on with the research.",romfs\story\spt\f02_010_115_00_t005.spt
さっき大事な会議がどうとか、言ってませんでした？,Didn't you say something about an important meeting earlier?,romfs\story\spt\f02_010_115_00_t005.spt
それじゃあ、と…,"Okay, then, and...",romfs\story\spt\f02_010_115_00_t005.spt
だってきみ,you,romfs\story\spt\f02_010_115_00_t005.spt
どこの部にも入ってないんでしょ？,"You're not in any club, are you?",romfs\story\spt\f02_010_115_00_t005.spt
ぼくらがきみのパートナーを見つけたら,When we find your partner,romfs\story\spt\f02_010_115_00_t005.spt
よしよしよし。,"All right, all right, all right.",romfs\story\spt\f02_010_115_00_t005.spt
ウチに入れば、その点でも安心だし,"And if you come into our house, you'll be safe in that regard.",romfs\story\spt\f02_010_115_00_t005.spt
探検部に入ること。,To join the exploration club.,romfs\story\spt\f02_010_115_00_t005.spt
条件ってなによ。,What are the conditions?,romfs\story\spt\f02_010_115_00_t005.spt
気が変わった。,I changed my mind.,romfs\story\spt\f02_010_115_00_t005.spt
立場的に苦しくなっていくばかりだよ。,It's only going to get harder from a standpoint.,romfs\story\spt\f02_010_115_00_t005.spt
部長また…,Director also...,romfs\story\spt\f02_010_115_00_t005.spt
さてと、まずは人探しの基本,"Okay, first of all, the basics of finding someone",romfs\story\spt\f02_010_115_00_t006.spt
聞き込み調査から――,From the interviews--,romfs\story\spt\f02_010_115_00_t006.spt
うん、先に探検部に行こう。,"Yeah, let's go to the exploration club first.",romfs\story\spt\f02_010_115_00_t007.spt
と、その前にいろいろ説明しないとか…,"And before I go on, I should explain some things...",romfs\story\spt\f02_010_115_00_t007.spt
探検部で待ってるよ。,I'll be waiting for you in the Exploratorium.,romfs\story\spt\f02_010_115_00_t007.spt
ジャンク置き場前,In front of junk yard,romfs\story\spt\f02_015_161_00.spt
チュートリアル1,Tutorial 1,romfs\story\spt\f02_015_161_00.spt
チュートリアル敵,Tutorial Enemies,romfs\story\spt\f02_015_161_00.spt
ボックス蓋,box cap,romfs\story\spt\f02_015_161_00.spt
会議1,Meeting 1,romfs\story\spt\f02_015_161_00.spt
奥_out,depth_out,romfs\story\spt\f02_015_161_00.spt
…て、あれ？,...and then what?,romfs\story\spt\f02_015_161_00_t011.spt
お待たせしました！,Thank you for your patience!,romfs\story\spt\f02_015_161_00_t011.spt
これからはきみも使うんだし――,And you're going to be using it from now on.,romfs\story\spt\f02_015_161_00_t012.spt
ちょっとね。パーツボックスの整頓をね。,A little bit. I need to rearrange the parts box.,romfs\story\spt\f02_015_161_00_t012.spt
と、その前にスマホ登録が必要なんだった。,And I had to register my phone first.,romfs\story\spt\f02_015_161_00_t012.spt
なにしてるんですか？,What are you doing?,romfs\story\spt\f02_015_161_00_t012.spt
仲間データアプリで探検部に登録して――,Sign up for the Exploratorium in the Fellowship Data app--,romfs\story\spt\f02_015_161_00_t012.spt
あんまり大したことは書いてないけどね。,"It doesn't say much, though.",romfs\story\spt\f02_015_161_00_t013.spt
うん、これで部員のプロフィールが見られるね。,"Yeah, now you can see the profiles of the club members.",romfs\story\spt\f02_015_161_00_t013.spt
これからはネットで通信ロボトルもできちゃうよ。,"From now on, you can do communication robattles on the Internet.",romfs\story\spt\f02_015_161_00_t013.spt
ついでにネットワークアプリも入れといた。,I also added a network application.,romfs\story\spt\f02_015_161_00_t013.spt
それとあと、えーっと…,"And also, um...",romfs\story\spt\f02_015_161_00_t021.spt
というわけで、これがパーツボックスね。,So this is the parts box.,romfs\story\spt\f02_015_161_00_t021.spt
はい、おこづかい。,"Yes, allowance.",romfs\story\spt\f02_015_161_00_t021.spt
はいオッケーと。,"Yes, I said okay.",romfs\story\spt\f02_015_161_00_t021.spt
ま、こんなもんかな。,"Well, I guess this is how it is.",romfs\story\spt\f02_015_161_00_t021.spt
パーツを部員同士で共有する機能がある。,There is the ability to share parts with other members of the department.,romfs\story\spt\f02_015_161_00_t021.spt
ロボトルする直前に転送してみんなで利用するんだ。,"Just before we robattle it, we transfer it and use it for everyone.",romfs\story\spt\f02_015_161_00_t021.spt
入手したパーツはこの中に自動で転送されるから、,"Because the parts you get are automatically transferred into this one,",romfs\story\spt\f02_015_161_00_t021.spt
箱の前でなにかする必要はないよ。,You don't have to do anything in front of the box.,romfs\story\spt\f02_015_161_00_t021.spt
部活動で使うパーツはこの中に入れておいて、,"Keep the parts you use for club activities in here,",romfs\story\spt\f02_015_161_00_t021.spt
いいんですか？,Are you sure?,romfs\story\spt\f02_015_161_00_t022.spt
きみももうリッパな探検部の一員だからねー。,You're already a member of the Rippa Exploration Club!,romfs\story\spt\f02_015_161_00_t022.spt
さあ、その１万円を握りしめて,"Now, grab that 10,000 yen.",romfs\story\spt\f02_015_161_00_t022.spt
といっても、アクティビティレベルの低いうちは,"However, while the activity level is low, the",romfs\story\spt\f02_015_161_00_t022.spt
もちろんですよ、はっはっは。,"Of course, haha.",romfs\story\spt\f02_015_161_00_t022.spt
イチマンエン！,Ichimanen!,romfs\story\spt\f02_015_161_00_t022.spt
新入部員の準備費用。,Preparation costs for new club members.,romfs\story\spt\f02_015_161_00_t022.spt
校舎の中にある購買に行くといい。,You can go to the purchasing office in the school building.,romfs\story\spt\f02_015_161_00_t022.spt
買えるものも少ないと思うけどね。,I don't think there's much you can buy.,romfs\story\spt\f02_015_161_00_t022.spt
部費だよ。,Department fees.,romfs\story\spt\f02_015_161_00_t022.spt
あらかじめ設定したＥＸパーツに限るけどね。,"It's limited to pre-set EX parts, though.",romfs\story\spt\f02_015_161_00_t023.spt
そうそう、パーツ転送といえば…,"Oh yeah, and speaking of parts transfers...",romfs\story\spt\f02_015_161_00_t023.spt
トランスパーツ…　ですか？,Transparts...?,romfs\story\spt\f02_015_161_00_t023.spt
トランスパーツは使ってる？,Do you use trans parts?,romfs\story\spt\f02_015_161_00_t023.spt
最新の公式ルールで採用されたやつ。,The one adopted in the latest official rules.,romfs\story\spt\f02_015_161_00_t023.spt
転送できるのはロボトル中にいちど、リーダーだけ。,Only the leader can transfer once during the lot.,romfs\story\spt\f02_015_161_00_t023.spt
じゃちょっと練習してみようか。,Then let's practice a little.,romfs\story\spt\f02_015_161_00_t031.spt
だいじょぶだいじょぶ。,"It's fine, it's fine.",romfs\story\spt\f02_015_161_00_t031.spt
ついてきて。,Follow me.,romfs\story\spt\f02_015_161_00_t031.spt
なんとな～くわかるようになるからさ。,You'll get a vague idea of what's going on.,romfs\story\spt\f02_015_161_00_t031.spt
は、はあ…,"Ha, ha...",romfs\story\spt\f02_015_161_00_t031.spt
わかった？,Do you understand?,romfs\story\spt\f02_015_161_00_t031.spt
今はピンと来なくても使ってるうちに,"Even if it doesn't feel right now, as you use it.",romfs\story\spt\f02_015_161_00_t031.spt
さて、ロボトルできそうなメダロットは～,"Now, the medabots that could be lobotomized are",romfs\story\spt\f02_016_162_00_t011.spt
…聞き込み調査？,...Interviews?,romfs\story\spt\f02_016_162_00_t012.spt
うん、こんなもんだね。,"Yeah, it's like this.",romfs\story\spt\f02_016_162_00_t012.spt
さあ行こう。,Let's go.,romfs\story\spt\f02_016_162_00_t012.spt
さて行こうか。,"Well, let's go.",romfs\story\spt\f02_016_162_00_t012.spt
それそれ。,That's it.,romfs\story\spt\f02_016_162_00_t012.spt
なんだっけ、ええと。,"What was it, uh.",romfs\story\spt\f02_016_162_00_t012.spt
アイドル部の女の子が怪しいんだっけ。,I thought the girls in the idol club were suspicious.,romfs\story\spt\f02_016_162_00_t012.spt
ストッパー,stopper,romfs\story\spt\f02_020_163_00.spt
ストッパー戻り位置,Stopper return position,romfs\story\spt\f02_020_163_00.spt
生徒女3年_F,"Student Woman, 3rd year_F",romfs\story\spt\f02_020_163_00.spt
ストップ！　きみたち！,STOP!　Guys!,romfs\story\spt\f02_020_163_00_t001.spt
ジャマしないであげてくれる？,Can you get him out of my way?,romfs\story\spt\f02_020_163_00_t002.spt
悪いんだけど彼女、通しで練習中なの。,"Sorry, but she's practicing through.",romfs\story\spt\f02_020_163_00_t002.spt
アオイ_メダ,Aoi_Meda,romfs\story\spt\f02_020_163_10.spt
アオイ_メダ鏡,Aoi_meda_mirror,romfs\story\spt\f02_020_163_10.spt
アオイ鏡,mimeoscope,romfs\story\spt\f02_020_163_10.spt
カーテン,curtains,romfs\story\spt\f02_020_163_10.spt
カーテン半,curtain half-way up,romfs\story\spt\f02_020_163_10.spt
回想_アオイ,Recollection_Aoi,romfs\story\spt\f02_020_163_10.spt
は～い、そこまで！,"Yes, that's enough!",romfs\story\spt\f02_020_163_10_t001.spt
…ふう。,...Fu.,romfs\story\spt\f02_020_163_10_t002.spt
ありがとうございます部長！,"Thank you, Director!",romfs\story\spt\f02_020_163_10_t002.spt
い、いえ…　あ。,"No, no... Oh.",romfs\story\spt\f02_020_163_10_t002.spt
おつかれアオイ！　フローラ！,"Good night, Aoi!　Flora!",romfs\story\spt\f02_020_163_10_t002.spt
きっと昨日よく眠れなくて、それで…,"I must not have slept well last night, so...",romfs\story\spt\f02_020_163_10_t002.spt
そう？　だったらいいけどさ。,Really?　I hope so.,romfs\story\spt\f02_020_163_10_t002.spt
はい。,Yes.,romfs\story\spt\f02_020_163_10_t002.spt
らしくないけど、どしたの？,It doesn't sound like you. What's wrong?,romfs\story\spt\f02_020_163_10_t002.spt
ん～、今日はいまいちキレないねえ。,Hmmm...not so sharp today.,romfs\story\spt\f02_020_163_10_t002.spt
寝ぶそくのせいだと思います。すみません！,I think it's the sleep deprivation. Sorry!,romfs\story\spt\f02_020_163_10_t002.spt
気分わるいなら、ちゃんと言うんだよ。,"If you don't feel good, say so.",romfs\story\spt\f02_020_163_10_t002.spt
探検部長1,Director of Exploration 1,romfs\story\spt\f02_030_163_00.spt
部長,head of a (school) club,romfs\story\spt\f02_030_163_00.spt
あら？,Oh?,romfs\story\spt\f02_030_163_00_t001.spt
いいかな？,May I?,romfs\story\spt\f02_030_163_00_t002.spt
きみ、アオイさんだよね？,"You're Aoi, right?",romfs\story\spt\f02_030_163_00_t002.spt
こ、こんにちは。,Hello.,romfs\story\spt\f02_030_163_00_t002.spt
ちょっと聞きたいことがあってさ。,I just wanted to ask you something.,romfs\story\spt\f02_030_163_00_t002.spt
って知ってる？,Did you know that?,romfs\story\spt\f02_030_163_00_t002.spt
なんでしょうか。,What is it?,romfs\story\spt\f02_030_163_00_t002.spt
はい、そうですけど。,"Yes, but.",romfs\story\spt\f02_030_163_00_t002.spt
あっ。,Ah.,romfs\story\spt\f02_030_163_00_t102.spt
しまった,damn!,romfs\story\spt\f02_030_163_00_t102.spt
すいません、また来ます！,"Sorry, I'll be back!",romfs\story\spt\f02_030_163_00_t102.spt
はい、こんにちは。,"Yes, hello.",romfs\story\spt\f02_030_163_00_t102.spt
先に部室来るよう部長に言われてたんだった…,The head of the club told me to come to the clubroom first...,romfs\story\spt\f02_030_163_00_t102.spt
あ、ごめんなさい。,"Oh, I'm sorry.",romfs\story\spt\f02_030_163_10_t001.spt
うん実はね。,"Yes, actually.",romfs\story\spt\f02_030_163_10_t001.spt
か？,Is it?,romfs\story\spt\f02_030_163_10_t001.spt
このままだと、倒れてしまうんじゃないかと,"I thought if I didn't, I'd collapse.",romfs\story\spt\f02_030_163_10_t001.spt
そう、なんです,"Yes, what is it?",romfs\story\spt\f02_030_163_10_t001.spt
それとあと――,And also...,romfs\story\spt\f02_030_163_10_t001.spt
でしたね。,It was.,romfs\story\spt\f02_030_163_10_t001.spt
と仲良しでしょ。,You are good friends with,romfs\story\spt\f02_030_163_10_t001.spt
はい、もちろん知ってます。,"Yes, of course I know.",romfs\story\spt\f02_030_163_10_t001.spt
もしなにかわかったら、すぐにお知らせします。,"If we learn anything, we will let you know immediately.",romfs\story\spt\f02_030_163_10_t001.spt
ものすごく心配していてね。,I was extremely worried.,romfs\story\spt\f02_030_163_10_t001.spt
ミオくん、,"Mio-kun,",romfs\story\spt\f02_030_163_10_t001.spt
ミオのパートナーですよね。,You are Mio's partner.,romfs\story\spt\f02_030_163_10_t001.spt
失礼します。,Excuse me.,romfs\story\spt\f02_030_163_10_t001.spt
彼女がどうしたんですか？,What about her?,romfs\story\spt\f02_030_163_10_t001.spt
心配でねえ。,I'm worried.,romfs\story\spt\f02_030_163_10_t001.spt
昨日から一睡もしてないし,I haven't slept a wink since yesterday.,romfs\story\spt\f02_030_163_10_t001.spt
行方不明になっちゃったんだ。,I've gone missing.,romfs\story\spt\f02_030_163_10_t001.spt
頼むよ。,Please.,romfs\story\spt\f02_030_163_10_t001.spt
食事もノドを通らないみたいで,He can't seem to get any food down his throat.,romfs\story\spt\f02_030_163_10_t001.spt
実にわかりやすい反応だね。,That's a very understandable reaction.,romfs\story\spt\f02_030_163_10_t002.spt
行っちゃった…,He's gone...,romfs\story\spt\f02_030_163_10_t002.spt
あるんだ女子寮！,There is a women's dormitory!,romfs\story\spt\f02_040_150_00_t001.spt
うん知ってる、いっしょのクラスだもん。,"Yes, I know, we are in the same class.",romfs\story\spt\f02_040_150_00_t001.spt
え？　女子寮だけど…,What?　It's a women's dormitory...,romfs\story\spt\f02_040_150_00_t001.spt
さっきすれ違ったばっかだよ。,We just passed each other.,romfs\story\spt\f02_040_150_00_t001.spt
アオイ？,Aoi?,romfs\story\spt\f02_040_150_00_t001.spt
寮に戻ってきたとこじゃないかな？,I think he just got back to his dorm.,romfs\story\spt\f02_040_150_00_t001.spt
寮？,Dormitory?,romfs\story\spt\f02_040_150_00_t001.spt
当たり前でしょ？,Isn't it obvious?,romfs\story\spt\f02_040_150_00_t001.spt
アオイ目撃情報フォロー,Aoi Sighting Follow-up,romfs\story\spt\f02_040_150_05.spt
女子寮へ,To the women's dormitory,romfs\story\spt\f02_040_150_05.spt
生徒女1年_E,"Student Woman, 1st year_E",romfs\story\spt\f02_040_150_05.spt
生徒女1年_E_メダ,Student Woman 1st_Year_E_Med.,romfs\story\spt\f02_040_150_05.spt
ちょっと！,Sort of!,romfs\story\spt\f02_040_150_05_t011.spt
…アオイ？,...Aoi?,romfs\story\spt\f02_040_150_05_t012.spt
え,(after a noun) used when calling out to someone,romfs\story\spt\f02_040_150_05_t012.spt
ていうか、知らないで行こうとしてたの？,"I mean, were you going to go there without knowing?",romfs\story\spt\f02_040_150_05_t012.spt
とくにドコってわけじゃないんだけど…,It's not really a place...,romfs\story\spt\f02_040_150_05_t012.spt
どこ行くの？,Where are you going?,romfs\story\spt\f02_040_150_05_t012.spt
なんだ、てっきりノゾキかと思った。,I thought it was Nozoki.,romfs\story\spt\f02_040_150_05_t012.spt
もちろん知ってる。いっしょのクラスだもん。,Of course I know. We are in the same class.,romfs\story\spt\f02_040_150_05_t012.spt
アオイさんっていう,Her name is Aoi.,romfs\story\spt\f02_040_150_05_t012.spt
人を探してるんだ。,I'm looking for someone.,romfs\story\spt\f02_040_150_05_t012.spt
１年生の女の子なんだけど、きみ知ってる？,"I'm a first year girl, do you know me?",romfs\story\spt\f02_040_150_05_t012.spt
え、ダメなんですか？,"Oh, no?",romfs\story\spt\f02_040_150_10_t001.spt
おいおい,"Hey, hey, hey.",romfs\story\spt\f02_040_150_10_t001.spt
くん,native Japanese reading (rendering) of a Chinese character,romfs\story\spt\f02_040_150_10_t001.spt
でも今は忙しいからね、あとにしよう。,"But I'm busy now, we'll talk later.",romfs\story\spt\f02_040_150_10_t001.spt
どこ行くの。,Where to go.,romfs\story\spt\f02_040_150_10_t001.spt
ダメではないよ。それはそれで、おもしろそうだ。,It's not a no-no. That would be interesting.,romfs\story\spt\f02_040_150_10_t001.spt
やめとこ。,Don't do it.,romfs\story\spt\f02_040_150_10_t002.spt
え、戻るんじゃないんですか？,"Oh, aren't you going back?",romfs\story\spt\f02_040_150_20_t001.spt
え。,Eh.,romfs\story\spt\f02_040_150_20_t001.spt
それじゃせっかく来たイミがないでしょ。,"That's not the point of coming all this way, is it?",romfs\story\spt\f02_040_150_20_t001.spt
だからそれを追おうって話だよ。,So I'm talking about going after that.,romfs\story\spt\f02_040_150_20_t001.spt
ほ…,Ho...,romfs\story\spt\f02_040_150_20_t001.spt
入るったって、でも彼女,"I'm in, but she's...",romfs\story\spt\f02_040_150_20_t001.spt
入ろうよ。,Let's go in.,romfs\story\spt\f02_040_150_20_t001.spt
大丈夫だいじょうぶ。,"It's all right, it's all right.",romfs\story\spt\f02_040_150_20_t001.spt
女子寮に入っちゃったみたいですけど。,I think I've ended up in a women's dormitory.,romfs\story\spt\f02_040_150_20_t001.spt
見つからなければ、どうということはない。,"If you don't find it, it doesn't matter.",romfs\story\spt\f02_040_150_20_t001.spt
女子寮,women's dormitory,romfs\story\spt\f02_050_150_00.spt
女子寮カメラ,Women's Dormitory Camera,romfs\story\spt\f02_050_150_00.spt
女子寮注視点,Women's dormitory points of interest,romfs\story\spt\f02_050_150_00.spt
女子寮発見主人公1,Discovery of women's dormitory protagonist 1,romfs\story\spt\f02_050_150_00.spt
女子寮発見探検部長1,Director of Women's Dormitory Discovery and Exploration 1,romfs\story\spt\f02_050_150_00.spt
女子寮…　これか！,Women's dormitory... this is it!,romfs\story\spt\f02_050_150_00_t001.spt
ええ！,Yes!,romfs\story\spt\f02_050_150_00_t002.spt
そうかい。,"Oh, yeah.",romfs\story\spt\f02_050_150_00_t002.spt
そもそも寮なんて丸きり,"In the first place, dormitories are a whole lot of fun.",romfs\story\spt\f02_050_150_00_t002.spt
ましてや女子寮なんて…,And much less a women's dormitory...,romfs\story\spt\f02_050_150_00_t002.spt
初めて見たんですよ女子寮なんて。,It was the first time I saw a women's dormitory.,romfs\story\spt\f02_050_150_00_t002.spt
縁なかったですから、ここ来るまで。,I didn't have any connections before I came here.,romfs\story\spt\f02_050_150_00_t002.spt
部長オレ…,Chief Ole...,romfs\story\spt\f02_050_150_00_t002.spt
アオイ1,Aoi 1,romfs\story\spt\f02_060_152_00.spt
アオイ2,Aoi 2,romfs\story\spt\f02_060_152_00.spt
アオイの部屋out,Aoi room out,romfs\story\spt\f02_060_152_00.spt
アオイの部屋へ,Go to Aoi's room.,romfs\story\spt\f02_060_152_00.spt
アオイ発見,I found a mallow.,romfs\story\spt\f02_060_152_00.spt
ブライトネス1,Brightness 1,romfs\story\spt\f02_060_152_00.spt
扉1,Door 1,romfs\story\spt\f02_060_152_00.spt
…あ。,...Oh.,romfs\story\spt\f02_060_152_00_t001.spt
ム…！,M...!,romfs\story\spt\f02_060_152_00_t001.spt
お部屋みたいだね。,It looks like a room.,romfs\story\spt\f02_060_152_00_t002.spt
どうやら、あそこがアオイさんの,"Apparently, that's where Aoi's",romfs\story\spt\f02_060_152_00_t002.spt
逃走,escape,romfs\story\spt\f02_070_150_20.spt
逃走カメラ,escape camera,romfs\story\spt\f02_070_150_20.spt
アオイの部屋前,In front of Aoi's room,romfs\story\spt\f02_070_152_00.spt
そうだね。,"Yes, it is.",romfs\story\spt\f02_070_152_00_t001.spt
どうします？,What do we do?,romfs\story\spt\f02_070_152_00_t001.spt
どう？,How's it going?,romfs\story\spt\f02_070_152_00_t001.spt
なんて？,What?,romfs\story\spt\f02_070_152_00_t001.spt
へたに考える時間を与えると面倒だから――,It's too much trouble to give them time to think--,romfs\story\spt\f02_070_152_00_t001.spt
まあ、通話の可能性もあるけども。,"Well, it could be a call.",romfs\story\spt\f02_070_152_00_t001.spt
入っちゃおう。,Let's go in.,romfs\story\spt\f02_070_152_00_t001.spt
小さくて、よく…,"Small, well...",romfs\story\spt\f02_070_152_00_t001.spt
少なくとも、ひとりじゃないってことだね。,At least it means you're not alone.,romfs\story\spt\f02_070_152_00_t001.spt
話し声が聞こえます。,You can hear them talking.,romfs\story\spt\f02_070_152_00_t001.spt
あっ、ちょっ、,"Oh, hey,",romfs\story\spt\f02_070_152_00_t002.spt
窓方向,Window direction,romfs\story\spt\f02_070_153_10.spt
窓際左,left near the window,romfs\story\spt\f02_070_153_10.spt
きみがいなくなって,You're gone.,romfs\story\spt\f02_070_153_10_t001.spt
ところで、そこのきみ,"By the way, you there.",romfs\story\spt\f02_070_153_10_t001.spt
ぼかぁ心配でシンパイで――,I'm worried about you. I'm worried about you.,romfs\story\spt\f02_070_153_10_t001.spt
やあ、急にごめん。,"Hey, sorry for the suddenness.",romfs\story\spt\f02_070_153_10_t001.spt
ミオくん、とても心配していたよ。,"Mio, I was very worried about you.",romfs\story\spt\f02_070_153_10_t001.spt
ミオくんの相棒でしょ？,"You're Mio's partner, right?",romfs\story\spt\f02_070_153_10_t001.spt
怪しいものじゃないので安心して。,"Don't worry, it's not shady.",romfs\story\spt\f02_070_153_10_t001.spt
…さて。,...Well.,romfs\story\spt\f02_070_153_30_t001.spt
できるなアイツ！,"He can do it, can't he?",romfs\story\spt\f02_070_153_30_t001.spt
どうしても知りたければ本人に聞いてください。,"If you must know, ask him.",romfs\story\spt\f02_070_153_30_t001.spt
どうしても？,Why not?,romfs\story\spt\f02_070_153_30_t001.spt
はい、約束ですから。,"Yes, I promise.",romfs\story\spt\f02_070_153_30_t001.spt
やるなアイツ！,That guy's good!,romfs\story\spt\f02_070_153_30_t001.spt
わかったよ。,I understand.,romfs\story\spt\f02_070_153_30_t001.spt
彼女がこの部屋にいたワケを,I want to know why she was in this room.,romfs\story\spt\f02_070_153_30_t001.spt
教えてくれるかな。,I wonder if you can tell me.,romfs\story\spt\f02_070_153_30_t001.spt
本人に、か。,"To the person, huh?",romfs\story\spt\f02_070_153_30_t001.spt
止める間もなかったねえ。,I didn't even have time to stop.,romfs\story\spt\f02_070_153_30_t001.spt
行こうか,Shall we go?,romfs\story\spt\f02_070_153_30_t001.spt
話せません。,I can't talk.,romfs\story\spt\f02_070_153_30_t001.spt
飛んだぞ！,It flew!,romfs\story\spt\f02_070_153_30_t001.spt
ゴミ箱,trash can,romfs\story\spt\f02_080_150_10.spt
ゴミ箱カメラ,Trash can camera,romfs\story\spt\f02_080_150_10.spt
ゴミ箱移動,Trash Movement,romfs\story\spt\f02_080_150_10.spt
出口矢印_倉庫,Exit arrow_warehouse,romfs\story\spt\f02_080_150_10.spt
裏口out,back door,romfs\story\spt\f02_080_150_10.spt
あてっ！,Acknowledgement!,romfs\story\spt\f02_080_150_10_t001.spt
うん、それじゃあ――,"Yeah, well...",romfs\story\spt\f02_080_150_10_t002.spt
な、なんとか。,"Nah, somehow.",romfs\story\spt\f02_080_150_10_t002.spt
無事？,Safe?,romfs\story\spt\f02_080_150_10_t002.spt
彼女が向かったのは、この先だね。,So that's where she was headed.,romfs\story\spt\f02_080_150_10_t003.spt
追ってみようか。,Let's chase it up.,romfs\story\spt\f02_080_150_10_t003.spt
ドア前,front of door,romfs\story\spt\f02_080_153_00.spt
窓際中央,Center by window,romfs\story\spt\f02_080_153_00.spt
…はい？,...Yes?,romfs\story\spt\f02_080_153_00_t001.spt
待ってください！,Please wait!,romfs\story\spt\f02_080_153_00_t001.spt
あなたたちが初めてのケースじゃないですか？,Aren't you guys the first case?,romfs\story\spt\f02_080_153_00_t002.spt
え、ここアオイの部屋じゃない。,"Eh, this is not Aoi's room.",romfs\story\spt\f02_080_153_00_t002.spt
きっとまだ中にいるはずよ！,I'm sure they're still in there!,romfs\story\spt\f02_080_153_00_t002.spt
ここに入ってったの！,I walked in here!,romfs\story\spt\f02_080_153_00_t002.spt
ここよ！,Here we are!,romfs\story\spt\f02_080_153_00_t002.spt
さあ、前例は聞いたことがないですけど…,"Come on, I've never heard of a precedent...",romfs\story\spt\f02_080_153_00_t002.spt
そっち行かずに、こっから出たいのだろ？,"You want to get out of here without going that way, don't you?",romfs\story\spt\f02_080_153_00_t002.spt
そっち行かずに、こっから出たいんだろ？,"You want to get out of here without going that way, don't you?",romfs\story\spt\f02_080_153_00_t002.spt
そんなのヤです！,I don't want to do that!,romfs\story\spt\f02_080_153_00_t002.spt
だったら…,Then...,romfs\story\spt\f02_080_153_00_t002.spt
つ…,Ts...,romfs\story\spt\f02_080_153_00_t002.spt
つかまったら、どうなるんですか！？,What happens if you get grabbed!,romfs\story\spt\f02_080_153_00_t002.spt
どうしたんだい,what's the matter?,romfs\story\spt\f02_080_153_00_t002.spt
どうする？,What do we do?,romfs\story\spt\f02_080_153_00_t002.spt
なあなあ。,"Hey, come on.",romfs\story\spt\f02_080_153_00_t002.spt
ならば…,Then...,romfs\story\spt\f02_080_153_00_t002.spt
なんかワチャワチャしてるけど,It's all a bit of a mess.,romfs\story\spt\f02_080_153_00_t002.spt
はっはっは。,Haha.,romfs\story\spt\f02_080_153_00_t002.spt
まずは寮母さんに連絡を――,"First, call the matron--",romfs\story\spt\f02_080_153_00_t002.spt
やめたほうがいいと思います。,I think you should stop.,romfs\story\spt\f02_080_153_00_t002.spt
ウソじゃないってば！,I'm not lying!,romfs\story\spt\f02_080_153_00_t002.spt
サイアク病院経由退学コースもあり得るねえ。,I can see a course of expulsion from school via a psychedelic hospital.,romfs\story\spt\f02_080_153_00_t002.spt
ホントにぃ？,Really?,romfs\story\spt\f02_080_153_00_t002.spt
今ここから出るのは,I'm getting out of here now.,romfs\story\spt\f02_080_153_00_t002.spt
先に確かめたほうが――,I'd better make sure before--,romfs\story\spt\f02_080_153_00_t002.spt
入ったばかりで退学なんてっ,I can't believe I just got in and got kicked out.,romfs\story\spt\f02_080_153_00_t002.spt
困りますよー！,I'm in trouble!,romfs\story\spt\f02_080_153_00_t002.spt
笑いごとじゃないです！,It's not funny!,romfs\story\spt\f02_080_153_00_t002.spt
ええ！？,Yeah!,romfs\story\spt\f02_080_153_00_t003.spt
ここからかっこよく飛び降りようぜ！,Let's make a cool jump from here!,romfs\story\spt\f02_080_153_00_t003.spt
ここからかっこよく飛び降りようではないか。,Let's jump off from here in a cool way.,romfs\story\spt\f02_080_153_00_t003.spt
さっきのアイツみたく,Just like that guy back there.,romfs\story\spt\f02_080_153_00_t003.spt
…う。,...I guess.,romfs\story\spt\f02_080_153_00_t004.spt
けどっ！,But!,romfs\story\spt\f02_080_153_00_t004.spt
こわいのか？,Are you scared?,romfs\story\spt\f02_080_153_00_t004.spt
こわくなんてない！,I'm not scared!,romfs\story\spt\f02_080_153_00_t004.spt
じゃ問題ないな！,Then it's not a problem!,romfs\story\spt\f02_080_153_00_t004.spt
たぶん。,Probably.,romfs\story\spt\f02_080_153_00_t004.spt
とうっ！,Tou!,romfs\story\spt\f02_080_153_00_t004.spt
どうした,how,romfs\story\spt\f02_080_153_00_t004.spt
ならば問題なかろう。,Then there should be no problem.,romfs\story\spt\f02_080_153_00_t004.spt
ん～まあ、飛べない高さじゃないよね。,"Hmmm...well, it's not a height you can't fly.",romfs\story\spt\f02_080_153_00_t004.spt
おー。,Oooh.,romfs\story\spt\f02_080_153_00_t005.spt
じゃ、ぼくらもがんばって続こうか。,"Then, let's do our best to follow suit.",romfs\story\spt\f02_080_153_00_t005.spt
ちゃんは大丈夫？,Are you okay?,romfs\story\spt\f02_080_153_00_t005.spt
ワタシは平気ヨ。行きまショ。,I'm fine. I'm going.,romfs\story\spt\f02_080_153_00_t005.spt
退学はイヤだ。,I don't want to be expelled.,romfs\story\spt\f02_080_153_00_t006.spt
あ、なんでもないです。,"Oh, it's nothing.",romfs\story\spt\f02_080_153_00_t007.spt
うるさくしちゃってごめんね、アオイさん。,"Sorry for being so loud, Aoi.",romfs\story\spt\f02_080_153_00_t007.spt
けど、その前に――,But first--,romfs\story\spt\f02_080_153_00_t007.spt
それからあと、ミオのこと――,"Then later, about Mio--",romfs\story\spt\f02_080_153_00_t007.spt
それより…,I'd rather...,romfs\story\spt\f02_080_153_00_t007.spt
廊下の女の子たちには、その…,"The girls in the hallway, the...",romfs\story\spt\f02_080_153_00_t007.spt
彼女のこと、よろしくお願いします。,Please take care of her.,romfs\story\spt\f02_080_153_00_t007.spt
心配しないで、あなたたちのことは話しませんから。,"Don't worry, we won't talk about you guys.",romfs\story\spt\f02_080_153_00_t007.spt
行ってください。,Please go.,romfs\story\spt\f02_080_153_00_t007.spt
せ―――のっ,Ready...,romfs\story\spt\f02_080_153_00_t008.spt
イベント1カメラ,Event 1 Camera,romfs\story\spt\f02_090_200_00.spt
なんでしょうか、あれは…,What is that...,romfs\story\spt\f02_090_200_00_t001.spt
ずいぶん寂れた建物ですね。,It is a very desolate building.,romfs\story\spt\f02_090_200_00_t002.spt
まあ、めったに人も来ないし,"Well, people rarely come here.",romfs\story\spt\f02_090_200_00_t002.spt
今は学校の倉庫みたいになってる。,Now it looks like a school warehouse.,romfs\story\spt\f02_090_200_00_t002.spt
当時、使われていた施設らしいね。,I heard it was a facility used at the time.,romfs\story\spt\f02_090_200_00_t002.spt
当時？,At the time?,romfs\story\spt\f02_090_200_00_t002.spt
リョウマ0,Ryoma 0,romfs\story\spt\f02_100_210_00.spt
リョウマ登場,Appearance of Ryoma,romfs\story\spt\f02_100_210_00.spt
止まれ。,Stop.,romfs\story\spt\f02_100_210_00_t001.spt
俺がいいと言うまで動くな。,Don't move until I say it's okay.,romfs\story\spt\f02_100_210_00_t002.spt
い、いえ。,"No, no.",romfs\story\spt\f02_100_210_00_t003.spt
もう動いてもいいぞ、すまんな。,"You can move on now, sorry.",romfs\story\spt\f02_100_210_00_t003.spt
大事な部品が転がっていたのでな。,I had some important parts lying around.,romfs\story\spt\f02_100_210_00_t003.spt
…だそうだ。,...he said.,romfs\story\spt\f02_100_210_00_t004.spt
…どうだ,Well... what do you think?,romfs\story\spt\f02_100_210_00_t004.spt
ああ。,Oh.,romfs\story\spt\f02_100_210_00_t004.spt
あんたか…,You...,romfs\story\spt\f02_100_210_00_t004.spt
あ？　調子？,Huh?　The tone?,romfs\story\spt\f02_100_210_00_t004.spt
ここはジャマが入らなくていい。,No jammers can enter here.,romfs\story\spt\f02_100_210_00_t004.spt
これメダチェンジ機体だよね。,This is a med-change aircraft.,romfs\story\spt\f02_100_210_00_t004.spt
こんなところで、なにしてるの？,What are you doing here?,romfs\story\spt\f02_100_210_00_t004.spt
そういやテストがどうとか言ってたねえ。,"Well, you said something about a test, didn't you?",romfs\story\spt\f02_100_210_00_t004.spt
それは当人に聞いてみないとな。,I'll have to ask the person in question about that.,romfs\story\spt\f02_100_210_00_t004.spt
それも、メダチェンジ機体ってことは――,"And if it's a med-change aircraft, that means--",romfs\story\spt\f02_100_210_00_t004.spt
そんなところだ。,That's about it.,romfs\story\spt\f02_100_210_00_t004.spt
めったには…　だがな。,Rarely... but...,romfs\story\spt\f02_100_210_00_t004.spt
もうちっと遊ばしてくんねーとな。,You've got to let me play a little more.,romfs\story\spt\f02_100_210_00_t004.spt
やあどもリョウマくん,"Hey there, Mr. Ryoma.",romfs\story\spt\f02_100_210_00_t004.spt
ようやく、ひとそろい集まったはいいが,"Finally, we have all gathered, but it's good.",romfs\story\spt\f02_100_210_00_t004.spt
わかんねーぞ、そんなの。,"I don't know, man, I don't know that.",romfs\story\spt\f02_100_210_00_t004.spt
チューニングを続けている、というわけだ。,"We keep tuning in, that's why.",romfs\story\spt\f02_100_210_00_t004.spt
パーツのメンテナンスだ。,Parts maintenance.,romfs\story\spt\f02_100_210_00_t004.spt
ブルーサブマリン,blue submarine,romfs\story\spt\f02_100_210_00_t004.spt
リョウマ_メダ,Ryoma_Meda,romfs\story\spt\f02_100_210_00_t004.spt
久しぶり～。,It's been a while~.,romfs\story\spt\f02_100_210_00_t004.spt
変形すれば、最大で競艇用エンジンなみの,"If transformed, it can be as large as a racing boat engine.",romfs\story\spt\f02_100_210_00_t004.spt
実戦データをとりながら,While taking actual battle data,romfs\story\spt\f02_100_210_00_t004.spt
推進力がでるんですよね？　すごいや！,"It gives you propulsion, right?　That's amazing!",romfs\story\spt\f02_100_210_00_t004.spt
故障でもしてるのかい？,Are you having a breakdown?,romfs\story\spt\f02_100_210_00_t004.spt
潜水タイプかな？,Is it a diving type?,romfs\story\spt\f02_100_210_00_t004.spt
潜水タイプ！,Diving type!,romfs\story\spt\f02_100_210_00_t004.spt
状態のバラつきがひどくてな。,There's a terrible variation in condition.,romfs\story\spt\f02_100_210_00_t004.spt
詳しいな。,You know the ins and outs.,romfs\story\spt\f02_100_210_00_t004.spt
調子はどうなの？,How are you doing?,romfs\story\spt\f02_100_210_00_t004.spt
調整がうまくいけば、の話だがな。,That's if the coordination works.,romfs\story\spt\f02_100_210_00_t004.spt
メダルは入っていないみたいだ。,There don't seem to be any medals in it.,romfs\story\spt\f02_100_210_00_t011.spt
潜水メダチェンジ機体のパーツ一式。,A complete set of parts for a submersible meda change aircraft.,romfs\story\spt\f02_100_210_00_t011.spt
…は？,...is?,romfs\story\spt\f02_110_210_00_t001.spt
お前たちに頼む…　という手もあるか。,I could ask you guys to do it....,romfs\story\spt\f02_110_210_00_t001.spt
お前とうちの相棒は、相性が良さそうだ。,You and my partner seem to be a good match.,romfs\story\spt\f02_110_210_00_t001.spt
お前のパーツいいなっ！,I like your parts!,romfs\story\spt\f02_110_210_00_t001.spt
きっといい戦いができるだろう。,I am sure we will have a good fight.,romfs\story\spt\f02_110_210_00_t001.spt
この学院の「ロボトルしようぜ！」の合図はＹだ。,"This academy's ""Let's robattle!"" The signal for ""Let's robattle!"" is Y.",romfs\story\spt\f02_110_210_00_t001.spt
それは――,It's--,romfs\story\spt\f02_110_210_00_t001.spt
だろっ。,Id.,romfs\story\spt\f02_110_210_00_t001.spt
どうした。,What's up.,romfs\story\spt\f02_110_210_00_t001.spt
なんでしょう？,What is it?,romfs\story\spt\f02_110_210_00_t001.spt
に？,to?,romfs\story\spt\f02_110_210_00_t001.spt
オレと,with me,romfs\story\spt\f02_110_210_00_t001.spt
オレやる！,I'll do it!,romfs\story\spt\f02_110_210_00_t001.spt
ロボトルの相手を頼めないか？,Could you please take care of Robottle for me?,romfs\story\spt\f02_110_210_00_t001.spt
助かる。,It helps.,romfs\story\spt\f02_110_210_00_t001.spt
実戦テストが必要なんだ。,We need a real-world test.,romfs\story\spt\f02_110_210_00_t001.spt
準備ができたら俺にＹボタンで話しかけてくれ。,"When you're ready, talk to me with the Y button.",romfs\story\spt\f02_110_210_00_t001.spt
準備ができたらＹボタンで合図をくれ。,"When you're ready, signal me with the Y button.",romfs\story\spt\f02_110_210_00_t001.spt
頼まれた！,Asked for!,romfs\story\spt\f02_110_210_00_t001.spt
さっそく始めてもいいか？,Can we get started right away?,romfs\story\spt\f02_110_210_00_t002.spt
ロボトルの実戦テスト,A real-world test of the Robottle,romfs\story\spt\f02_110_210_00_t002.spt
おう！,Oh!,romfs\story\spt\f02_110_210_00_t003_1.spt
よし…,Okay...,romfs\story\spt\f02_110_210_00_t003_1.spt
来いっ！,Come on!,romfs\story\spt\f02_110_210_00_t003_1.spt
行くぞっ。,Let's go.,romfs\story\spt\f02_110_210_00_t003_1.spt
せかしてすまんな。,Sorry to rush you.,romfs\story\spt\f02_110_210_00_t003_2.spt
そうか、ならいいんだ。,"Okay, then that's fine.",romfs\story\spt\f02_110_210_00_t003_2.spt
強いな。,Strong.,romfs\story\spt\f02_110_210_00_t004_1.spt
すまんな。,Sorry about that.,romfs\story\spt\f02_110_210_00_t004_2.spt
あとは地形テストだ。,Now it's time to test the terrain.,romfs\story\spt\f02_110_210_00_t005.spt
しかし、テストとしては悪くない結果だ。,But not a bad result for a test.,romfs\story\spt\f02_110_210_00_t005.spt
しかし遠出するには時間がな…,But time is short to travel far...,romfs\story\spt\f02_110_210_00_t005.spt
それじゃあ,"Okay, then.",romfs\story\spt\f02_110_210_00_t005.spt
ほぼ期待どおりに動けたと思う。,I think it worked almost exactly as expected.,romfs\story\spt\f02_110_210_00_t005.spt
まあ明日だな。,"Well, tomorrow.",romfs\story\spt\f02_110_210_00_t005.spt
ロボトルに関してはな。,As for the robattle.,romfs\story\spt\f02_110_210_00_t005.spt
川か海にでも連れていかんとな。,We'll have to take him to the river or the ocean.,romfs\story\spt\f02_110_210_00_t005.spt
調整は終わったんですか？,Have you finished adjusting?,romfs\story\spt\f02_110_210_00_t005.spt
あとは地形テストか。,And then there's the terrain test.,romfs\story\spt\f02_110_210_00_t006.spt
明日にでも、川か海にでも連れていかんとな。,I'll have to take him to the river or the ocean tomorrow.,romfs\story\spt\f02_110_210_00_t006.spt
…なんだ。,...what the heck.,romfs\story\spt\f02_110_210_00_t007.spt
このすぐ先に、うってつけの場所があるんだけどね。,There's a perfect place just down the road.,romfs\story\spt\f02_110_210_00_t007.spt
その地形テストだけどねえ,"That terrain test, though.",romfs\story\spt\f02_110_210_00_t007.spt
わざわざ川になんて行かなくても,You don't have to go all the way to the river.,romfs\story\spt\f02_110_210_00_t007.spt
リョウマくん。,Ryoma-kun.,romfs\story\spt\f02_110_210_00_t007.spt
今からいっしょに行ってみない？,Why don't you come with us now?,romfs\story\spt\f02_110_210_00_t007.spt
わかった。,I understand.,romfs\story\spt\f02_110_210_00_t008.spt
行こう。,Let's go.,romfs\story\spt\f02_110_210_00_t008.spt
あと、なにが足りないんですか？,What else is missing?,romfs\story\spt\f02_110_210_00_t101.spt
あとは、テストをして結果に納得できれば――,"Now, if we can just get the test done and be satisfied with the results--",romfs\story\spt\f02_110_210_00_t101.spt
あれからどれだけ経ったと思ってるんだ。,How long do you think it's been since then?,romfs\story\spt\f02_110_210_00_t101.spt
いや…,No...,romfs\story\spt\f02_110_210_00_t101.spt
こんどはなんの用だ。,What do you want this time?,romfs\story\spt\f02_110_210_00_t101.spt
そうだな。,Yes.,romfs\story\spt\f02_110_210_00_t101.spt
そのチューニングは、どのくらいかかるの？,How long will that tuning take?,romfs\story\spt\f02_110_210_00_t101.spt
そろそろ終わるのかな？,Is it almost over?,romfs\story\spt\f02_110_210_00_t101.spt
まあな。,Well.,romfs\story\spt\f02_110_210_00_t101.spt
またお前らか。,You guys again.,romfs\story\spt\f02_110_210_00_t101.spt
むちゃ言うな。,Don't be absurd.,romfs\story\spt\f02_110_210_00_t101.spt
チューニングが終わればな。,"Once the tuning is done, that is.",romfs\story\spt\f02_110_210_00_t101.spt
実はもうおおかた終わってはいるんだ。,"Actually, I'm almost done with it.",romfs\story\spt\f02_110_210_00_t101.spt
水の上でも、スイスイ進めちゃうんですよね！？,"Even on the water, it's a swishy process!",romfs\story\spt\f02_110_210_00_t101.spt
準備ができたら俺に知らせてくれ。,Let me know when you're ready.,romfs\story\spt\f02_110_210_00_t101.spt
潜水タイプにメダチェンジできるんですよね。,You can change meda to a diving type.,romfs\story\spt\f02_110_210_00_t101.spt
レディバグ発見１,Ladybug found1,romfs\story\spt\f02_120_210_00.spt
レディバグ発見２,Ladybug found 2,romfs\story\spt\f02_120_210_00.spt
発見２ポイント,Discovery 2 points,romfs\story\spt\f02_120_210_00.spt
きみ,(common) millet (Panicum miliaceium),romfs\story\spt\f02_120_210_00_t001.spt
きみのクラスメイト！,Your classmate!,romfs\story\spt\f02_120_210_00_t001.spt
でしょ？,Right?,romfs\story\spt\f02_120_210_00_t001.spt
ミオに頼まれて、きみを探してたんだ！,Mio asked me to find you!,romfs\story\spt\f02_120_210_00_t001.spt
待って！,Wait!,romfs\story\spt\f02_120_210_00_t001.spt
来ないで。,Don't come.,romfs\story\spt\f02_120_210_00_t001.spt
レディバグ遭難,Ladybug Distress,romfs\story\spt\f02_120_210_10.spt
遭難ポイント,distress call point,romfs\story\spt\f02_120_210_10.spt
え、だから探してくれって…,What? I told you to look for...,romfs\story\spt\f02_120_210_10_t001.spt
だれかに連れ去られたんじゃないか,Someone must have taken him.,romfs\story\spt\f02_120_210_10_t001.spt
って言ってたけど。,He said.,romfs\story\spt\f02_120_210_10_t001.spt
わたしが、いなくなった理由,The Reason Why I Disappeared,romfs\story\spt\f02_120_210_10_t001.spt
ん～と確か…,"Well, I'm sure...",romfs\story\spt\f02_120_210_10_t001.spt
ミオはなんて言ってたの？,What did Mio say?,romfs\story\spt\f02_120_210_10_t001.spt
ミオはなんて？,What did Mio say?,romfs\story\spt\f02_120_210_10_t001.spt
地上へ,To the ground.,romfs\story\spt\f02_120_210_20.spt
崩れる床,crumbling floor,romfs\story\spt\f02_120_210_20.spt
床穴,floor hole,romfs\story\spt\f02_120_210_20.spt
水中調査,underwater photography,romfs\story\spt\f02_120_210_20.spt
水落ち,pit of the stomach,romfs\story\spt\f02_120_210_20.spt
穴,hole,romfs\story\spt\f02_120_210_20.spt
穴上,constricted tagelus (Sinonovacula constricta),romfs\story\spt\f02_120_210_20.spt
それまで、ワタシ――,"Until then, watashi--",romfs\story\spt\f02_120_210_20_t001.spt
だから、わかってほしいの。,So I want you to understand.,romfs\story\spt\f02_120_210_20_t001.spt
だったら聞かせてくれないかな。,Then let me hear it.,romfs\story\spt\f02_120_210_20_t001.spt
どうしてさ？,Why?,romfs\story\spt\f02_120_210_20_t001.spt
なにを？,What?,romfs\story\spt\f02_120_210_20_t001.spt
ま、待ってよ逃げないで――,"Wait, wait, wait, don't run away--",romfs\story\spt\f02_120_210_20_t001.spt
ミオあんなに心配してるのに…,"Mio, you're so worried about him.",romfs\story\spt\f02_120_210_20_t001.spt
ミオはわかってないの。,Mio doesn't understand.,romfs\story\spt\f02_120_210_20_t001.spt
戻りたくない理由があるの？,Is there a reason you don't want to go back?,romfs\story\spt\f02_120_210_20_t001.spt
きゃあ！,Yikes!,romfs\story\spt\f02_120_210_20_t002.spt
う～ん、暗くてよくわからないね。,"Hmmm, it's too dark to tell.",romfs\story\spt\f02_120_210_20_t003.spt
おーい！,Hey!,romfs\story\spt\f02_120_210_20_t003.spt
ちゃん、お願い。,"Chan, please.",romfs\story\spt\f02_120_210_20_t003.spt
なにしろ、古い建物だからねえ。,"After all, it is an old building.",romfs\story\spt\f02_120_210_20_t003.spt
まかせテ。,I'll leave it to you.,romfs\story\spt\f02_120_210_20_t003.spt
床がもろくなってたんだね。,The floor must have been brittle.,romfs\story\spt\f02_120_210_20_t003.spt
落ちたぞ！,I'm down!,romfs\story\spt\f02_120_210_20_t003.spt
落ちたな！,You're down!,romfs\story\spt\f02_120_210_20_t003.spt
返事がない…,No reply...,romfs\story\spt\f02_120_210_20_t003.spt
いいよ、ありがと。,"Okay, thanks.",romfs\story\spt\f02_120_210_20_t004.spt
ターゲット座標１０．１２０．３０．,Target coordinates 10.120.30.0.0.,romfs\story\spt\f02_120_210_20_t004.spt
変動なし６０秒。続けル？,60 seconds without variation. Continue Le?,romfs\story\spt\f02_120_210_20_t004.spt
う～ん、深いね。,"Hmmm, that's deep.",romfs\story\spt\f02_120_210_20_t005.spt
けど、早くなんとかしなくちゃね。,I'll have to do something about it soon though.,romfs\story\spt\f02_120_210_20_t005.spt
こう…　つごう良くボートとか…,Like... like a good boat or...,romfs\story\spt\f02_120_210_20_t005.spt
ここ倉庫だからね、あんがいあるかもよ。,"This is a warehouse, so there may be more than a few.",romfs\story\spt\f02_120_210_20_t005.spt
すごい音…,Sounds great...,romfs\story\spt\f02_120_210_20_t005.spt
ちょっとあたりを探してみよう。,Let's look around a bit.,romfs\story\spt\f02_120_210_20_t005.spt
なんかないですかね。,Is there anything?,romfs\story\spt\f02_120_210_20_t005.spt
わからない。,I don't know.,romfs\story\spt\f02_120_210_20_t005.spt
ボートかー。,"Boats, huh?",romfs\story\spt\f02_120_210_20_t005.spt
下、水ですよね。,"Below, it's water, isn't it?",romfs\story\spt\f02_120_210_20_t005.spt
無事でしょうか。,Is it safe?,romfs\story\spt\f02_120_210_20_t005.spt
ゴムボート,rubber boat,romfs\story\spt\f02_120_210_30.spt
ゴムボート箱,Rubber Boat Box,romfs\story\spt\f02_120_210_30.spt
あるもんだねえ。,"There are some things, aren't there?",romfs\story\spt\f02_120_210_30_t011.spt
えっと、説明書は…　と…,"Well, the instructions are... and...",romfs\story\spt\f02_120_210_30_t011.spt
これは…,This is...,romfs\story\spt\f02_120_210_30_t011.spt
やったあ！　さっそく空気入れましょう！,Yay!　Let's get air in it right away!,romfs\story\spt\f02_120_210_30_t011.spt
ゴムボートだ！,It's a rubber boat!,romfs\story\spt\f02_120_210_30_t011.spt
あ…　そういう…,Oh... that kind of...,romfs\story\spt\f02_120_210_30_t021.spt
あの流れだよ？,"You know that trend, right?",romfs\story\spt\f02_120_210_30_t021.spt
くんは、…違うね。,Kun is...different.,romfs\story\spt\f02_120_210_30_t021.spt
さあ、運びましょう！,"Come on, let's carry it!",romfs\story\spt\f02_120_210_30_t021.spt
ただ浮かぶだけじゃあ、ぼくらまで遭難しちゃうよ。,"If we just float, we will get lost too.",romfs\story\spt\f02_120_210_30_t021.spt
ちゃんはパワータイプじゃないし…,You're not the power type...,romfs\story\spt\f02_120_210_30_t021.spt
つかれた…,I'm tired...,romfs\story\spt\f02_120_210_30_t021.spt
でも、どうやって？,But how?,romfs\story\spt\f02_120_210_30_t021.spt
でもこれでようやく先に進めますよ。,But now we can finally move on.,romfs\story\spt\f02_120_210_30_t021.spt
な、なんです部長。,"Hey, what is it, Chief?",romfs\story\spt\f02_120_210_30_t021.spt
なんです？,What is it?,romfs\story\spt\f02_120_210_30_t021.spt
ふう、できた…,"Phew, it's done...",romfs\story\spt\f02_120_210_30_t021.spt
まさかまたオレひとりで運べって――,You don't expect me to carry it all by myself again...,romfs\story\spt\f02_120_210_30_t021.spt
オールが見当たらないね。,I don't see any oars.,romfs\story\spt\f02_120_210_30_t021.spt
心強いと思うんだよねー。,I think it's reassuring.,romfs\story\spt\f02_120_210_30_t021.spt
ボートだ。,Boat.,romfs\story\spt\f02_120_210_40_t011.spt
水路スタート,Waterway start,romfs\story\spt\f02_130_210_00.spt
あっはっは。,Ha-ha-ha.,romfs\story\spt\f02_130_210_00_t001.spt
おう！　オイラなら大丈夫だぞ！,Oh!　I'll be fine!,romfs\story\spt\f02_130_210_00_t001.spt
ここだよ。,Here it is.,romfs\story\spt\f02_130_210_00_t001.spt
こんな場所があったのか…,I didn't know there was such a place...,romfs\story\spt\f02_130_210_00_t001.spt
そのはずだが…,It should be...,romfs\story\spt\f02_130_210_00_t001.spt
できたてのホヤホヤ。,Freshly made and hot.,romfs\story\spt\f02_130_210_00_t001.spt
まかせろ！,I'll take care of it!,romfs\story\spt\f02_130_210_00_t001.spt
彼の能力なら、この先、進めそう？,"With his ability, do you think he'll be able to move on?",romfs\story\spt\f02_130_210_00_t001.spt
…あ、すいません部長。,"...Oh, I'm sorry, Director.",romfs\story\spt\f02_130_210_00_t002.spt
うむ！,Mm!,romfs\story\spt\f02_130_210_00_t002.spt
うんうん、きみならボートも軽々引っ張れそうだ。,"Yes, you can pull a boat with ease.",romfs\story\spt\f02_130_210_00_t002.spt
うん！,Yeah!,romfs\story\spt\f02_130_210_00_t002.spt
かっこいいな！,That's cool!,romfs\story\spt\f02_130_210_00_t002.spt
これなら、何とかなりそうですよね！,I think we can get by with this!,romfs\story\spt\f02_130_210_00_t002.spt
そうなのか…。,I see...,romfs\story\spt\f02_130_210_00_t002.spt
ではさっそく…,Let's get started...,romfs\story\spt\f02_130_210_00_t002.spt
のパーツだと,If it is a part of the,romfs\story\spt\f02_130_210_00_t002.spt
はは、,"Ha,",romfs\story\spt\f02_130_210_00_t002.spt
ま、メダチェンジを使えるように,"Well, to be able to use the med change.",romfs\story\spt\f02_130_210_00_t002.spt
みごとだ！,It's beautiful!,romfs\story\spt\f02_130_210_00_t002.spt
オレも変形したいぞ！,I want to transform too!,romfs\story\spt\f02_130_210_00_t002.spt
セッシャも変形したい！,Sesha also wants to transform!,romfs\story\spt\f02_130_210_00_t002.spt
メダチェンジできる,I can do a med change.,romfs\story\spt\f02_130_210_00_t002.spt
メダチェンジ機体が手に入ったら,If you get a med-change aircraft.,romfs\story\spt\f02_130_210_00_t002.spt
メダロッチを設定しといたからさ。,I've set up a medalloch.,romfs\story\spt\f02_130_210_00_t002.spt
使ってみようぜ、な？,"Let's use it, huh?",romfs\story\spt\f02_130_210_00_t002.spt
残念ながらメダチェンジは無理だよ。,"Unfortunately, you can't get a med change.",romfs\story\spt\f02_130_210_00_t002.spt
潜水艦,submarine,romfs\story\spt\f02_130_210_00_t002.spt
…まあいい。,"...well, okay.",romfs\story\spt\f02_130_210_00_t003.spt
あいかわらずのテキトーさだな。,You are still a Texan.,romfs\story\spt\f02_130_210_00_t003.spt
あれ、まだ言ってなかったっけ。,"Oh, I haven't told you yet.",romfs\story\spt\f02_130_210_00_t003.spt
きっとなんとかなると思うよ、あっはっは。,"I'm sure we can work something out, haha.",romfs\story\spt\f02_130_210_00_t003.spt
ここから落ちちゃったんです。,I fell out of here.,romfs\story\spt\f02_130_210_00_t003.spt
この急流に飛び込む勇気がなくて…,I didn't have the courage to jump into these rapids...,romfs\story\spt\f02_130_210_00_t003.spt
そういうことか。,So that's how it is.,romfs\story\spt\f02_130_210_00_t003.spt
だが安全は保障できんぞ。,But I can't guarantee your safety.,romfs\story\spt\f02_130_210_00_t003.spt
なんだそのボートは。,What's with the boat?,romfs\story\spt\f02_130_210_00_t003.spt
ぼくら、この先に進めなくて困ってたんだよ。,We were having trouble moving on.,romfs\story\spt\f02_130_210_00_t003.spt
ま、そのときはそのときでさ。,"Well, I'll take my chances then.",romfs\story\spt\f02_130_210_00_t003.spt
わかった、連れて行ってやろう。,"All right, I'll take you there.",romfs\story\spt\f02_130_210_00_t003.spt
助けに行きたいけど、オールなしのボートで,"I'd love to help, but I'm in a boat without oars.",romfs\story\spt\f02_130_210_00_t003.spt
実はさっき、クラスメイトのメダロットが,"Actually, just now, a classmate of mine, Medabot.",romfs\story\spt\f02_130_210_00_t003.spt
待て。,Wait.,romfs\story\spt\f02_130_210_00_t003.spt
なにかないかな。ボートとか…,I wonder if there is anything. A boat or...,romfs\story\spt\f02_130_210_00_t101.spt
下は急流…　飛び込むのは無謀すぎる。,The rapids below... too reckless to jump in.,romfs\story\spt\f02_130_210_00_t101.spt
ボートは見つけたけど、流れが急すぎる。,"I found a boat, but the current is too steep.",romfs\story\spt\f02_130_210_00_t201.spt
おとなしくエレベータを使おう。,Let's use the elevator quietly.,romfs\story\spt\f02_130_210_00_t301.spt
下は急流…　飛び込むのはもうイヤだな。,Rapids below... I don't want to jump in anymore.,romfs\story\spt\f02_130_210_00_t301.spt
ゴムボート上陸,Rubber Boat Landing,romfs\story\spt\f02_130_211_10.spt
ストッパー1,Stopper 1,romfs\story\spt\f02_130_211_10.spt
リョウマ1,Ryoma1,romfs\story\spt\f02_130_211_10.spt
初回移動,First move,romfs\story\spt\f02_130_211_10.spt
到着,arrival,romfs\story\spt\f02_130_211_10.spt
探索開始,Start of search,romfs\story\spt\f02_130_211_10.spt
見回す,look around,romfs\story\spt\f02_130_211_10.spt
見回すカメラ1,Camera 1 looking around,romfs\story\spt\f02_130_211_10.spt
ほい、到着～っと！,Here we are...!,romfs\story\spt\f02_130_211_10_t001.spt
やあ、さすがだね。,"Hey, that's great.",romfs\story\spt\f02_130_211_10_t001.spt
ゼッコーチョーだぜ！,"Zeccho, man!",romfs\story\spt\f02_130_211_10_t001.spt
問題ないか？,Everything okay?,romfs\story\spt\f02_130_211_10_t001.spt
ああ、きみ知らないのか。,"Oh, you don't know?",romfs\story\spt\f02_130_211_10_t002.spt
ここみたいに原型が残っているところは,"Where the original remains, like here.",romfs\story\spt\f02_130_211_10_t002.spt
この学院ってわけさ。,This is the academy.,romfs\story\spt\f02_130_211_10_t002.spt
この島には、かつてメダリア鉱山があったんだよ。,There used to be a medallion mine on this island.,romfs\story\spt\f02_130_211_10_t002.spt
さっきもそう言ってましたよね。,You said that earlier.,romfs\story\spt\f02_130_211_10_t002.spt
そのほとんどが跡形なく壊されてしまっている。,Most of them have been destroyed without a trace.,romfs\story\spt\f02_130_211_10_t002.spt
その鉱山の跡地に建てられたのが,It was built on the site of that mine.,romfs\story\spt\f02_130_211_10_t002.spt
ほとんどないね。,Almost none.,romfs\story\spt\f02_130_211_10_t002.spt
メダリア鉱山！,Medaglia Mine!,romfs\story\spt\f02_130_211_10_t002.spt
地上とはずいぶん雰囲気がちがいますねー。,The atmosphere is quite different from that on the ground.,romfs\story\spt\f02_130_211_10_t002.spt
地下だしな。,It's underground.,romfs\story\spt\f02_130_211_10_t002.spt
当時…,At the time...,romfs\story\spt\f02_130_211_10_t002.spt
当時の研究施設かな。,Maybe a research facility at the time.,romfs\story\spt\f02_130_211_10_t002.spt
当時は島中に大がかりな施設があったらしいけど,I heard there were large facilities all over the island back then.,romfs\story\spt\f02_130_211_10_t002.spt
忘れられた研究施設か…,Forgotten research facility or...,romfs\story\spt\f02_130_211_10_t002.spt
忘れられて、つぶし損ねたのかもしれんな。,Maybe they forgot about it and missed crushing it.,romfs\story\spt\f02_130_211_10_t002.spt
あ、ちょ――,"Oh, hey--",romfs\story\spt\f02_130_211_10_t003.spt
ひょっとしたら大発見があるかもしれないぞ。,Maybe you'll make a great discovery.,romfs\story\spt\f02_130_211_10_t003.spt
わくわくするね。,I'm excited.,romfs\story\spt\f02_130_211_10_t003.spt
もー。,Moo.,romfs\story\spt\f02_130_211_10_t004.spt
待ってくださいよ,Wait a minute.,romfs\story\spt\f02_130_211_10_t004.spt
この先ひとりで行動するには危険だ。,It is dangerous to act alone in the future.,romfs\story\spt\f02_130_211_20_t001.spt
暗すぎる。,Too dark.,romfs\story\spt\f02_130_211_20_t001.spt
エレベーター扉,Elevator doors,romfs\story\spt\f02_135_211_00.spt
ストッパー2,Stopper 2,romfs\story\spt\f02_135_211_00.spt
ミオ_出口ストッパー,Mio_Exit Stopper,romfs\story\spt\f02_135_211_00.spt
メダリア発見,Discovery of Medaglia,romfs\story\spt\f02_135_211_00.spt
リョウマ2,Ryoma2,romfs\story\spt\f02_135_211_00.spt
出口ストッパー,Exit Stopper,romfs\story\spt\f02_135_211_00.spt
探検部長2,Director of Exploration 2,romfs\story\spt\f02_135_211_00.spt
電源前,Before power supply,romfs\story\spt\f02_135_211_00.spt
非常電源OFF,Emergency power OFF,romfs\story\spt\f02_135_211_00.spt
非常電源ON,Emergency power ON,romfs\story\spt\f02_135_211_00.spt
あ、これ…,"Oh, here...",romfs\story\spt\f02_135_211_00_t001.spt
あちこちサビて崩れて完全に廃墟じゃないか。,"It's completely abandoned, rusting and crumbling here and there.",romfs\story\spt\f02_135_211_00_t002.spt
いやあ。,Oh no.,romfs\story\spt\f02_135_211_00_t002.spt
え？　ホント？,What?　Really?,romfs\story\spt\f02_135_211_00_t002.spt
おお。,Oh.,romfs\story\spt\f02_135_211_00_t002.spt
お手柄だよ,Nice work.,romfs\story\spt\f02_135_211_00_t002.spt
そうでもないぞ。,Not really.,romfs\story\spt\f02_135_211_00_t002.spt
それにしてもボロボロだねえ。,"Still, it's a wreck, isn't it?",romfs\story\spt\f02_135_211_00_t002.spt
どこどこ？　どこに？,Where? Where?　Where?,romfs\story\spt\f02_135_211_00_t002.spt
まさか本当に電源が生きてるとは思わなかったよ。,I didn't think the power supply was really alive.,romfs\story\spt\f02_135_211_00_t002.spt
奥のほうにランプが見える。,A lamp can be seen in the back.,romfs\story\spt\f02_135_211_00_t002.spt
また行っちゃったし。,And I'm gone again.,romfs\story\spt\f02_135_211_00_t003.spt
目的忘れてる気がするなあ…,I think you forgot the purpose...,romfs\story\spt\f02_135_211_00_t003.spt
スイッチはもう入っている。,The switch is already on.,romfs\story\spt\f02_135_211_10_t001.spt
配電盤だ。,Power distribution board.,romfs\story\spt\f02_135_211_10_t001.spt
地上_out,ground_out,romfs\story\spt\f02_135_211_15.spt
エレベータだ。ハコは上にあるっぽいけど…,Elevator. It looks like the balcony is on the top...,romfs\story\spt\f02_135_211_20_t001.spt
ボタンを押しても下がってこないなあ。,I don't see it coming down when I press the button.,romfs\story\spt\f02_135_211_20_t001.spt
メモリー発見,Memory discovery,romfs\story\spt\f02_140_211_00.spt
レディバグに接近,Approaching Ladybug,romfs\story\spt\f02_140_211_00.spt
おっ？,Whoa?,romfs\story\spt\f02_140_211_00_t001.spt
ていうか部長、いつまでここにいる気だろ。,"I mean, how long is the director going to stay here?",romfs\story\spt\f02_140_211_00_t001.spt
むっ？,Hmm?,romfs\story\spt\f02_140_211_00_t001.spt
ガラクタばっかり…,All that junk...,romfs\story\spt\f02_140_211_00_t001.spt
目的、忘れちゃったのかなあ。,I wonder if I've forgotten the purpose.,romfs\story\spt\f02_140_211_00_t001.spt
、これなんだ？,What's this?,romfs\story\spt\f02_140_211_00_t003.spt
でもなさそうだな、う～ん…,"But it doesn't sound like it, hmmm...",romfs\story\spt\f02_140_211_00_t004.spt
なんだろ…,What is it...,romfs\story\spt\f02_140_211_00_t004.spt
ひょっとしてメダリア？,Medaglia by any chance?,romfs\story\spt\f02_140_211_00_t004.spt
キラキラしてて、かっこいいぞ！,"Sparkle, man, that's cool!",romfs\story\spt\f02_140_211_00_t004.spt
キラキラしてて、かっこいいのだ！,It's sparkling and cool!,romfs\story\spt\f02_140_211_00_t004.spt
ホントだ。,It's true.,romfs\story\spt\f02_140_211_00_t004.spt
メダリアっていうのは――,Medaglia is the name of a--,romfs\story\spt\f02_140_211_00_t004.spt
メダリアってなんだ？,What's a medallion?,romfs\story\spt\f02_140_211_00_t004.spt
メダリアとは、なんだ？,What is medalia?,romfs\story\spt\f02_140_211_00_t004.spt
宝石？　じゃないよな。,Jewelry?　It's not.,romfs\story\spt\f02_140_211_00_t004.spt
見せて。,Let me see.,romfs\story\spt\f02_140_211_00_t004.spt
おいこれ,hey!,romfs\story\spt\f02_140_211_00_t005.spt
けっこう昔からあるものらしい。,It seems to have been around for quite a long time.,romfs\story\spt\f02_140_211_00_t005.spt
そうかも。,Maybe.,romfs\story\spt\f02_140_211_00_t005.spt
その割に、あまり普及はしていないようだがな。,"For all that, though, it doesn't seem to be very popular.",romfs\story\spt\f02_140_211_00_t005.spt
だけど、データは半永久的に保存できるし,But the data can be stored semi-permanently.,romfs\story\spt\f02_140_211_00_t005.spt
メモリークリスタルじゃないか？,I think it's a memory crystal.,romfs\story\spt\f02_140_211_00_t005.spt
メモリークリスタルは、記憶媒体の一種だ。,Memory crystals are a type of storage medium.,romfs\story\spt\f02_140_211_00_t005.spt
基盤に組み込んで使うんだ。,It's built into the base and used.,romfs\story\spt\f02_140_211_00_t005.spt
性能は文句なしって聞くよ。,I hear the performance is unquestionable.,romfs\story\spt\f02_140_211_00_t005.spt
高価すぎるからねー。,It's too expensive!,romfs\story\spt\f02_140_211_00_t005.spt
くぅん。,Kuhn.,romfs\story\spt\f02_140_211_00_t006.spt
またしてもお手柄だよ,"Nice work again, guys.",romfs\story\spt\f02_140_211_00_t006.spt
よく見つけてくれたね。,I'm amazed you found it.,romfs\story\spt\f02_140_211_00_t006.spt
見つけたのはオレだけどな！,"I'm the one who found it, though!",romfs\story\spt\f02_140_211_00_t006.spt
見つけたのはセッシャだけどな！,"It was Sesha who found it, though!",romfs\story\spt\f02_140_211_00_t006.spt
おいおい。,"Oh, come on.",romfs\story\spt\f02_140_211_00_t007.spt
ごめんごめん。,"Sorry, sorry.",romfs\story\spt\f02_140_211_00_t007.spt
なにが出てくるか楽しみだなあ。,I'm looking forward to seeing what you come up with.,romfs\story\spt\f02_140_211_00_t007.spt
もう落ち着いたから大丈夫。,"I've calmed down now, so I'm fine.",romfs\story\spt\f02_140_211_00_t007.spt
よし、さっそく帰って分析しようか。,"Okay, let's get back to it and analyze.",romfs\story\spt\f02_140_211_00_t007.spt
よし行こう。,"All right, let's go.",romfs\story\spt\f02_140_211_00_t007.spt
コーフンして、つい忘れちゃった。,I was so excited that I forgot about it.,romfs\story\spt\f02_140_211_00_t007.spt
ソレだ。,Sole.,romfs\story\spt\f02_140_211_00_t007.spt
ミオくんのパートナー探しだったね。,You were looking for a partner for Mio.,romfs\story\spt\f02_140_211_00_t007.spt
モクテキ…？,Mokuteki...?,romfs\story\spt\f02_140_211_00_t007.spt
忘れてます！,You forgot!,romfs\story\spt\f02_140_211_00_t007.spt
目的！,Objective!,romfs\story\spt\f02_140_211_00_t007.spt
あいつを放っては行けんだろう。,You can't leave that guy alone.,romfs\story\spt\f02_140_211_10_t001.spt
少し待ってやれ。,Give him a minute.,romfs\story\spt\f02_140_211_10_t001.spt
いけないんだよ、きっと。,"I shouldn't, I'm sure.",romfs\story\spt\f02_150_163_00_t001.spt
がいなければ,If there is no,romfs\story\spt\f02_150_163_00_t001.spt
このままでいいと思ってる？,Do you think we can keep it that way?,romfs\story\spt\f02_150_163_00_t001.spt
そうだ。,"Yes, it is.",romfs\story\spt\f02_150_163_00_t001.spt
そんなのアイドルじゃない！,That is not an idol!,romfs\story\spt\f02_150_163_00_t001.spt
だれも幸せになんてできないよ？,"You can't make anyone happy, okay?",romfs\story\spt\f02_150_163_00_t001.spt
どうかな、いっそコンビ解消してみたら。,"I don't know, maybe we should just break up the duo.",romfs\story\spt\f02_150_163_00_t001.spt
どうしてアイドル部に入ろうと思ったの？,Why did you decide to join the idol club?,romfs\story\spt\f02_150_163_00_t001.spt
ねえ,used after the name of someone who is an older sister figure,romfs\story\spt\f02_150_163_00_t001.spt
ねえミオちゃん,"Hey, Mio.",romfs\story\spt\f02_150_163_00_t001.spt
はどう思ってるの？,"What does the ""Mere Old Man"" think?",romfs\story\spt\f02_150_163_00_t001.spt
ふたりだけの世界に閉じこもってるのが,It's just the two of us stuck in our own little world.,romfs\story\spt\f02_150_163_00_t001.spt
ミオだって――,Even Mio--,romfs\story\spt\f02_150_163_00_t001.spt
勝手に歌って勝手に踊ってるだけじゃ,You're just singing and dancing on your own.,romfs\story\spt\f02_150_163_00_t001.spt
イベント2,Event 2,romfs\story\spt\f02_150_211_00.spt
ボスイベント1,Boss Event 1,romfs\story\spt\f02_150_211_00.spt
ボス前,before the boss,romfs\story\spt\f02_150_211_00.spt
ボス後,post-boss,romfs\story\spt\f02_150_211_00.spt
ミオ1,Mio 1,romfs\story\spt\f02_150_211_00.spt
ミオ2,Mio2,romfs\story\spt\f02_150_211_00.spt
ミオ3,Mio3,romfs\story\spt\f02_150_211_00.spt
ミオ4,Mio4,romfs\story\spt\f02_150_211_00.spt
地上前,before ground,romfs\story\spt\f02_150_211_00.spt
いました！,There were!,romfs\story\spt\f02_150_211_00_t001.spt
おー,Ooh.,romfs\story\spt\f02_150_211_00_t001.spt
さすが元アイドル部ですねえ。,That's the former Idol Club.,romfs\story\spt\f02_150_211_00_t001.spt
なんだかステージみたいなところだねえ。,"It's kind of like a stage, isn't it?",romfs\story\spt\f02_150_211_00_t001.spt
最奥か…,From the far end...,romfs\story\spt\f02_150_211_00_t001.spt
あきれたわ。,I'm so disappointed.,romfs\story\spt\f02_150_211_00_t002.spt
こんなところまで追ってくるなんて。,I can't believe they followed me all the way here.,romfs\story\spt\f02_150_211_00_t002.spt
ごめん。,Sorry.,romfs\story\spt\f02_150_211_00_t002.spt
な、なんとなく。,"Hey, what a surprise.",romfs\story\spt\f02_150_211_00_t002.spt
なんであなたが謝るの？,Why are you apologizing?,romfs\story\spt\f02_150_211_00_t002.spt
しばらく離れてみようと思ったの。,I thought I'd step away for a while.,romfs\story\spt\f02_150_211_00_t003.spt
そのほうがミオのためになると思ったから。,I thought it would be better for Mio.,romfs\story\spt\f02_150_211_00_t003.spt
それで、あるときアオイが――,"So one day, Aoi--",romfs\story\spt\f02_150_211_00_t003.spt
みんなとは話もほとんどしなくて練習も別で,"We barely talked to everyone, and we practiced separately.",romfs\story\spt\f02_150_211_00_t003.spt
わたしがいれば友達なんて必要ないんだって。,"If you have me, you don't need any friends.",romfs\story\spt\f02_150_211_00_t003.spt
アイドル部に入ってからも、それは変わらなくて,"Even after I joined the idol club, that didn't change.",romfs\story\spt\f02_150_211_00_t003.spt
ミオね、わたしとしか話さないの。,"Mio, you only talk to me.",romfs\story\spt\f02_150_211_00_t003.spt
このままじゃイヤだなって思ったの。,I didn't want to go on like this.,romfs\story\spt\f02_150_211_00_t011.spt
このまま戻らないつもりなの？,Are you going to go back like this?,romfs\story\spt\f02_150_211_00_t011.spt
これからどうするのさ。,What are we going to do now?,romfs\story\spt\f02_150_211_00_t011.spt
そ――,so--,romfs\story\spt\f02_150_211_00_t011.spt
それで、アオイのところに？,"So, to Aoi's place?",romfs\story\spt\f02_150_211_00_t011.spt
それでミオ,"So, Mio.",romfs\story\spt\f02_150_211_00_t011.spt
そんなことない！,That's not true!,romfs\story\spt\f02_150_211_00_t011.spt
そんなのウソってわたし知ってる。,I know that's not true.,romfs\story\spt\f02_150_211_00_t011.spt
ついでに恨みを持ったというわけだ。,"And by the way, he had a grudge against them.",romfs\story\spt\f02_150_211_00_t011.spt
ほかに行くところがなかったから。,I had nowhere else to go.,romfs\story\spt\f02_150_211_00_t011.spt
もしもアオイが言うみたいに,"If, as Aoi says.",romfs\story\spt\f02_150_211_00_t011.spt
わたし…,I...,romfs\story\spt\f02_150_211_00_t011.spt
わたしがいなくなってミオが変わるなら…,If Mio changes without me...,romfs\story\spt\f02_150_211_00_t011.spt
アイドル部をやめてミオ,Mio out of the idol club.,romfs\story\spt\f02_150_211_00_t011.spt
キレてアイドル部をやめちゃったのか。,You lost your temper and quit the idol club.,romfs\story\spt\f02_150_211_00_t011.spt
サッパリしたなんて笑ってたけど,He laughed at how crisp it was.,romfs\story\spt\f02_150_211_00_t011.spt
ミオのこと大好きだから,I love Mio.,romfs\story\spt\f02_150_211_00_t011.spt
今戻っても、きっとなにも変わらないから。,"If I go back now, nothing will change.",romfs\story\spt\f02_150_211_00_t011.spt
戻れない。,I can't go back.,romfs\story\spt\f02_150_211_00_t011.spt
あ、ミ――,"Oh, mi--",romfs\story\spt\f02_150_211_00_t012.spt
どいて。,Move aside.,romfs\story\spt\f02_150_211_00_t012.spt
あんたが戻ってきたって,He said you came back.,romfs\story\spt\f02_150_211_00_t013.spt
いて。,The following is a brief description of the new product.,romfs\story\spt\f02_150_211_00_t013.spt
そんなこと、今まで考えたこともなかったし。,I'd never thought about that before.,romfs\story\spt\f02_150_211_00_t013.spt
ま、どうすればいいかは、わかんないけど。,"Well, I don't know what to do.",romfs\story\spt\f02_150_211_00_t013.spt
わたし変われるから。,I can change.,romfs\story\spt\f02_150_211_00_t013.spt
言っとくけどね,I'll tell you what.,romfs\story\spt\f02_150_211_00_t013.spt
あんたにまで嫌われたら、わたしもう…,"If you hate me too much, I'll just...",romfs\story\spt\f02_150_211_00_t014.spt
いっしょに考えてよ,Think about it with me.,romfs\story\spt\f02_150_211_00_t014.spt
さてと、ミオくん。,"Well, Mio.",romfs\story\spt\f02_150_211_00_t014.spt
だからさ、どうすればいいか,"So, you know, I don't know what to do.",romfs\story\spt\f02_150_211_00_t014.spt
どうしていいかわからないよ！,I don't know what to do!,romfs\story\spt\f02_150_211_00_t014.spt
どうやら一件落着したようだな。,Looks like we've settled the case.,romfs\story\spt\f02_150_211_00_t014.spt
ミオ…,Mio...,romfs\story\spt\f02_150_211_00_t014.spt
戻ってきてよ。,Come back.,romfs\story\spt\f02_150_211_00_t014.spt
いやいやいやいや。,"No, no, no, no.",romfs\story\spt\f02_150_211_00_t015.spt
しょ～がない。,It can't be helped.,romfs\story\spt\f02_150_211_00_t015.spt
わかったわよ。,I understand.,romfs\story\spt\f02_150_211_00_t015.spt
入ってあげるわそのナントカ部に。,I'll join you in that nandaka club.,romfs\story\spt\f02_150_211_00_t015.spt
忘れた。,Forgot.,romfs\story\spt\f02_150_211_00_t015.spt
探検部だよ～。,It's an exploration club!,romfs\story\spt\f02_150_211_00_t015.spt
約束、覚えてるよねえ？,"You remember our agreement, don't you?",romfs\story\spt\f02_150_211_00_t015.spt
あそっか。,"Oh, I see.",romfs\story\spt\f02_150_211_00_t016.spt
あんたはどうやってここまで来たんだ？,How did you get here?,romfs\story\spt\f02_150_211_00_t016.spt
じゃあ帰ろうか。,Then let's go home.,romfs\story\spt\f02_150_211_00_t016.spt
そういえば…,Speaking of which...,romfs\story\spt\f02_150_211_00_t016.spt
ところで…,By the way...,romfs\story\spt\f02_150_211_00_t016.spt
ど、どうしましょう…,What should I do...,romfs\story\spt\f02_150_211_00_t016.spt
どうやって？,How?,romfs\story\spt\f02_150_211_00_t016.spt
やあ,Yo! (greeting),romfs\story\spt\f02_150_211_00_t016.spt
んー。,Hmm.,romfs\story\spt\f02_150_211_00_t016.spt
万事うまく運んでメデタイね。,I'm so happy for you that everything went well.,romfs\story\spt\f02_150_211_00_t016.spt
飛び降りちゃったんだっけぼくら。,"We jumped off, didn't we?",romfs\story\spt\f02_150_211_00_t016.spt
あんたたちがスイッチ入れたんじゃないの？,I thought you guys turned it on.,romfs\story\spt\f02_150_211_00_t017.spt
そうよ、急に動くようになったから…,"Yes, because it suddenly started moving...",romfs\story\spt\f02_150_211_00_t017.spt
な、なによ、どうやってって…,What? What? How did you...,romfs\story\spt\f02_150_211_00_t017.spt
ふつうにエレベータを使ってよ。,Just use the elevator.,romfs\story\spt\f02_150_211_00_t017.spt
エレベータぁ？,Elevator?,romfs\story\spt\f02_150_211_00_t017.spt
うんうん、やっぱり万事うまく運んでメデタイね。,"Yes, yes, everything is going well after all, and I'm very happy.",romfs\story\spt\f02_150_211_00_t018.spt
さっき入れたあの電源で使えるようになったのか。,You can now use that power supply you just put in.,romfs\story\spt\f02_150_211_00_t018.spt
さて、こんどこそ帰ろうか。,"Well, let's go home this time.",romfs\story\spt\f02_150_211_00_t018.spt
なるほどな。,I see.,romfs\story\spt\f02_150_211_00_t018.spt
これからはいつでも楽に水上テストができる。,"From now on, you can always test on the water with ease.",romfs\story\spt\f02_150_211_10_t001.spt
これは…　いいな。,This is... nice.,romfs\story\spt\f02_150_211_10_t001.spt
さあ部室に戻ろう。,Let's go back to the club room.,romfs\story\spt\f02_150_211_10_t001.spt
へえ、ここに繋がってたんですねー。,"Heh, I didn't know it was connected to this place.",romfs\story\spt\f02_150_211_10_t001.spt
入部届けを書いてもらわないといけないからねー。,I'll have to write a letter of admission to the club...,romfs\story\spt\f02_150_211_10_t001.spt
待って。,Wait.,romfs\story\spt\f02_155_163_00_t011.spt
わたし外で待ってる。,I'll wait outside.,romfs\story\spt\f02_155_163_00_t021.spt
今後もそうするけど、気にしないで。,"I will continue to do so, but never mind.",romfs\story\spt\f02_155_163_00_t021.spt
あ、ちょっと！,"Oh, hey!",romfs\story\spt\f02_155_163_00_t031.spt
ミ――,Mi---,romfs\story\spt\f02_155_163_00_t031.spt
うーん…,Hmmm...,romfs\story\spt\f02_155_163_00_t041.spt
入口付近1,Near the entrance1,romfs\story\spt\f02_160_161_00.spt
入口付近2,Near the entrance 2,romfs\story\spt\f02_160_161_00.spt
入口付近3,Near the entrance3,romfs\story\spt\f02_160_161_00.spt
左上,left-upper,romfs\story\spt\f02_160_161_00.spt
わ！,Wa!,romfs\story\spt\f02_160_161_00_t001.spt
…で？,So... so?,romfs\story\spt\f02_160_161_00_t002.spt
とぼけるな。,Don't play dumb.,romfs\story\spt\f02_160_161_00_t002.spt
なにが？,What?,romfs\story\spt\f02_160_161_00_t002.spt
部員だ。,Department members.,romfs\story\spt\f02_160_161_00_t002.spt
集まったのか？,Did you get together?,romfs\story\spt\f02_160_161_00_t002.spt
うんうん。,Mm-hmm.,romfs\story\spt\f02_160_161_00_t003.spt
これで廃部問題が完全に消滅したわけではない。,This does not mean that the problem of the abolition of the club has completely disappeared.,romfs\story\spt\f02_160_161_00_t003.spt
し…,Sh...,romfs\story\spt\f02_160_161_00_t003.spt
すぐにでも再燃するからな。,It's going to flare up again any minute.,romfs\story\spt\f02_160_161_00_t003.spt
ただし！,However!,romfs\story\spt\f02_160_161_00_t003.spt
ぼくも含めて、総勢４人。,"Including myself, there were four of us.",romfs\story\spt\f02_160_161_00_t003.spt
まあまあミオくん。,"Well, well, well, Mio.",romfs\story\spt\f02_160_161_00_t003.spt
よゆうで規定数クリアでしょ～。,"You'll clear the regulation number in a few minutes, right?",romfs\story\spt\f02_160_161_00_t003.spt
ケンカ売ってんの、このオンナ？,"Are you trying to pick a fight with me, bitch?",romfs\story\spt\f02_160_161_00_t003.spt
信じられん。このような最底辺部に今さら,Unbelievable. Now to the bottom section like this.,romfs\story\spt\f02_160_161_00_t003.spt
入ろうなどと考える奇人変人がいようとは…,I never thought that there would be a freak or eccentric who would even think about joining...,romfs\story\spt\f02_160_161_00_t003.spt
手放しで喜ばんことだ。,It's a matter of letting go and being happy.,romfs\story\spt\f02_160_161_00_t003.spt
探検部が存続に足る活動をしてないとみなせば,If we consider that the Exploration Department is not doing enough to keep it alive.,romfs\story\spt\f02_160_161_00_t003.spt
規則は規則だ。,Rules are rules.,romfs\story\spt\f02_160_161_00_t003.spt
部の存続は認めよう。,Let's allow the department to continue.,romfs\story\spt\f02_160_161_00_t003.spt
…いいんですか？,...are you sure?,romfs\story\spt\f02_160_161_00_t004.spt
あの…　リョウマさん？,Um... Mr. Ryoma?,romfs\story\spt\f02_160_161_00_t004.spt
あれ、そうだったの？,"Oh, was that it?",romfs\story\spt\f02_160_161_00_t004.spt
えええっ？,"Yeah, huh?",romfs\story\spt\f02_160_161_00_t004.spt
そうか辞めてなかったんだ。,"Oh yeah, I didn't quit.",romfs\story\spt\f02_160_161_00_t004.spt
だから、この流れでまたしれっと部に戻ってくれたら,"So, if you could just follow this trend and go back to the club...",romfs\story\spt\f02_160_161_00_t004.spt
て,"move (in go, shogi, etc.)",romfs\story\spt\f02_160_161_00_t004.spt
なんだ、てっきり辞めちゃってたんだと思ってたよ。,I thought you had quit.,romfs\story\spt\f02_160_161_00_t004.spt
なんだ。,What is it?,romfs\story\spt\f02_160_161_00_t004.spt
なんだかリョウマさんも入部の流れになってますけど,"It seems like Ryoma-san is joining the club, too.",romfs\story\spt\f02_160_161_00_t004.spt
やれやれ、ようやく退散してくれたか。,"Oh dear, you've finally left.",romfs\story\spt\f02_160_161_00_t004.spt
テキトウですね、あいかわらず…,"You are a Texan, as usual...",romfs\story\spt\f02_160_161_00_t004.spt
ラッキーだと思って、黙ってたんだけど…,I thought I was lucky and kept my mouth shut...,romfs\story\spt\f02_160_161_00_t004.spt
元々俺は探検部だ。,Originally I'm an explorer.,romfs\story\spt\f02_160_161_00_t004.spt
入部もなにも…,I didn't join the club or anything...,romfs\story\spt\f02_160_161_00_t004.spt
好きにやっていたんだが――,I was doing what I wanted--,romfs\story\spt\f02_160_161_00_t004.spt
本当になにも言ってこないまま,Without really saying anything.,romfs\story\spt\f02_160_161_00_t004.spt
毎度のことながら、肩こっちゃうなあ。,I'm getting a little stiff-shouldered every time.,romfs\story\spt\f02_160_161_00_t004.spt
良かったよかった、はっはっは。,"Good, good, good, haha.",romfs\story\spt\f02_160_161_00_t004.spt
部長がなにも言ってこないものだから,The director didn't say anything to me.,romfs\story\spt\f02_160_161_00_t004.spt
１年経ってしまって、今に至るというわけだ。,So a year has passed and here we are.,romfs\story\spt\f02_160_161_00_t004.spt
PC席,PC seat,romfs\story\spt\f03_010_161_00.spt
PC席へ,Go to the PC seat,romfs\story\spt\f03_010_161_00.spt
掲示板位置,Bulletin Board Location,romfs\story\spt\f03_010_161_00.spt
そうだっけ？,Am I right?,romfs\story\spt\f03_010_161_00_t001.spt
そこをまず話しておかないとね。,That's what we need to talk about first.,romfs\story\spt\f03_010_161_00_t001.spt
それで？,So?,romfs\story\spt\f03_010_161_00_t001.spt
つまり？,In other words?,romfs\story\spt\f03_010_161_00_t001.spt
と、急に話を振られましても…,"I'm sorry, I'm sorry, I'm sorry.",romfs\story\spt\f03_010_161_00_t001.spt
なにする部なのよ探検部ってのは？,What are you doing in the Exploration Club?,romfs\story\spt\f03_010_161_00_t001.spt
はい、さっぱりです！,"Yes, I have no idea!",romfs\story\spt\f03_010_161_00_t001.spt
オレも知らないんですけど。,I don't know either.,romfs\story\spt\f03_010_161_00_t001.spt
軽く説明してあげて。,Explain it to him lightly.,romfs\story\spt\f03_010_161_00_t001.spt
…ほら。,...see.,romfs\story\spt\f03_010_161_00_t002.spt
かと思えば、どこにも記録されていないような,"If so, it's not recorded anywhere.",romfs\story\spt\f03_010_161_00_t002.spt
この島が昔メダリア鉱山だったってことは,The fact that this island used to be a medallia mine.,romfs\story\spt\f03_010_161_00_t002.spt
この島はずっと無人島だったんだ。,This island has been uninhabited for a long time.,romfs\story\spt\f03_010_161_00_t002.spt
この部の活動ってことじゃない。,I don't mean the activities of this department.,romfs\story\spt\f03_010_161_00_t002.spt
そうだったんですか…,I didn't know that...,romfs\story\spt\f03_010_161_00_t002.spt
だから島には,That's why the island has,romfs\story\spt\f03_010_161_00_t002.spt
つまり、島じゅうを歩いて回るってこと？,Does that mean we're going to walk around the whole island?,romfs\story\spt\f03_010_161_00_t002.spt
まあ、そうかな。,"Well, I guess so.",romfs\story\spt\f03_010_161_00_t002.spt
まあそう、つまらなそうな顔するな。,"Well, yeah, don't look so boring.",romfs\story\spt\f03_010_161_00_t002.spt
みんなもう知ってるよね。,Everyone already knows that.,romfs\story\spt\f03_010_161_00_t002.spt
やっぱり、島中ひたすらほっつき歩くのが,"After all, just wandering around the island is the way to go.",romfs\story\spt\f03_010_161_00_t002.spt
メダリアを掘りつくして,Digging through the medallias.,romfs\story\spt\f03_010_161_00_t002.spt
ルースガイザー島を隅々まで探検することを,Explore every inch of Ruth Geyser Island.,romfs\story\spt\f03_010_161_00_t002.spt
古い鉱山施設があちこちに残っていたり…,Old mining facilities remain here and there...,romfs\story\spt\f03_010_161_00_t002.spt
山の裏側なんて、地図もほとんど見つかってない。,There are almost no maps of the backside of the mountain.,romfs\story\spt\f03_010_161_00_t002.spt
探検には、うってつけの舞台でしょ～。,It would be a perfect setting for exploration!,romfs\story\spt\f03_010_161_00_t002.spt
探検部はね。,The Exploration Department is.,romfs\story\spt\f03_010_161_00_t002.spt
数十年も前に廃鉱になってしまったんだけど…,The mine was abandoned decades ago...,romfs\story\spt\f03_010_161_00_t002.spt
白地図エリアがあったりもするんだよ。,There's even a white map area.,romfs\story\spt\f03_010_161_00_t002.spt
目的とした部なんだよ～。,It's a department with a purpose!,romfs\story\spt\f03_010_161_00_t002.spt
鉱山ができる前と、廃鉱後に学院ができるまでの間,Before the mine was built and after the mine was abandoned until the academy was built.,romfs\story\spt\f03_010_161_00_t002.spt
えっ。,Eh.,romfs\story\spt\f03_010_161_00_t003.spt
おっと,oops,romfs\story\spt\f03_010_161_00_t003.spt
この島で見つけたんですか？,Did you find it on this island?,romfs\story\spt\f03_010_161_00_t003.spt
これ破ったら廃部どころじゃすまないから,"If you break this, we'll have to do more than just close the club.",romfs\story\spt\f03_010_161_00_t003.spt
これ集めて売ったら、あっという間に――,"If I collect these and sell them, in no time at all--",romfs\story\spt\f03_010_161_00_t003.spt
すごい！,Amazing!,romfs\story\spt\f03_010_161_00_t003.spt
なぁんだ。,Nah.,romfs\story\spt\f03_010_161_00_t003.spt
ひょっとしてこれメダリア！？,Perhaps this is a medallia!,romfs\story\spt\f03_010_161_00_t003.spt
みんな、気をつけるようにね。,"Everyone, be careful.",romfs\story\spt\f03_010_161_00_t003.spt
アレ？　でも、さっき掘りつくされたって…,"Oh, no.　But you said they dug up all the...",romfs\story\spt\f03_010_161_00_t003.spt
個人で使うていどの数なら、まだ見つかる。,You can still find as many as you use for personal use.,romfs\story\spt\f03_010_161_00_t003.spt
採算に見合うほどの量はもう無いってことだ。,It means there is no longer enough volume to make it profitable.,romfs\story\spt\f03_010_161_00_t003.spt
本物！？,The real thing!,romfs\story\spt\f03_010_161_00_t003.spt
運がよければ、そこらの茂みに落ちていたり、な。,"If you're lucky, you'll find them in the bushes.",romfs\story\spt\f03_010_161_00_t003.spt
部活で得たものの持ち出し売買はＮＧだよ。,It's not a good idea to take what you get from club activities and buy and sell it.,romfs\story\spt\f03_010_161_00_t003.spt
あ？,Oh?,romfs\story\spt\f03_010_161_00_t004.spt
ちょっとはヤル気になってきたでしょ～？,"You're starting to get a little excited, aren't you?",romfs\story\spt\f03_010_161_00_t004.spt
ではではリョウマくん、あとはよろしく。,"Well then, Ryoma-kun, take care of the rest.",romfs\story\spt\f03_010_161_00_t004.spt
とまあ、こんな風にこの島は,"And well, this is how this island is.",romfs\story\spt\f03_010_161_00_t004.spt
はい！！,Yes!,romfs\story\spt\f03_010_161_00_t004.spt
ほらこれ。,Here it is.,romfs\story\spt\f03_010_161_00_t004.spt
ぼくしばらく忙しくなるからね。,I'll be busy for a while.,romfs\story\spt\f03_010_161_00_t004.spt
ナゾとメダリアにあふれたフロンティアなんだ。,It's a frontier full of riddles and medallions.,romfs\story\spt\f03_010_161_00_t004.spt
地図も埋まるしメダリアも集まる。,Maps will be filled and medallions will be gathered.,romfs\story\spt\f03_010_161_00_t004.spt
探検して回れば,You can explore and go around.,romfs\story\spt\f03_010_161_00_t004.spt
うまくいけば、きっとおもしろいことが,"Hopefully, something interesting will come of it.",romfs\story\spt\f03_010_161_00_t005.spt
が拾ったやつか。,"The one that the ""Mere Old Man"" picked up?",romfs\story\spt\f03_010_161_00_t005.spt
ここの環境でデータを読み出すのは,The data is read out in the environment here.,romfs\story\spt\f03_010_161_00_t005.spt
さっき地下で,I was just downstairs.,romfs\story\spt\f03_010_161_00_t005.spt
そっち方面では俺は役に立てそうもないな。,I don't think I'm going to be much help in that direction.,romfs\story\spt\f03_010_161_00_t005.spt
なかなか大変そうだけど,It sounds like a lot of work.,romfs\story\spt\f03_010_161_00_t005.spt
わかると思うんだよね～。,I think you can understand!,romfs\story\spt\f03_010_161_00_t005.spt
メモリークリスタル。,Memory crystals.,romfs\story\spt\f03_010_161_00_t005.spt
残されていないから、こいつは貴重だよ。,"There are none left, so this guy is invaluable.",romfs\story\spt\f03_010_161_00_t005.spt
鉱山当時の記録は、まったくといっていいほど,Records from the time of the mine are not at all,romfs\story\spt\f03_010_161_00_t005.spt
あとよろしくね～。,"Also, nice to meet you!",romfs\story\spt\f03_010_161_00_t006.spt
うんうん、だからリョウマくんには,"Yeah, yeah, so for Ryoma-kun.",romfs\story\spt\f03_010_161_00_t006.spt
ぼくはこっちに全力投球するからさ。,I'm going to put all my energy into this.,romfs\story\spt\f03_010_161_00_t006.spt
探索のほうを任せるとして,I'll leave the search to you.,romfs\story\spt\f03_010_161_00_t006.spt
…と。,...and.,romfs\story\spt\f03_010_161_00_t007.spt
ちょうどいいか。,Just in time.,romfs\story\spt\f03_010_161_00_t007.spt
会議机のそばにある大きなやつだ。,It's the big one by the conference desk.,romfs\story\spt\f03_010_161_00_t007.spt
俺からもひとつ提案があったんだ。,"I had one suggestion for you, too.",romfs\story\spt\f03_010_161_00_t007.spt
説明の前に、まずはあのモニターを見てくれ。,"Before I explain, look at that monitor first.",romfs\story\spt\f03_010_161_00_t007.spt
ぜんぶ冒頭に『探索』って書いてありますね。,"It says ""exploration"" at the beginning of all of them.",romfs\story\spt\f03_010_161_00_t008.spt
なんのリストですか？　これ。,What list is this?　This.,romfs\story\spt\f03_010_161_00_t008.spt
俺が気になって探索したいと思っているエリアを,Areas I'm curious about and want to explore are...,romfs\story\spt\f03_010_161_00_t008.spt
書き出しておいたものだ。,It's something I wrote down.,romfs\story\spt\f03_010_161_00_t008.spt
「クエスト」と呼ぶことにしよう。,"Let's call it a ""quest.""",romfs\story\spt\f03_010_161_00_t009.spt
『探検』していけばいいんですね？,I should just 'explore'?,romfs\story\spt\f03_010_161_00_t009.spt
あんた部長でしょ？,"You're the director, right?",romfs\story\spt\f03_010_161_00_t009.spt
いやあ、置いたっきりで,"Oh, no, I just left it there.",romfs\story\spt\f03_010_161_00_t009.spt
うんうん、いいんじゃないかな,"Yeah, yeah, that's fine.",romfs\story\spt\f03_010_161_00_t009.spt
これからは共有すればいいと思ってな。,Just thought we could share from now on.,romfs\story\spt\f03_010_161_00_t009.spt
これを見て、気になるところを,This is what I'm interested in seeing.,romfs\story\spt\f03_010_161_00_t009.spt
すっかり忘れてたよ。,I totally forgot about it.,romfs\story\spt\f03_010_161_00_t009.spt
すばらしいよ。,It's wonderful.,romfs\story\spt\f03_010_161_00_t009.spt
せっかく部員も増えたことだし,Now that we have more members in the club.,romfs\story\spt\f03_010_161_00_t009.spt
それじゃあ、ここで行き先を決めて探索する活動を,"Well, then, here's where we're going to go and what activities we're going to explore.",romfs\story\spt\f03_010_161_00_t009.spt
ついこの間まで、まっ白だったのにねえ。,"Until recently, it was all white.",romfs\story\spt\f03_010_161_00_t009.spt
なんだか部活っぽくなってきたねえ。,"It's starting to look like a club activity, isn't it?",romfs\story\spt\f03_010_161_00_t009.spt
へえ、ちゃんと機能してるね。,"Heh, it's functioning properly.",romfs\story\spt\f03_010_161_00_t009.spt
まあ,oh!,romfs\story\spt\f03_010_161_00_t009.spt
俺が勝手に利用しただけなんだが…,I just took advantage of it on my own...,romfs\story\spt\f03_010_161_00_t009.spt
続けて続けて、はっはっは。,"Go on and on and on, haha.",romfs\story\spt\f03_010_161_00_t009.spt
続けて、と言われても…,"Go on, I'm told...",romfs\story\spt\f03_010_161_00_t011.spt
…と、そうそう、さっきのメダリアだがな,"...and, oh yeah, that medallion you just mentioned.",romfs\story\spt\f03_010_161_00_t021.spt
セッティングアプリのメダルのタブを開いて,Open the Medals tab in the Settings application.,romfs\story\spt\f03_010_161_00_t021.spt
メダリアの強力な効果を利用しない手はないからな。,Because there's no way not to take advantage of the powerful effects of medallias.,romfs\story\spt\f03_010_161_00_t021.spt
メダリアを選べばセットできる。,"If you choose medallions, you can set them up.",romfs\story\spt\f03_010_161_00_t021.spt
探検部の共有物にしておいたぞ。,I've made it a common property of the Exploration Department.,romfs\story\spt\f03_010_161_00_t021.spt
積極的に試してみてくれ。,Try to be proactive.,romfs\story\spt\f03_010_161_00_t021.spt
ええとええと,uh-huh,romfs\story\spt\f03_010_161_00_t031.spt
お前、てきとうに選んで決めてくれ。,"You, just pick and choose.",romfs\story\spt\f03_010_161_00_t031.spt
どうだ？,What do you think?,romfs\story\spt\f03_010_161_00_t031.spt
どこからでも構わん。,It doesn't matter where you start.,romfs\story\spt\f03_010_161_00_t031.spt
ふっ。,Phew.,romfs\story\spt\f03_010_161_00_t031.spt
俺はぜんぶ行くつもりだったから,I was going to go all the way.,romfs\story\spt\f03_010_161_00_t031.spt
行ってみたい場所だらけですよ！,There are so many places I would like to visit!,romfs\story\spt\f03_010_161_00_t031.spt
行ってみたい場所はあるか？,Is there a place you would like to visit?,romfs\story\spt\f03_010_161_00_t031.spt
説明は以上だ。,That's all the explanation.,romfs\story\spt\f03_010_161_00_t031.spt
ダクト開通,duct opening,romfs\story\spt\f03_020_211_00.spt
扉前,front door,romfs\story\spt\f03_020_211_00.spt
扉前注視点,front door viewpoint,romfs\story\spt\f03_020_211_00.spt
あ、扉…,"Oh, the door...",romfs\story\spt\f03_020_211_00_t001.spt
ここだ。,Here it is.,romfs\story\spt\f03_020_211_00_t001.spt
ああ、それは前のときに俺も確かめた。,"Yeah, I made sure of that the last time I was there.",romfs\story\spt\f03_020_211_00_t002.spt
おそらく内側にスイッチ等があるはずだ。,"Perhaps there are switches, etc. on the inside.",romfs\story\spt\f03_020_211_00_t002.spt
このあたり、地下にしては空気に淀みがない。,The air is not stagnant for underground in this area.,romfs\story\spt\f03_020_211_00_t002.spt
この扉以外に、向こうに通じる道があるはず…,There must be another way to the other side besides this door...,romfs\story\spt\f03_020_211_00_t002.spt
その内側に行くにはどうするかって話でしょ？,You're talking about how to get to the inside of it.,romfs\story\spt\f03_020_211_00_t002.spt
それを探すんですね！,That's what you look for!,romfs\story\spt\f03_020_211_00_t002.spt
だが、なんとかなりそうなんだ。,But I think I can manage.,romfs\story\spt\f03_020_211_00_t002.spt
なんとか…？,Somehow...?,romfs\story\spt\f03_020_211_00_t002.spt
イミわかんないんだけど。,I don't know what's going on.,romfs\story\spt\f03_020_211_00_t002.spt
見たところ、この扉は自動ロック式だ。,"From the looks of it, this door is self-locking.",romfs\story\spt\f03_020_211_00_t002.spt
開かないや。,It won't open.,romfs\story\spt\f03_020_211_00_t002.spt
ダクト_out,Duct_out,romfs\story\spt\f03_020_211_10.spt
ダクト侵入,Duct intrusion,romfs\story\spt\f03_020_211_10.spt
ダクト前,Before duct,romfs\story\spt\f03_020_211_10.spt
ダクト蓋,duct cap,romfs\story\spt\f03_020_211_10.spt
パイプ,pipe,romfs\story\spt\f03_020_211_10.spt
パイプ前,Before Pipe,romfs\story\spt\f03_020_211_10.spt
見ろ。,See.,romfs\story\spt\f03_020_211_10_t001.spt
ああ。あのハッチを開ければ,Oh. If you open that hatch.,romfs\story\spt\f03_020_211_10_t002.spt
あれ開けてくぐる気？,Are you going to open that thing and go through it?,romfs\story\spt\f03_020_211_10_t002.spt
けど…,But...,romfs\story\spt\f03_020_211_10_t002.spt
たとえば,for example,romfs\story\spt\f03_020_211_10_t002.spt
なら――,Then--,romfs\story\spt\f03_020_211_10_t002.spt
なるほど！,I see!,romfs\story\spt\f03_020_211_10_t002.spt
まかせろっ。,I'll leave it to you.,romfs\story\spt\f03_020_211_10_t002.spt
オレの出番かっ？,Is it my turn?,romfs\story\spt\f03_020_211_10_t002.spt
セッシャの出番かっ？,Is it Sesha's turn?,romfs\story\spt\f03_020_211_10_t002.spt
ソウゼツなダイエットが必要ね。,I need to go on a sous vide diet.,romfs\story\spt\f03_020_211_10_t002.spt
ダクトから先に進めるだろう。,They would be able to move on from the ducts.,romfs\story\spt\f03_020_211_10_t002.spt
人間ならな。,If it's human.,romfs\story\spt\f03_020_211_10_t002.spt
通風口、ですよね？,"Vents, right?",romfs\story\spt\f03_020_211_10_t002.spt
ここだな？,This is it?,romfs\story\spt\f03_020_211_10_t003.spt
やってみよう。,Let's do it.,romfs\story\spt\f03_020_211_10_t004.spt
やってみるぞ。,We'll try.,romfs\story\spt\f03_020_211_10_t004.spt
開きそう？,Is it going to open?,romfs\story\spt\f03_020_211_10_t004.spt
いいぞ,"hear, hear!",romfs\story\spt\f03_025_212_00_t001.spt
んーと。,Hmmm.,romfs\story\spt\f03_025_212_00_t001.spt
中の様子はどんな感じ？,What's it like inside?,romfs\story\spt\f03_025_212_00_t001.spt
あたりを調べてみてくれるか,Can you check around?,romfs\story\spt\f03_025_212_00_t002.spt
なんにも見えないぞ。,I don't see anything.,romfs\story\spt\f03_025_212_00_t002.spt
なんにも見えないのだ。,I can't see anything.,romfs\story\spt\f03_025_212_00_t002.spt
スイッチかなんかあると思うんだ。,I think there's a switch or something.,romfs\story\spt\f03_025_212_00_t002.spt
暗いのか…,It's dark...,romfs\story\spt\f03_025_212_00_t002.spt
シャッター,camera shutter,romfs\story\spt\f03_025_212_10.spt
プラグOFF,Plug OFF,romfs\story\spt\f03_025_212_10.spt
プラグON,Plug ON,romfs\story\spt\f03_025_212_10.spt
倉庫_out,Warehouse_out,romfs\story\spt\f03_025_212_10.spt
倉庫前,In front of warehouse,romfs\story\spt\f03_025_212_10.spt
お？,Oh?,romfs\story\spt\f03_025_212_10_t001.spt
むむ？,Mm-hmm?,romfs\story\spt\f03_025_212_10_t001.spt
あっ、トロッコがありますよ。,"Oh, there is a trolley.",romfs\story\spt\f03_025_212_10_t002.spt
が見たところ…,From what I've seen...,romfs\story\spt\f03_025_212_10_t002.spt
ここになにがあるって？,What's here?,romfs\story\spt\f03_025_212_10_t002.spt
それはわからん。,I don't know about that.,romfs\story\spt\f03_025_212_10_t002.spt
で？,And?,romfs\story\spt\f03_025_212_10_t002.spt
やったな,You did it.,romfs\story\spt\f03_025_212_10_t002.spt
エレベータの仕組みと同じだな。,It's just like how an elevator works.,romfs\story\spt\f03_025_212_10_t002.spt
カンタンだったぞ。,It was easy.,romfs\story\spt\f03_025_212_10_t002.spt
線路も…,And the tracks...,romfs\story\spt\f03_025_212_10_t002.spt
調べよう。,Check it out.,romfs\story\spt\f03_025_212_10_t002.spt
電源を入れたら明かりと同時に扉も開いたのか。,"When you turned on the power, did the door open at the same time as the light?",romfs\story\spt\f03_025_212_10_t002.spt
わあっ！！,Wow!,romfs\story\spt\f03_030_212_00_t001.spt
f03ミオnpc配置,f03 myo npc placement,romfs\story\spt\f03_030_230_10.spt
f03リョウマnpc配置,f03 leoma npc placement,romfs\story\spt\f03_030_230_10.spt
出口ストッパー戻り位置,Exit stopper return position,romfs\story\spt\f03_030_230_10.spt
初回,first,romfs\story\spt\f03_030_230_10.spt
…お。,...Oh.,romfs\story\spt\f03_030_230_10_t001.spt
ここどこ？,Where am I?,romfs\story\spt\f03_030_230_10_t001.spt
広い場所に出ましたねー。,You've got a big place!,romfs\story\spt\f03_030_230_10_t001.spt
おそらくはな。,Probably.,romfs\story\spt\f03_030_230_10_t002.spt
かなり大きな鉱山だったようだが…,Seems like it was a pretty big mine...,romfs\story\spt\f03_030_230_10_t002.spt
これきっと鉱山だった場所…　ですよね。,This must be where the mine used to be.,romfs\story\spt\f03_030_230_10_t002.spt
それにしても、でっかい洞窟だなあ。,"Still, it's a big cave, isn't it?",romfs\story\spt\f03_030_230_10_t002.spt
位置情報なし…　か。,No location information...?,romfs\story\spt\f03_030_230_10_t002.spt
規模と設備から見るに,In terms of size and facilities,romfs\story\spt\f03_030_230_10_t002.spt
あっちが外よね。,That one is out there.,romfs\story\spt\f03_030_230_10_t003.spt
え～。,Eh~.,romfs\story\spt\f03_030_230_10_t003.spt
せっかく来たんだ、もう少し調べさせてくれ。,"I've come all this way, let me check it out a little more.",romfs\story\spt\f03_030_230_10_t003.spt
まあそう焦るな。,"Well, don't be in such a hurry.",romfs\story\spt\f03_030_230_10_t003.spt
行きましょ。,Let's go.,romfs\story\spt\f03_030_230_10_t003.spt
メタビーとロボトル,Metabee and Lobottle,romfs\story\spt\f03_040_230_00.spt
鉱山口のメタビー,Metabee at the mouth of the mine,romfs\story\spt\f03_040_230_00.spt
あのときのっ？？？,That time?,romfs\story\spt\f03_040_230_00_t002.spt
お前…,You...,romfs\story\spt\f03_040_230_00_t002.spt
それ以上、オレに近づくな。,Don't come any closer to me.,romfs\story\spt\f03_040_230_00_t003.spt
それ以上、ワタシに近づくな。,Don't come any closer to me.,romfs\story\spt\f03_040_230_00_t003.spt
メタビー前,Before Metabee,romfs\story\spt\f03_050_230_00.spt
メタビー前1,Metabee former 1,romfs\story\spt\f03_050_230_00.spt
メタビー前2,Metabee former 2,romfs\story\spt\f03_050_230_00.spt
メタビー戦後,post-Metabie World War II,romfs\story\spt\f03_050_230_00.spt
帰り道発見,Found on the way home,romfs\story\spt\f03_050_230_00.spt
…似てない？,...similarity?,romfs\story\spt\f03_050_230_00_t002.spt
…違うのか！？,...you're not!,romfs\story\spt\f03_050_230_00_t002.spt
ああ…　確かに似てるな。どっちもカブト型か。,Yeah... they sure look alike. They're both horseshoe-shaped.,romfs\story\spt\f03_050_230_00_t002.spt
ああ…　確かに似てるな。どっちもクワガタ型か。,Yeah... they sure look alike. They're both stag-shaped.,romfs\story\spt\f03_050_230_00_t002.spt
あんたの知り合いなの？,Do I know you?,romfs\story\spt\f03_050_230_00_t002.spt
こいつと,with this guy,romfs\story\spt\f03_050_230_00_t002.spt
この学校に来る、ほんの少し前に,Just a few minutes before I came to this school.,romfs\story\spt\f03_050_230_00_t002.spt
つ、強い…！,"One, strong...!",romfs\story\spt\f03_050_230_00_t002.spt
なあお前、あのときのメダロットだろ？,"Hey, you were Medabot back then, right?",romfs\story\spt\f03_050_230_00_t002.spt
ふつうに考えたら、そうですよね。,"Usually, that's the case.",romfs\story\spt\f03_050_230_00_t002.spt
わからない…,I don't know...,romfs\story\spt\f03_050_230_00_t002.spt
今、気がついたけど,I just realized something.,romfs\story\spt\f03_050_230_00_t002.spt
島の外でか？,Off the island?,romfs\story\spt\f03_050_230_00_t002.spt
強いぞコイツ！！,This guy is strong!,romfs\story\spt\f03_050_230_00_t002.spt
くっそお…！,Damn...!,romfs\story\spt\f03_050_230_00_t003.spt
そういうの。,That kind of thing.,romfs\story\spt\f03_050_230_00_t003.spt
でもよお！,But hey!,romfs\story\spt\f03_050_230_00_t003.spt
なあリョウマ、もっかいやらせてくれ。,"Hey, Ryoma, let me try again.",romfs\story\spt\f03_050_230_00_t003.spt
なにかって、なによ。,What is it?,romfs\story\spt\f03_050_230_00_t003.spt
まるで、なにかを守っているみたい。,It's as if they are protecting something.,romfs\story\spt\f03_050_230_00_t003.spt
やめておいたほうがいい。,You shouldn't.,romfs\story\spt\f03_050_230_00_t003.spt
今の俺らが勝てる相手じゃない。,It's not someone we can beat right now.,romfs\story\spt\f03_050_230_00_t003.spt
好きよね,I love it.,romfs\story\spt\f03_050_230_00_t003.spt
守っている、か。,"Protecting, huh?",romfs\story\spt\f03_050_230_00_t003.spt
確かにな。,Indeed.,romfs\story\spt\f03_050_230_00_t003.spt
近づけば襲ってくるが,They will attack you if you get too close.,romfs\story\spt\f03_050_230_00_t003.spt
迷子の子ネコちゃんとか、そういう系？,A lost kitty or something of that nature?,romfs\story\spt\f03_050_230_00_t003.spt
追っては来ないのか。,Are they not coming after you?,romfs\story\spt\f03_050_230_00_t003.spt
いくど戦っても結果は変わらぬ。,"No matter how many times you fight, the result is always the same.",romfs\story\spt\f03_050_230_00_t101.spt
なんどやっても同じだ。,It's the same no matter how many times you do it.,romfs\story\spt\f03_050_230_00_t101.spt
また来たか…,Come again...,romfs\story\spt\f03_050_230_00_t101.spt
また来たのか…,Here we go again...,romfs\story\spt\f03_050_230_00_t101.spt
くっ、やはり敵わぬか…,I guess I'm still no match for him...,romfs\story\spt\f03_050_230_00_t102.spt
やっぱ強いな、お前…！,"I knew you were strong, dude...!",romfs\story\spt\f03_050_230_00_t102.spt
おい勝ったぞ！,"Hey, we won!",romfs\story\spt\f03_050_230_00_t103.spt
なんか言え！,Say something!,romfs\story\spt\f03_050_230_00_t103.spt
やった…！！,Yes...!,romfs\story\spt\f03_050_230_00_t103.spt
そう焦るな。,Don't be in such a hurry.,romfs\story\spt\f03_060_230_00_t001.spt
ゲート,gate,romfs\story\spt\f03_070_230_00.spt
校門前,in front of school gate,romfs\story\spt\f03_070_230_00.spt
…かもな。,...maybe.,romfs\story\spt\f03_070_230_00_t001.spt
あっ、この先に見えるの、あれ…,"Oh, that thing you see up ahead...",romfs\story\spt\f03_070_230_00_t001.spt
いいでしょもう、さっさと行きましょ。,"Okay, let's just get on with it.",romfs\story\spt\f03_070_230_00_t001.spt
これ…　自然に壊れたんじゃないですね。,This... didn't break naturally.,romfs\story\spt\f03_070_230_00_t001.spt
だれかがわざと壊したんでしょうか…？,Did someone break it on purpose...?,romfs\story\spt\f03_070_230_00_t001.spt
つい最近まで、ここからさっきの鉱山口に,"Until recently, from here to the mine entrance earlier.",romfs\story\spt\f03_070_230_00_t001.spt
つまり――,In other words--,romfs\story\spt\f03_070_230_00_t001.spt
どうしたんですか？,What's wrong?,romfs\story\spt\f03_070_230_00_t001.spt
なるほど、そういうことか…,I see... that's how it works...,romfs\story\spt\f03_070_230_00_t001.spt
ま、いいじゃないのそんなこと。,"Well, that's okay.",romfs\story\spt\f03_070_230_00_t001.spt
わたし早くおフロに入りたいんですけど！,I can't wait to get into the bathroom!,romfs\story\spt\f03_070_230_00_t001.spt
以前はこうではなかった。,It was not like this before.,romfs\story\spt\f03_070_230_00_t001.spt
入ることはできなかったんだ。,I couldn't get in.,romfs\story\spt\f03_070_230_00_t001.spt
少し歩けば校舎も見えてくる。,A short walk will bring you to the school building.,romfs\story\spt\f03_070_230_00_t001.spt
柵が壊れているだろう。,The fence will be broken.,romfs\story\spt\f03_070_230_00_t001.spt
港じゃないですか？,Isn't it a port?,romfs\story\spt\f03_070_230_00_t001.spt
行きましょう！,Let's go!,romfs\story\spt\f03_070_230_00_t001.spt
リュウセイとケンカ,Fights with Ryusei,romfs\story\spt\f03_080_100_00.spt
レスキュー部イベント1,Rescue Department Event 1,romfs\story\spt\f03_080_100_00.spt
レスキュー部退場,Rescue Department Exit,romfs\story\spt\f03_080_100_00.spt
校舎_out,School building_out,romfs\story\spt\f03_080_100_00.spt
校舎前,In front of school building,romfs\story\spt\f03_080_100_00.spt
生徒女2年_F,"Student Woman, 2nd year_F",romfs\story\spt\f03_080_100_00.spt
生徒女3年_D,"Student Woman, 3rd year_D",romfs\story\spt\f03_080_100_00.spt
生徒男2年_E,"Student male, 2nd year_E",romfs\story\spt\f03_080_100_00.spt
生徒男3年_A,"Student male, 3rd year_A",romfs\story\spt\f03_080_100_00.spt
いいねえお気楽部は,"Nice, easygoing club.",romfs\story\spt\f03_080_100_00_t001.spt
おサンポ同好会とかによ。,It's for the Osampo club or something.,romfs\story\spt\f03_080_100_00_t001.spt
お前こそ、ここでなにしてんだよ。,What are you doing here?,romfs\story\spt\f03_080_100_00_t001.spt
お前らいったいどんな活動してんだよ。,What the hell kind of activities are you guys doing?,romfs\story\spt\f03_080_100_00_t001.spt
どこ行ってたんだよ、おサンポか？,"Where have you been, Osampo?",romfs\story\spt\f03_080_100_00_t001.spt
なんだとぉ！,What the hell!,romfs\story\spt\f03_080_100_00_t001.spt
よう,"counter for leaves, pieces of paper, etc.",romfs\story\spt\f03_080_100_00_t001.spt
ノドカで。,In Nodoka.,romfs\story\spt\f03_080_100_00_t001.spt
リュウセイ…,Ryusei...,romfs\story\spt\f03_080_100_00_t001.spt
今日は外輪山まで往復だぜ！,Today we're going to the outer rim of the mountain and back!,romfs\story\spt\f03_080_100_00_t001.spt
名前、変えたほうがいいんじゃねーか？,Maybe you should change your name.,romfs\story\spt\f03_080_100_00_t001.spt
外輪山…？,Outer rim...?,romfs\story\spt\f03_080_100_00_t001.spt
島の地名もロクに知らねーとか！,I hear you don't even know the names of the places on the island!,romfs\story\spt\f03_080_100_00_t001.spt
探検部…　だっけ？,Exploration club... or was it?,romfs\story\spt\f03_080_100_00_t001.spt
知らねーの？,Don't you know?,romfs\story\spt\f03_080_100_00_t001.spt
見りゃわかんだろ？,"You know it when you see it, don't you?",romfs\story\spt\f03_080_100_00_t001.spt
野外演習に行くトコさ。,I'm going to a field exercise.,romfs\story\spt\f03_080_100_00_t001.spt
あ、やべっ。,"Oh, shit.",romfs\story\spt\f03_080_100_00_t002.spt
待て！,Wait!,romfs\story\spt\f03_080_100_00_t003.spt
じゃあな！,See you!,romfs\story\spt\f03_080_100_00_t004.spt
またこんど相手してやるから,I'll deal with you again.,romfs\story\spt\f03_080_100_00_t004.spt
わり,rate,romfs\story\spt\f03_080_100_00_t004.spt
オレお前みたくヒマじゃねーんだ。,I don't have time like you.,romfs\story\spt\f03_080_100_00_t004.spt
今回はコレでカンベンしてやるよ。,I'll let this one slide this time.,romfs\story\spt\f03_080_100_00_t004.spt
……いや。,...... No.,romfs\story\spt\f03_080_100_00_t005.spt
なにが相手にしてやる、だ。,"What do you mean, ""I'll deal with them""?",romfs\story\spt\f03_080_100_00_t005.spt
まあ、いずれ決着をつけてやればいい。,"Well, let them settle it sooner or later.",romfs\story\spt\f03_080_100_00_t005.spt
めずらしいですね！,It is rare!,romfs\story\spt\f03_080_100_00_t005.spt
クラスメイトか？,Classmates?,romfs\story\spt\f03_080_100_00_t005.spt
ジョウダンですか？,Jodan?,romfs\story\spt\f03_080_100_00_t005.spt
自分から勝手につっかかってきたクセに！,You're the one who got stuck with them on your own!,romfs\story\spt\f03_080_100_00_t005.spt
転入そうそう仲がいいな。,You're so close to each other as soon as you move in.,romfs\story\spt\f03_080_100_00_t005.spt
部に戻ろう。,Let's go back to the section.,romfs\story\spt\f03_080_100_00_t005.spt
部長にも報告せんとな。,I'll have to inform the director.,romfs\story\spt\f03_080_100_00_t005.spt
右上,right-upper,romfs\story\spt\f03_090_161_00.spt
あまりのすごさに,It's so amazing.,romfs\story\spt\f03_090_161_00_t002.spt
あんまりそうは見えないけど。,It doesn't look like much.,romfs\story\spt\f03_090_161_00_t002.spt
いいよそんなの。,That's fine.,romfs\story\spt\f03_090_161_00_t002.spt
いやいや、うちの学校ってほら,"No, no, no, our school, you see.",romfs\story\spt\f03_090_161_00_t002.spt
うん、すごい。,"Yeah, great.",romfs\story\spt\f03_090_161_00_t002.spt
かなりの知識が必要だってこと。,It means you need to know quite a bit.,romfs\story\spt\f03_090_161_00_t002.spt
こないだ拾ったメモリークリスタルあるでしょ？,You know that memory crystal I picked up the other day?,romfs\story\spt\f03_090_161_00_t002.spt
この設計図を正しく理解し復元させるには,To properly understand and restore this blueprint,romfs\story\spt\f03_090_161_00_t002.spt
さっきからコーフンしっぱなしだよ、ぼくは。,I've been excited about this for a while now.,romfs\story\spt\f03_090_161_00_t002.spt
そ、それってすごいことなんじゃ…！？,Isn't that amazing...!,romfs\story\spt\f03_090_161_00_t002.spt
それより聞いてよ。,But listen to me.,romfs\story\spt\f03_090_161_00_t002.spt
それを検知することができるらしいんだ。,They say they can detect that.,romfs\story\spt\f03_090_161_00_t002.spt
ただし問題があるんだ。,"There is a problem, however.",romfs\story\spt\f03_090_161_00_t002.spt
だね。,Yes.,romfs\story\spt\f03_090_161_00_t002.spt
つまり、それさえあれば、目で確認しなくても,"In other words, as long as you have it, you don't have to check it with your eyes.",romfs\story\spt\f03_090_161_00_t002.spt
つまりムリってことね。,"In other words, it's impossible.",romfs\story\spt\f03_090_161_00_t002.spt
で、なんだったんだ？,So what was it?,romfs\story\spt\f03_090_161_00_t002.spt
どのていどの知識が必要なんだ？,What level of knowledge do you need?,romfs\story\spt\f03_090_161_00_t002.spt
どんな天才がまぎれてるかわからないでしょ～。,You never know what kind of geniuses might be in the mix!,romfs\story\spt\f03_090_161_00_t002.spt
なにっ？,What?,romfs\story\spt\f03_090_161_00_t002.spt
ひどいなあ。,That's terrible.,romfs\story\spt\f03_090_161_00_t002.spt
ほう。,Hou.,romfs\story\spt\f03_090_161_00_t002.spt
ぼくらも報告があるんです！,"We have a report, too!",romfs\story\spt\f03_090_161_00_t002.spt
やあ、待ってたよ。,"Hey, I've been waiting for you.",romfs\story\spt\f03_090_161_00_t002.spt
ようやくデータが吸い出せたんだよ。,I was finally able to suck out the data.,romfs\story\spt\f03_090_161_00_t002.spt
よくわかんないけど、そうだねー。,"I don't know, but I guess so.",romfs\story\spt\f03_090_161_00_t002.spt
ガイガーカウンターのほうが近いかも。,A Geiger counter might be closer.,romfs\story\spt\f03_090_161_00_t002.spt
メダリアだけが持つ特殊な反応があって,There's a special reaction that only medallias have.,romfs\story\spt\f03_090_161_00_t002.spt
メダリアってのは、どうやら,Medalia seems to be the way to go.,romfs\story\spt\f03_090_161_00_t002.spt
メダリアのありかがわかる…　ということか？,I know where the medallias are... you mean?,romfs\story\spt\f03_090_161_00_t002.spt
メダリア探知機の設計図。,Blueprint for a medallion detector.,romfs\story\spt\f03_090_161_00_t002.spt
レーダーみたいなものか？,Like radar?,romfs\story\spt\f03_090_161_00_t002.spt
世界中からエリートが集まってるんでしょ。,You have elites from all over the world.,romfs\story\spt\f03_090_161_00_t002.spt
仕組みは？,How does it work?,romfs\story\spt\f03_090_161_00_t002.spt
具体的には？,What are the specifics?,romfs\story\spt\f03_090_161_00_t002.spt
問題？,Problem?,romfs\story\spt\f03_090_161_00_t002.spt
報告？,Report?,romfs\story\spt\f03_090_161_00_t002.spt
実は――,Actually--,romfs\story\spt\f03_090_161_00_t002.spt
少なくとも、ぼくごときではサッパリだよ。,"At least, I can't get it.",romfs\story\spt\f03_090_161_00_t002.spt
探知できるもの、らしいんだ。,"It's something that can be detected, apparently.",romfs\story\spt\f03_090_161_00_t002.spt
物理学やら化学やら数学やら機械工学やら,"Physics, chemistry, mathematics, mechanical engineering.",romfs\story\spt\f03_090_161_00_t002.spt
特待生…,Special students...,romfs\story\spt\f03_090_161_00_t002.spt
特待生クラスにでもなれば,If you're in a special class.,romfs\story\spt\f03_090_161_00_t002.spt
理系の高度な知識は、ほとんど必要な感じだね。,It's almost like you need advanced knowledge in the sciences.,romfs\story\spt\f03_090_161_00_t002.spt
違うっぽいね。,It sounds different.,romfs\story\spt\f03_090_161_00_t002.spt
そうかもしれないけど…,"Maybe so, but...",romfs\story\spt\f03_090_161_00_t003.spt
なんとかならないかなあ。,I wonder if we can do something about it.,romfs\story\spt\f03_090_161_00_t003.spt
やっぱりムリじゃないか？,I knew it. I knew it.,romfs\story\spt\f03_090_161_00_t003.spt
うろうろ左,wandering left,romfs\story\spt\f03_100_151_00.spt
あ、リョウマさんだ…,"Oh, it's Mr. Ryoma...",romfs\story\spt\f03_100_151_00_t001.spt
お前も出るんだぞ。,"You're getting out, too.",romfs\story\spt\f03_100_151_00_t002.spt
そうです。,Yes.,romfs\story\spt\f03_100_151_00_t002.spt
もちろん探検部にも参加義務がある。,"Of course, the exploration club is obligated to participate.",romfs\story\spt\f03_100_151_00_t002.spt
わかりました！,I understand!,romfs\story\spt\f03_100_151_00_t002.spt
クラブ対抗の大会だ。,It's an inter-club competition.,romfs\story\spt\f03_100_151_00_t002.spt
ロボトル大会がある。,There is a robattle competition.,romfs\story\spt\f03_100_151_00_t002.spt
俺が、というより部長が、だが…,"I mean, not me, but the director, but...",romfs\story\spt\f03_100_151_00_t002.spt
明日の放課後,Tomorrow after school,romfs\story\spt\f03_100_151_00_t002.spt
明日！？,Tomorrow!,romfs\story\spt\f03_100_151_00_t002.spt
言い忘れた。,Forgot to say.,romfs\story\spt\f03_100_151_00_t002.spt
いちばん、かぁ。,"The best, huh?",romfs\story\spt\f03_100_151_00_t003.spt
だれがいちばん強いか決めるのか！？,You decide who is the strongest!,romfs\story\spt\f03_100_151_00_t003.spt
だれがいちばん強いか決めるんだ。,Decide who is the strongest.,romfs\story\spt\f03_100_151_00_t003.spt
なれたらいいなあ…！,I wish I could be...!,romfs\story\spt\f03_100_151_00_t003.spt
みんなでロボトルして,robattle with everyone.,romfs\story\spt\f03_100_151_00_t003.spt
よし、いちばんになるぞ！,"Okay, I'll be first!",romfs\story\spt\f03_100_151_00_t003.spt
オレそれ出たい！,I want to be in it!,romfs\story\spt\f03_100_151_00_t003.spt
セッシャが出ても良いのか？,Can we get sesha?,romfs\story\spt\f03_100_151_00_t003.spt
ロボトル大会だってさ,They're having a robattle tournament.,romfs\story\spt\f03_100_151_00_t003.spt
ロボトル大会！,Lobottle competition!,romfs\story\spt\f03_100_151_00_t003.spt
出たいぞ！,I want to get out!,romfs\story\spt\f03_100_151_00_t003.spt
出る！,Appearance!,romfs\story\spt\f03_100_151_00_t003.spt
大会ってなんだ？,What's the convention?,romfs\story\spt\f03_100_151_00_t003.spt
安心しろ。,Rest assured.,romfs\story\spt\f03_100_151_00_t003.spt
明日になったら、イヤでも出られるさ。,"Tomorrow, you'll be able to get out, even if you don't want to.",romfs\story\spt\f03_100_151_00_t003.spt
本当かっ？,Really?,romfs\story\spt\f03_100_151_00_t003.spt
教壇へ2,To the Pulpit 2,romfs\story\spt\f04_010_117_00.spt
生徒女1年_D転入生傍観,"Student Woman, 1st year_D transfer student on the sidelines",romfs\story\spt\f04_010_117_00.spt
生徒男1年_E転入生傍観,Student Male 1st Year_E Transfer Student Sidelines,romfs\story\spt\f04_010_117_00.spt
生徒男1年_E転入生傍観_メダ,"Student man, 1st year_E transfer student on the sidelines_Med.",romfs\story\spt\f04_010_117_00.spt
転入生_メダ,Transfer student_meda,romfs\story\spt\f04_010_117_00.spt
転入生の席,Seats for transfer students,romfs\story\spt\f04_010_117_00.spt
転入生メダの席,Transfer student Meda's seat,romfs\story\spt\f04_010_117_00.spt
転入生付近1,Near transfer students1,romfs\story\spt\f04_010_117_00.spt
転入生付近1_メダ,Near transfer student 1_meda,romfs\story\spt\f04_010_117_00.spt
転入生付近2,Near transfer student 2,romfs\story\spt\f04_010_117_00.spt
転入生付近2_メダ,Near transfer 2_meda,romfs\story\spt\f04_010_117_00.spt
転入生付近3,Near transfer students3,romfs\story\spt\f04_010_117_00.spt
転入生付近3_メダ,Transfer Student Near 3_Meda,romfs\story\spt\f04_010_117_00.spt
おはようございま～す！,Good morning!,romfs\story\spt\f04_010_117_00_t001.spt
おはよう！,Good morning!,romfs\story\spt\f04_010_117_00_t001.spt
みんな,everyone,romfs\story\spt\f04_010_117_00_t001.spt
お知らせがあります。,Notice is hereby given.,romfs\story\spt\f04_010_117_00_t002.spt
ところで、出場予定の人いる？,"By the way, is anyone planning to compete?",romfs\story\spt\f04_010_117_00_t002.spt
は～い！,Yes~yes!,romfs\story\spt\f04_010_117_00_t002.spt
ひとつ目。,One.,romfs\story\spt\f04_010_117_00_t002.spt
まだ１年生だし、いないとは思うけど――,"I'm only a freshman, and I don't think there are any--",romfs\story\spt\f04_010_117_00_t002.spt
みんな、授業が終わりしだい,"Everyone, as soon as class is over.",romfs\story\spt\f04_010_117_00_t002.spt
もうみんな知ってると思うけど――,I think we all know that by now--,romfs\story\spt\f04_010_117_00_t002.spt
クラブ対抗のロボトル大会があります。,There will be an inter-club robattle tournament.,romfs\story\spt\f04_010_117_00_t002.spt
今日の放課後,After school today,romfs\story\spt\f04_010_117_00_t002.spt
今日はふたつ,two today,romfs\story\spt\f04_010_117_00_t002.spt
各部の指示に従って、体育館に向かってちょうだい。,Please follow the directions of each department to the gymnasium.,romfs\story\spt\f04_010_117_00_t002.spt
あなた出場するの？,Are you going to compete?,romfs\story\spt\f04_010_117_00_t003.spt
あら、リュウセイくん。,"Oh, Ryusei.",romfs\story\spt\f04_010_117_00_t003.spt
いないかな？,Is there anyone?,romfs\story\spt\f04_010_117_00_t003.spt
いやはははははは。,No ha ha ha ha.,romfs\story\spt\f04_010_117_00_t003.spt
ええ？　それじゃあリュウセイくん,"Yeah? - Yeah.　Okay, Mr. Ryusei.",romfs\story\spt\f04_010_117_00_t003.spt
けさ部長にそう言われたっス。,That's what the director told me this morning.,romfs\story\spt\f04_010_117_00_t003.spt
すっご～い！,Amazing~!,romfs\story\spt\f04_010_117_00_t003.spt
ほかに出場する人いる？,Who else is going to compete?,romfs\story\spt\f04_010_117_00_t003.spt
レスキュー部だよね？,"Rescue Department, right?",romfs\story\spt\f04_010_117_00_t003.spt
部のトップ３人に選ばれたってこと？,You mean the top three people in the department were chosen?,romfs\story\spt\f04_010_117_00_t003.spt
あ、はい…,"Uh, yes...",romfs\story\spt\f04_010_117_00_t004.spt
くんも出場するの？,Are you going to compete too?,romfs\story\spt\f04_010_117_00_t004.spt
どうして黙ってるんだ？,Why don't you tell me?,romfs\story\spt\f04_010_117_00_t004.spt
どうやら、そのようで…,It appears that...,romfs\story\spt\f04_010_117_00_t004.spt
なぜ黙っているのだ？,Why are you silent?,romfs\story\spt\f04_010_117_00_t004.spt
なんだと！？,What the hell?,romfs\story\spt\f04_010_117_00_t004.spt
まあ！,Well!,romfs\story\spt\f04_010_117_00_t004.spt
われわれも出るぞ！,We'll be there!,romfs\story\spt\f04_010_117_00_t004.spt
オレたちも出るぞ！,We'll be there!,romfs\story\spt\f04_010_117_00_t004.spt
あいつどこ入ったんだっけ？,Where did that guy get in?,romfs\story\spt\f04_010_117_00_t005.spt
え？　探検部？,Huh?　Exploration club?,romfs\story\spt\f04_010_117_00_t005.spt
って,if ... then,romfs\story\spt\f04_010_117_00_t005.spt
よっぽど部員が足りないんじゃ――,I guess they're really short on staff--,romfs\story\spt\f04_010_117_00_t005.spt
ロボトルは確か――,I'm pretty sure the lobottle is--,romfs\story\spt\f04_010_117_00_t005.spt
静かにー！,Quiet!,romfs\story\spt\f04_010_117_00_t005.spt
くんを応援しましょう！,Let's support Mr. Kun!,romfs\story\spt\f04_010_117_00_t006.spt
この大会は生徒会を中心に運営される,This tournament is run primarily by the student council.,romfs\story\spt\f04_010_117_00_t006.spt
そして、クラス代表でもあるリュウセイくん,"And Ryusei, the class representative",romfs\story\spt\f04_010_117_00_t006.spt
みんな、所属するクラブの応援と,Everyone should support their clubs and,romfs\story\spt\f04_010_117_00_t006.spt
先生たちは、体育館の隅っこで,Teachers are in the corner of the gymnasium.,romfs\story\spt\f04_010_117_00_t006.spt
楽しく応援させてもらうからね。,I'll be happy to cheer you on.,romfs\story\spt\f04_010_117_00_t006.spt
生徒たちだけの大会です。,This is a competition for students only.,romfs\story\spt\f04_010_117_00_t006.spt
運営のお手伝い、がんばって。,Good luck in helping with the operation.,romfs\story\spt\f04_010_117_00_t006.spt
ごめんね待たせちゃって。,Sorry for making you wait.,romfs\story\spt\f04_010_117_00_t007.spt
入ってちょうだい、サイカさん！,"Come on in, Saika!",romfs\story\spt\f04_010_117_00_t007.spt
あなたの席は、いちばん後ろの廊下側ね。,"Your seat is at the very back, by the hallway.",romfs\story\spt\f04_010_117_00_t008.spt
おうちのつごうで来るのが少し遅くなって,I'm a little late coming because of a family emergency.,romfs\story\spt\f04_010_117_00_t008.spt
こ、こんにちは…,Hello...,romfs\story\spt\f04_010_117_00_t008.spt
しまいましたが、みなさんと同じ新入生です。,I am a new student like all of you.,romfs\story\spt\f04_010_117_00_t008.spt
それで、あのぅ…,"So, um...",romfs\story\spt\f04_010_117_00_t008.spt
それでは席についてちょうだい。,Then please take your seats.,romfs\story\spt\f04_010_117_00_t008.spt
な…,I'm not sure...,romfs\story\spt\f04_010_117_00_t008.spt
はぁい。,Yes.,romfs\story\spt\f04_010_117_00_t008.spt
よろしくお願いいたしますぅ！,Thank you very much!,romfs\story\spt\f04_010_117_00_t008.spt
よろしくお願いしま～す！,Best regards~!,romfs\story\spt\f04_010_117_00_t008.spt
サイカさんです。,Mr. Saika.,romfs\story\spt\f04_010_117_00_t008.spt
サイカって言いますぅ。,My name is Saika.,romfs\story\spt\f04_010_117_00_t008.spt
今日からみんなといっしょに、このクラスで勉強する,"From today, I will study in this class together with everyone.",romfs\story\spt\f04_010_117_00_t008.spt
仲良くしてくれたら、うれしいです！,I would be happy if you could get along with me!,romfs\story\spt\f04_010_117_00_t008.spt
（かわいい…）,(Cute...),romfs\story\spt\f04_010_117_00_t009.spt
（かわいい！）,(Cute!),romfs\story\spt\f04_010_117_00_t009.spt
さあ授業を始めるわよ。,"Come on, let's start class.",romfs\story\spt\f04_010_117_00_t010.spt
教科項目、開いて～。,"Subject items, open~.",romfs\story\spt\f04_010_117_00_t010.spt
…なにがだよ。,...What is it?,romfs\story\spt\f04_010_117_00_t011.spt
お前、オレらと反対側の山なのな。,You are on the opposite side of the mountain from us.,romfs\story\spt\f04_010_117_00_t011.spt
がっかりだぜ！,I'm disappointed!,romfs\story\spt\f04_010_117_00_t011.spt
せっかくボーナスステージだと思ったのによー。,I thought it was a bonus stage!,romfs\story\spt\f04_010_117_00_t011.spt
トーナメント表見たけど,I saw the tournament list.,romfs\story\spt\f04_010_117_00_t011.spt
残念だぜ。,"Too bad, man.",romfs\story\spt\f04_010_117_00_t011.spt
お先！,Ahead!,romfs\story\spt\f04_010_117_00_t012.spt
がんばってねリュウセイくん！,"Good luck, Ryusei!",romfs\story\spt\f04_010_117_00_t012.spt
応援するからねー！,I'll support you!,romfs\story\spt\f04_010_117_00_t012.spt
あ、それなら釣り部がいいよお。,"Oh, I'd like a fishing club then.",romfs\story\spt\f04_020_117_00_t001.spt
あっ、ごめんなさい…,"Oh, sorry...",romfs\story\spt\f04_020_117_00_t001.spt
いいよいいよ、気にしないで！,"It's okay, it's okay, don't worry about it!",romfs\story\spt\f04_020_117_00_t001.spt
いえ、まだ…,"No, not yet...",romfs\story\spt\f04_020_117_00_t001.spt
うちは釣って料理するとこまで、ぜんぶやるの。,We do everything from fishing to cooking.,romfs\story\spt\f04_020_117_00_t001.spt
だけどマリンスポーツは、やったことがなくてぇ。,But I have never tried marine sports.,romfs\story\spt\f04_020_117_00_t001.spt
ところでサイカさんは,"By the way, Mr. Saika...",romfs\story\spt\f04_020_117_00_t001.spt
どこのクラブに入るか、もう決めてるの？,Have you already decided which club you want to join?,romfs\story\spt\f04_020_117_00_t001.spt
なんだー。ヒマなら見学がてら,"What the heck. If you're free, I'd like to take a look around.",romfs\story\spt\f04_020_117_00_t001.spt
わたしお花、大好きなんですぅ。,I love flowers.,romfs\story\spt\f04_020_117_00_t001.spt
ウチの部に来てほしかったのに、残念だなあ。,"I wish you could have come to our club, but it's too bad.",romfs\story\spt\f04_020_117_00_t001.spt
クラブにはまだ入ってないんでしょ？,"You haven't joined the club yet, have you?",romfs\story\spt\f04_020_117_00_t001.spt
サイカさんは、大会どうするの？,"Saika, what are you going to do about the convention?",romfs\story\spt\f04_020_117_00_t001.spt
シンセンなお魚、食べほうだいだよー。,"Sinsen fish, you can eat as much as you want!",romfs\story\spt\f04_020_117_00_t001.spt
マリンスポーツなんて興味ない？,Not interested in marine sports?,romfs\story\spt\f04_020_117_00_t001.spt
今日はコトブキ先生といっしょに,Today with Dr. Kotobuki,romfs\story\spt\f04_020_117_00_t001.spt
園芸部…　ステキですね。,Gardening club... that's fantastic.,romfs\story\spt\f04_020_117_00_t001.spt
園芸部なんて、どう？,How about a gardening club?,romfs\story\spt\f04_020_117_00_t001.spt
海にも毎日行くし、向いてると思うなー。,I go to the beach every day and I think I'm suited for it.,romfs\story\spt\f04_020_117_00_t001.spt
海はっ？,What about the ocean?,romfs\story\spt\f04_020_117_00_t001.spt
海も好きです。,I also like the ocean.,romfs\story\spt\f04_020_117_00_t001.spt
見学させていただく予定なんですぅ。,I'm planning to visit.,romfs\story\spt\f04_020_117_00_t001.spt
うちは初心者歓迎、部長もやさしいし――,"We welcome beginners, and our director is very kind.",romfs\story\spt\f04_020_117_00_t002_1.spt
ちょっと。,Sort of.,romfs\story\spt\f04_020_117_00_t002_1.spt
ねえ。,Hey.,romfs\story\spt\f04_020_117_00_t002_1.spt
やっぱマリンスポーツだって！,I knew marine sports were the way to go!,romfs\story\spt\f04_020_117_00_t002_1.spt
園芸部だよ！,Horticulture Club!,romfs\story\spt\f04_020_117_00_t002_1.spt
釣り部もいいよぉ～。,Fishing club is good too!,romfs\story\spt\f04_020_117_00_t002_2.spt
ああん、どうしましょう。,"Ohhhh, what should I do?",romfs\story\spt\f04_020_117_00_t010.spt
ぜひ園芸部に！,By all means to the Horticulture Department!,romfs\story\spt\f04_020_117_00_t010.spt
どこも楽しそうで決められないですぅ～。,I can't decide which one looks more fun!,romfs\story\spt\f04_020_117_00_t010.spt
マリンスポーツだって！,"Marine sports, he said!",romfs\story\spt\f04_020_117_00_t010.spt
扉1前,Before door 1,romfs\story\spt\f04_030_115_00.spt
あ、なんだミオか。,"Oh, what's that, Mio?",romfs\story\spt\f04_030_115_00_t011.spt
悪かったわね、わたしで。,"I'm sorry, it's me.",romfs\story\spt\f04_030_115_00_t011.spt
行こ,go (somewhere),romfs\story\spt\f04_030_115_00_t011.spt
ちょ、待ってよ。,"Wait, wait.",romfs\story\spt\f04_030_115_00_t012.spt
部室だろ？　オレもいっしょに――,"You're in the club room, right?　I'll go with you.",romfs\story\spt\f04_030_115_00_t012.spt
あ、いた。,"Ah, there they are.",romfs\story\spt\f04_030_115_00_t020.spt
お～いミオ！,"Oh, hey Mio!",romfs\story\spt\f04_030_115_00_t020.spt
…なに？,...what?,romfs\story\spt\f04_030_115_00_t021.spt
おジャマみたいだから、もういいわ。,"I feel like a jerk, so I'll let it go.",romfs\story\spt\f04_030_115_00_t021.spt
さっきオレのこと呼んだでしょ？,"You called me earlier, didn't you?",romfs\story\spt\f04_030_115_00_t021.spt
じゃ。,Well then.,romfs\story\spt\f04_030_115_00_t021.spt
だからー。,That's why.,romfs\story\spt\f04_030_115_00_t021.spt
呼んだけど。,I called it.,romfs\story\spt\f04_030_115_00_t021.spt
待ってよオレもいっしょに――,Wait a minute.,romfs\story\spt\f04_030_115_00_t022.spt
さっきなにか言いかけてたでしょ？,"You were just about to say something, weren't you?",romfs\story\spt\f04_030_115_00_t026.spt
そうだった？,Was it?,romfs\story\spt\f04_030_115_00_t026.spt
忘れたから、もういいわ。,"I've forgotten about it, so forget it.",romfs\story\spt\f04_030_115_00_t026.spt
…ていうか、ケンカなんかしてないし。,"I mean, we weren't fighting.",romfs\story\spt\f04_030_115_00_t030.spt
あなたのカノジョ？,Your girlfriend?,romfs\story\spt\f04_030_115_00_t030.spt
あの子,you (mainly used by a brothel owner or senior prostitutes when addressing servant girls),romfs\story\spt\f04_030_115_00_t030.spt
あやつとケンカか？,You got into a fight with him?,romfs\story\spt\f04_030_115_00_t030.spt
しないよ。,I won't.,romfs\story\spt\f04_030_115_00_t030.spt
なんだあ？,What the hell?,romfs\story\spt\f04_030_115_00_t030.spt
まさかあ。,No way.,romfs\story\spt\f04_030_115_00_t030.spt
アイツとケンカか？,You got in a fight with him?,romfs\story\spt\f04_030_115_00_t030.spt
ジョウダンやめてくださ――,Please don't do this to me.,romfs\story\spt\f04_030_115_00_t030.spt
ロボトルか？,Lobottle?,romfs\story\spt\f04_030_115_00_t030.spt
戦うか？,You want to fight?,romfs\story\spt\f04_030_115_00_t030.spt
戦わないよ。,I won't fight.,romfs\story\spt\f04_030_115_00_t030.spt
いつからいっしょなの？,How long have you been together?,romfs\story\spt\f04_030_115_00_t031.spt
う～、ちょっと待って混乱してきた。,"Ummm, wait a minute, I'm getting confused.",romfs\story\spt\f04_030_115_00_t031.spt
この学院に来てから出会ったから…,Since I came to this academy and met...,romfs\story\spt\f04_030_115_00_t031.spt
そ、それはまあ、いろいろあって,"Well, that's, well, there's a lot going on.",romfs\story\spt\f04_030_115_00_t031.spt
そうだけど。,"Yes, but.",romfs\story\spt\f04_030_115_00_t031.spt
それきり会ってないってこと？,You mean you never saw him again?,romfs\story\spt\f04_030_115_00_t031.spt
それまでのパートナーは,"Until then, the partners were.",romfs\story\spt\f04_030_115_00_t031.spt
ちょっと聞きたいんだけどぉ。,Let me ask you something.,romfs\story\spt\f04_030_115_00_t031.spt
つい最近だよ。,Just recently.,romfs\story\spt\f04_030_115_00_t031.spt
つまり,in other words,romfs\story\spt\f04_030_115_00_t031.spt
どうしたのよ。,What's wrong?,romfs\story\spt\f04_030_115_00_t031.spt
な、なんでしょうか。,What is it?,romfs\story\spt\f04_030_115_00_t031.spt
のこと？,of?,romfs\story\spt\f04_030_115_00_t031.spt
コンビ解消ってことに…,I'm sorry to say that the duo is no longer together...,romfs\story\spt\f04_030_115_00_t031.spt
…さっきから、なんなの？,"...What is it, from a moment ago?",romfs\story\spt\f04_030_115_00_t032.spt
あっ、いたいた！,"Oh, there it is!",romfs\story\spt\f04_030_115_00_t032.spt
あの――,You know what?,romfs\story\spt\f04_030_115_00_t032.spt
いったい、なにを――,What the hell are you--,romfs\story\spt\f04_030_115_00_t032.spt
う、うん、まあ…　完全に無関係でもないけど…,"Umm, yeah, well... not completely irrelevant, but...",romfs\story\spt\f04_030_115_00_t032.spt
そういうこと？,Is that what you mean?,romfs\story\spt\f04_030_115_00_t032.spt
そうだけど、あの,"Yes, but, um...",romfs\story\spt\f04_030_115_00_t032.spt
よくわからないけどつまり、今のあなたと,"I'm not sure, but I mean, you and now.",romfs\story\spt\f04_030_115_00_t032.spt
イモウト！？,Imouto!,romfs\story\spt\f04_030_115_00_t032.spt
サイカさぁん！,Saika!,romfs\story\spt\f04_030_115_00_t032.spt
今はあいつ、妹のパートナーだし。,Now that guy is my sister's partner.,romfs\story\spt\f04_030_115_00_t032.spt
妹も関係してるの！？,My sister is involved too!,romfs\story\spt\f04_030_115_00_t032.spt
質問ばっかで、ワケわかんないよ。,"You ask so many questions, I don't understand.",romfs\story\spt\f04_030_115_00_t032.spt
ありがとうございますぅ！,Thank you very much!,romfs\story\spt\f04_030_115_00_t033.spt
いやボクが！,"No, it's me!",romfs\story\spt\f04_030_115_00_t033.spt
そのつもりだったんですけど,That was the plan.,romfs\story\spt\f04_030_115_00_t033.spt
それならボクが案内するよお。,I'll show you around.,romfs\story\spt\f04_030_115_00_t033.spt
どうしたの？,What's wrong?,romfs\story\spt\f04_030_115_00_t033.spt
なんだ、そうだったんだ～。,What a surprise!,romfs\story\spt\f04_030_115_00_t033.spt
わたし職員室の場所、知らなくてぇ。,I don't know where the staff room is.,romfs\story\spt\f04_030_115_00_t033.spt
先生のところに行ったんじゃないの？,I thought you went to the doctor.,romfs\story\spt\f04_030_115_00_t033.spt
え、でもジャスパーの能力は,"Eh, but Jasper's ability to",romfs\story\spt\f04_035_165_00_t011.spt
ここで重視すべきは数値の優劣よりも――,"The emphasis here is not on numerical superiority, but on the fact that the",romfs\story\spt\f04_035_165_00_t011.spt
じゃあ決まりですね。,Then it's settled.,romfs\story\spt\f04_035_165_00_t011.spt
だからいいんだろ。,"So it's okay, right?",romfs\story\spt\f04_035_165_00_t011.spt
だれだ。,Who.,romfs\story\spt\f04_035_165_00_t011.spt
なるほど…？,I see...?,romfs\story\spt\f04_035_165_00_t011.spt
ラピュセルよりもずっと――,Much more than Lapucelle--,romfs\story\spt\f04_035_165_00_t011.spt
攻撃の主力はリュウセイくんでいきましょう。,Let's use Ryusei-kun as the main attacker.,romfs\story\spt\f04_035_165_00_t011.spt
こっちは今、大事な作戦会議中なんだよ。,We're in the middle of an important strategy meeting here.,romfs\story\spt\f04_035_165_00_t012.spt
ちがうし。,And it's not.,romfs\story\spt\f04_035_165_00_t012.spt
ちっ、なんだよサンポ部かよ。,"Damn, what a sampo club.",romfs\story\spt\f04_035_165_00_t012.spt
ふうん？　まーなんでもいいけどよ。,"Hmm?　Well, whatever.",romfs\story\spt\f04_035_165_00_t012.spt
わかったよー。,I understand.,romfs\story\spt\f04_035_165_00_t012.spt
出てってくんねーか？,Will you get out of here?,romfs\story\spt\f04_035_165_00_t012.spt
悪いけど…　いやぜんぜん悪くねえけど,"I'm sorry, but... No, it's not that bad at all.",romfs\story\spt\f04_035_165_00_t012.spt
敵情視察ってやつか？,Is this what you call a hostile situation?,romfs\story\spt\f04_035_165_00_t012.spt
あ、あれしまった、また来ちゃったぞ。,"Oh, that's it, I'm here again.",romfs\story\spt\f04_035_165_10_t011.spt
イヤミ言われる前に帰ろ…,Let's get out of here before someone says something bad...,romfs\story\spt\f04_035_165_10_t011.spt
f04主人公1,f04 protagonist 1,romfs\story\spt\f04_037_230_00.spt
校長カメラ1,Principal Camera 1,romfs\story\spt\f04_037_230_00.spt
校長カメラ2,Principal Camera 2,romfs\story\spt\f04_037_230_00.spt
…いや、それはどうでもいいんだ。,"...No, it doesn't matter.",romfs\story\spt\f04_037_230_00_t011.spt
あのときお前、ヘンなやつら追ってたよな。,"You were chasing some weird guys back then, weren't you?",romfs\story\spt\f04_037_230_00_t011.spt
いったいなにが目的だ。,What on earth is the purpose?,romfs\story\spt\f04_037_230_00_t011.spt
いったいなにが目的なのだ。,What on earth is the purpose?,romfs\story\spt\f04_037_230_00_t011.spt
いつまでも「お前」なんてイヤだろ？,"You don't want to be ""you"" forever, do you?",romfs\story\spt\f04_037_230_00_t011.spt
うるさい,noisy,romfs\story\spt\f04_037_230_00_t011.spt
えっ？,What?,romfs\story\spt\f04_037_230_00_t011.spt
お前とはさ、島の外でも会ってるよな。,"You and I, we've met off the island.",romfs\story\spt\f04_037_230_00_t011.spt
お前は？　なんて呼んだらいい？,What about you?　What should I call you?,romfs\story\spt\f04_037_230_00_t011.spt
さっきからうるさいぞ。,You've been loud for a while now.,romfs\story\spt\f04_037_230_00_t011.spt
そう言わずに、ちょっと話そうよ。,Don't say that. Let's talk for a minute.,romfs\story\spt\f04_037_230_00_t011.spt
その前に…,Before that...,romfs\story\spt\f04_037_230_00_t011.spt
ただのヘンタイってワケじゃないんだろ？,"It's not like he's just a weirdo, right?",romfs\story\spt\f04_037_230_00_t011.spt
だから名前を教えてほしいんだけど。,So I'd like to know your name.,romfs\story\spt\f04_037_230_00_t011.spt
っ！？,What?,romfs\story\spt\f04_037_230_00_t011.spt
と、そうだ,And yes.,romfs\story\spt\f04_037_230_00_t011.spt
ほら、ここに来る前――,"You see, before I came here--",romfs\story\spt\f04_037_230_00_t011.spt
ようやく話してくれたね。,You finally told me.,romfs\story\spt\f04_037_230_00_t011.spt
よかった、しゃべれないかと思った。,"Thank God, I thought I couldn't speak.",romfs\story\spt\f04_037_230_00_t011.spt
オレお前に聞きたいこといっぱいあるんだ。,I have a lot of questions for you.,romfs\story\spt\f04_037_230_00_t011.spt
オレが住んでた町でさ。,In the town where I used to live.,romfs\story\spt\f04_037_230_00_t011.spt
キサマ…,Kisama...,romfs\story\spt\f04_037_230_00_t011.spt
メタビーだ。,Metabee.,romfs\story\spt\f04_037_230_00_t011.spt
ロクショウだ。,Roksho.,romfs\story\spt\f04_037_230_00_t011.spt
名前は？,Name.,romfs\story\spt\f04_037_230_00_t011.spt
失せろ。,Get lost.,romfs\story\spt\f04_037_230_00_t011.spt
結局あいつら、なんだったの？,What were those guys after all?,romfs\story\spt\f04_037_230_00_t011.spt
重要なのは、お前が――,The important thing is that you--,romfs\story\spt\f04_037_230_00_t011.spt
黒服――　いや、全身黒タイツの怪しいやつら。,"Black clothes - no, the suspicious ones with black tights all over.",romfs\story\spt\f04_037_230_00_t011.spt
あの、入学式のときは――,"You know, at the entrance ceremony--",romfs\story\spt\f04_037_230_00_t021.spt
あのっ。,You know what?,romfs\story\spt\f04_037_230_00_t021.spt
いっぺん会ったきりのオレを、どうして…？,"How could you do this to me, whom you've only met once?",romfs\story\spt\f04_037_230_00_t021.spt
お、お久しぶりです。,"Oh, it's been a while.",romfs\story\spt\f04_037_230_00_t021.spt
ここでなにをしている？,What are you doing here?,romfs\story\spt\f04_037_230_00_t021.spt
アイサツはいい。,Aisatsu is good.,romfs\story\spt\f04_037_230_00_t021.spt
オレを学校にスイセンしてくれたのは,The one who swissen me to school.,romfs\story\spt\f04_037_230_00_t021.spt
校長先生ですね！？,You are the principal!,romfs\story\spt\f04_037_230_00_t021.spt
校長先生！？,Principal!,romfs\story\spt\f04_037_230_00_t021.spt
気まぐれだ。,Capricious.,romfs\story\spt\f04_037_230_00_t021.spt
理由などない。,There is no reason.,romfs\story\spt\f04_037_230_00_t021.spt
理由を教えてくれますか？,Can you tell me why?,romfs\story\spt\f04_037_230_00_t021.spt
まっ、待ってください！,"Well, wait a minute!",romfs\story\spt\f04_037_230_00_t022.spt
お前に選ばれた能力などない。,You have no chosen ability.,romfs\story\spt\f04_037_230_00_t023.spt
ただの気まぐれと言ったはずだ。,I told you it was just a whim.,romfs\story\spt\f04_037_230_00_t023.spt
聞きたいことが、まだ！,"What I want to ask, yet!",romfs\story\spt\f04_037_230_00_t023.spt
調子に乗るなよ小僧。,"Don't get carried away, kid.",romfs\story\spt\f04_037_230_00_t023.spt
せいぜい気をつけることだ。,Be careful at best.,romfs\story\spt\f04_037_230_00_t024.spt
つまらん期待をして、かぎ回るな。,Don't go snooping around with boring expectations.,romfs\story\spt\f04_037_230_00_t024.spt
俺がまた気まぐれを起こしてお前を退学にせんよう,I will not let another whim of mine get the better of me and get you expelled.,romfs\story\spt\f04_037_230_00_t024.spt
会議3,Conference 3,romfs\story\spt\f04_040_161_00.spt
会議4,Conference 4,romfs\story\spt\f04_040_161_00.spt
あとは、う～ん…,"The rest, hmmm...",romfs\story\spt\f04_040_161_00_t010.spt
いや、どっかじゃなくて我が校に。,"No, not somewhere else, but at our school.",romfs\story\spt\f04_040_161_00_t010.spt
これだけエリートが集まってるんだから,This is such an elite group of people.,romfs\story\spt\f04_040_161_00_t010.spt
ひとりぐらいいてもいいと思うんだよねえ。,I think it would be nice to have at least one.,romfs\story\spt\f04_040_161_00_t010.spt
メダ研…　も話にならなかったし。,Meda Labs... didn't even get a chance to talk about it.,romfs\story\spt\f04_040_161_00_t010.spt
天才…　どっかにいないかなあ。,Genius... I wonder if there are any out there.,romfs\story\spt\f04_040_161_00_t010.spt
生徒会長さま…　はムリとして。,"I can't say ""Mr. President of the Student Council..."".",romfs\story\spt\f04_040_161_00_t010.spt
…いや。,...No.,romfs\story\spt\f04_040_161_00_t011.spt
…目標とか！,...goals and so on!,romfs\story\spt\f04_040_161_00_t011.spt
あ、そうだっけ。,"Oh, right.",romfs\story\spt\f04_040_161_00_t011.spt
あるでしょフツー。,"You have it, don't you?",romfs\story\spt\f04_040_161_00_t011.spt
おや,parent,romfs\story\spt\f04_040_161_00_t011.spt
じゃ行こう。,Let's go then.,romfs\story\spt\f04_040_161_00_t011.spt
そうじゃなくて。,"No, it's not.",romfs\story\spt\f04_040_161_00_t011.spt
そうねえ…　じゃ目標は…,Well... then my goal is...,romfs\story\spt\f04_040_161_00_t011.spt
それなりの大会なんでしょ？,"It's a competition in its own right, right?",romfs\story\spt\f04_040_161_00_t011.spt
そろそろ部の査定シーズンだが,It's almost assessment season for the department.,romfs\story\spt\f04_040_161_00_t011.spt
たとえば？,For example?,romfs\story\spt\f04_040_161_00_t011.spt
だから優勝でもしとけば,So if you win the championship...,romfs\story\spt\f04_040_161_00_t011.spt
ってね。,I'm just saying.,romfs\story\spt\f04_040_161_00_t011.spt
とうぶんやり過ごせると思うんだなあ。,I think we can probably get away with it.,romfs\story\spt\f04_040_161_00_t011.spt
なにもなし？,Nothing?,romfs\story\spt\f04_040_161_00_t011.spt
なんだいミオくん。,"What is it, Mio?",romfs\story\spt\f04_040_161_00_t011.spt
ゆ、ゆうしょうう！？,"YU, YUSHOU!",romfs\story\spt\f04_040_161_00_t011.spt
わかっているのだろうなギザマ！,"I hope you understand, Gizama!",romfs\story\spt\f04_040_161_00_t011.spt
アッサリ言うんだ…,Say it like it is...,romfs\story\spt\f04_040_161_00_t011.spt
マジメに聞いてんだけど。,I'm asking seriously.,romfs\story\spt\f04_040_161_00_t011.spt
ロボトル大会のことですけど。,I'm talking about the robattle tournament.,romfs\story\spt\f04_040_161_00_t011.spt
事前に言っておくこととか、なにもないの？,Is there anything you need to say in advance or anything?,romfs\story\spt\f04_040_161_00_t011.spt
今日だっけ。,"Today, right?",romfs\story\spt\f04_040_161_00_t011.spt
作戦とか？,Like an operation?,romfs\story\spt\f04_040_161_00_t011.spt
優勝で。,At the championship.,romfs\story\spt\f04_040_161_00_t011.spt
天才くん見つかった？,"Did you find him, genius?",romfs\story\spt\f04_040_161_00_t011.spt
実は生徒会長さまに、またスゴまれてさ。,"In fact, the student body president has been giving me a hard time again.",romfs\story\spt\f04_040_161_00_t011.spt
待ってよ。,Wait.,romfs\story\spt\f04_040_161_00_t011.spt
言っておくこと？,To say?,romfs\story\spt\f04_040_161_00_t011.spt
あんがい、いけるかもしれんぞ。,It could be a good idea.,romfs\story\spt\f04_040_161_00_t012.spt
じゃ決まりね。,Then it's settled.,romfs\story\spt\f04_040_161_00_t012.spt
そろそろ行こうか。,It's time to go.,romfs\story\spt\f04_040_161_00_t012.spt
まだ時間はある。,There is still time.,romfs\story\spt\f04_040_161_00_t012.spt
リョウマさん。,Mr. Ryoma.,romfs\story\spt\f04_040_161_00_t012.spt
不可能、というほどでもないと俺は思う。,I don't think it's so much that it's impossible.,romfs\story\spt\f04_040_161_00_t012.spt
準備が終わったら俺に声をかけてくれ。,Give me a shout when you're ready.,romfs\story\spt\f04_040_161_00_t012.spt
目標もできたことだし、念を入れよう。,"Now that we have a goal, let's be sure.",romfs\story\spt\f04_040_161_00_t012.spt
装備やパーツも、それなりに整ってきた。,The equipment and parts are now in place.,romfs\story\spt\f04_040_161_00_t012.spt
１年ふたりも、なかなかスジがいい。,The first two years are also quite threadbare.,romfs\story\spt\f04_040_161_00_t012.spt
４人そろったしな。,We've got all four of us now.,romfs\story\spt\f04_040_161_00_t012.spt
モニター,(computer) monitor,romfs\story\spt\f04_050_131_00.spt
リング中央,center of ring,romfs\story\spt\f04_050_131_00.spt
レスキュー部1,Rescue Department 1,romfs\story\spt\f04_050_131_00.spt
レスキュー部1_メダ,Rescue Department 1_Meda,romfs\story\spt\f04_050_131_00.spt
レスキュー部2,Rescue Department 2,romfs\story\spt\f04_050_131_00.spt
レスキュー部2_メダ,Rescue Department 2_Meda,romfs\story\spt\f04_050_131_00.spt
生徒会役員女A,Student Council Officer Woman A,romfs\story\spt\f04_050_131_00.spt
生徒会役員女B,Student Council Officer Woman B,romfs\story\spt\f04_050_131_00.spt
観客f,Audience f,romfs\story\spt\f04_050_131_00.spt
お前たちが生き残る道はないのだからな。,There is no way for you people to survive.,romfs\story\spt\f04_050_131_00_t011.spt
くつがえすには相応の活躍を示す必要がある。,"To overturn the situation, we need to show a reasonable level of activity.",romfs\story\spt\f04_050_131_00_t011.spt
これは全部中でダントツの最下位だ。,This is the dunce's bottom of all of them.,romfs\story\spt\f04_050_131_00_t011.spt
こんなところでロボトルなんて,I can't believe I'm robattle here.,romfs\story\spt\f04_050_131_00_t011.spt
しかしリッパなリングだねえ。,"But it's a rippa ring, isn't it?",romfs\story\spt\f04_050_131_00_t011.spt
しかし現在、我が学院に余分な部室はない。,"However, there are currently no extra club rooms in our institute.",romfs\story\spt\f04_050_131_00_t011.spt
ずいぶんと余裕だな。,That's a lot of leeway.,romfs\story\spt\f04_050_131_00_t011.spt
そ、それはいったい――,"Well, what the hell is that--",romfs\story\spt\f04_050_131_00_t011.spt
それが優勝だ。,That's the winner.,romfs\story\spt\f04_050_131_00_t011.spt
それ以外に,in addition,romfs\story\spt\f04_050_131_00_t011.spt
そんなことないよ、変えてるよお。,"That's not true, I'm changing it.",romfs\story\spt\f04_050_131_00_t011.spt
でええぇ！？,So eh!,romfs\story\spt\f04_050_131_00_t011.spt
どういうこと？,What do you mean?,romfs\story\spt\f04_050_131_00_t011.spt
ならば安心。,Then it is safe.,romfs\story\spt\f04_050_131_00_t011.spt
やあ、お待たせ。,Hey there.,romfs\story\spt\f04_050_131_00_t011.spt
キンチョーするなあ、はっはっは。,"I'm getting nervous, haha.",romfs\story\spt\f04_050_131_00_t011.spt
今ある部のどこかを廃し、部屋を空けねばならん。,We have to scrap some of the departments we have and make room.,romfs\story\spt\f04_050_131_00_t011.spt
今年から公式ロボトルになったんだっけ。,I thought it became an official lobottle this year.,romfs\story\spt\f04_050_131_00_t011.spt
今期、探検部の貢献および影響の査定は共に０だ。,"This quarter, both the contribution and impact assessments for the Exploration Department are zero.",romfs\story\spt\f04_050_131_00_t011.spt
優勝目指して、やる気マンマンですよウチは。,We are very motivated to win the championship.,romfs\story\spt\f04_050_131_00_t011.spt
少しは目の色を変えてくるかと思ったが。,I thought they would change their eyes a little bit.,romfs\story\spt\f04_050_131_00_t011.spt
当然ダントツの廃部候補。,"Naturally, Dantotsu is a candidate for abolition.",romfs\story\spt\f04_050_131_00_t011.spt
待ってなどいないが。,"I'm not waiting, though.",romfs\story\spt\f04_050_131_00_t011.spt
新しい部を立ち上げたいという,They want to start a new department.,romfs\story\spt\f04_050_131_00_t011.spt
要望が増えている。,Requests are increasing.,romfs\story\spt\f04_050_131_00_t011.spt
逃せば廃部は決定的だ。,"If they miss out, the club will be decisively abolished.",romfs\story\spt\f04_050_131_00_t011.spt
あいかわらず、つごうの悪いことはすぐ忘れるな。,"As usual, you're quick to forget the bad news.",romfs\story\spt\f04_050_131_00_t012.spt
そこ、笑うとこじゃない。,That's not the place to laugh.,romfs\story\spt\f04_050_131_00_t012.spt
そんなハナシだったっけ？,Was that the story?,romfs\story\spt\f04_050_131_00_t012.spt
はっはっは！,Haha!,romfs\story\spt\f04_050_131_00_t012.spt
伝えてなかったのか。,You didn't tell them.,romfs\story\spt\f04_050_131_00_t012.spt
感心する。,Admiration.,romfs\story\spt\f04_050_131_00_t012.spt
…て,...and,romfs\story\spt\f04_050_131_10_t011.spt
がんばってね。,Good luck.,romfs\story\spt\f04_050_131_10_t011.spt
そそそそうですよねっ,That's right!,romfs\story\spt\f04_050_131_10_t011.spt
なんなのその傍観者スタンスは。,What's with that bystander stance?,romfs\story\spt\f04_050_131_10_t011.spt
ぼくはセコンド。,I am a second.,romfs\story\spt\f04_050_131_10_t011.spt
ぼく？,Me?,romfs\story\spt\f04_050_131_10_t011.spt
まあいいさ。,Oh well.,romfs\story\spt\f04_050_131_10_t011.spt
まもなく開催します。,The event will be held shortly.,romfs\story\spt\f04_050_131_10_t011.spt
クラブ対抗ロボトル大会,Interclub robattle Tournament,romfs\story\spt\f04_050_131_10_t011.spt
今さらあわあわあわあわ、,"Now that you mention it, ah ah ah ah,",romfs\story\spt\f04_050_131_10_t011.spt
元から勝つ気でいたんだ。,I had always intended to win.,romfs\story\spt\f04_050_131_10_t011.spt
受付は――,The receptionist is--,romfs\story\spt\f04_050_131_10_t011.spt
各部、出場者の登録を行ってください。,Please register each section and contestant.,romfs\story\spt\f04_050_131_10_t011.spt
探検部の未来はキミたちにかかってるよ。,The future of the exploration club depends on you.,romfs\story\spt\f04_050_131_10_t011.spt
落ち着きなさいよ。,Calm down.,romfs\story\spt\f04_050_131_10_t011.spt
セコンド1,Seconds 1,romfs\story\spt\f04_050_131_20.spt
セコンド2,Seconds 2,romfs\story\spt\f04_050_131_20.spt
メダリング右1,Medallion right 1,romfs\story\spt\f04_050_131_20.spt
メダリング右2,Medallion right 2,romfs\story\spt\f04_050_131_20.spt
メダリング右3,Medallion right 3,romfs\story\spt\f04_050_131_20.spt
メダリング左1,Medallion left 1,romfs\story\spt\f04_050_131_20.spt
メダリング左2,Medaling left 2,romfs\story\spt\f04_050_131_20.spt
メダリング左3,Medaling Left 3,romfs\story\spt\f04_050_131_20.spt
メダ待機右1,Meda standby right 1,romfs\story\spt\f04_050_131_20.spt
メダ待機右2,Meda standby right 2,romfs\story\spt\f04_050_131_20.spt
メダ待機右3,Meda standby right 3,romfs\story\spt\f04_050_131_20.spt
メダ待機左1,Meda standby left 1,romfs\story\spt\f04_050_131_20.spt
メダ待機左2,Meda standby left 2,romfs\story\spt\f04_050_131_20.spt
メダ待機左3,Meda standby left 3,romfs\story\spt\f04_050_131_20.spt
リング,ring,romfs\story\spt\f04_050_131_20.spt
リング右1,Ring right 1,romfs\story\spt\f04_050_131_20.spt
リング右2,Ring right 2,romfs\story\spt\f04_050_131_20.spt
リング右3,Ring right 3,romfs\story\spt\f04_050_131_20.spt
リング左1,Ring left 1,romfs\story\spt\f04_050_131_20.spt
リング左2,Ring left 2,romfs\story\spt\f04_050_131_20.spt
リング左3,Ring left 3,romfs\story\spt\f04_050_131_20.spt
リング注視点,ring gaze point,romfs\story\spt\f04_050_131_20.spt
レフェリー,referee,romfs\story\spt\f04_050_131_20.spt
人リング右1,Human ring right 1,romfs\story\spt\f04_050_131_20.spt
人リング右2,Human ring right 2,romfs\story\spt\f04_050_131_20.spt
人リング右3,People ring right 3,romfs\story\spt\f04_050_131_20.spt
人リング左1,Human ring left 1,romfs\story\spt\f04_050_131_20.spt
人リング左2,Human ring left 2,romfs\story\spt\f04_050_131_20.spt
人リング左3,People Ring Left 3,romfs\story\spt\f04_050_131_20.spt
人待機右1,People standby right 1,romfs\story\spt\f04_050_131_20.spt
人待機右2,People standby right 2,romfs\story\spt\f04_050_131_20.spt
人待機右3,People standby right 3,romfs\story\spt\f04_050_131_20.spt
人待機左1,People standby left 1,romfs\story\spt\f04_050_131_20.spt
人待機左2,People standby left 2,romfs\story\spt\f04_050_131_20.spt
人待機左3,People standby left 3,romfs\story\spt\f04_050_131_20.spt
実況,live broadcasting,romfs\story\spt\f04_050_131_20.spt
武術部1,Martial Arts Club 1,romfs\story\spt\f04_050_131_20.spt
武術部1_メダ,Wushu Club 1_Meda,romfs\story\spt\f04_050_131_20.spt
武術部2,Wushu Club 2,romfs\story\spt\f04_050_131_20.spt
武術部2_メダ,Wushu Club 2_Meda,romfs\story\spt\f04_050_131_20.spt
武術部3,Wushu Club 3,romfs\story\spt\f04_050_131_20.spt
武術部3_メダ,Wushu Club 3_Meda,romfs\story\spt\f04_050_131_20.spt
生徒会役員男A,Student Council Officer Man A,romfs\story\spt\f04_050_131_20.spt
お待たせいたしました。,Thank you for your patience.,romfs\story\spt\f04_050_131_20_t011.spt
これより第３回,"From now on, the 3rd",romfs\story\spt\f04_050_131_20_t011.spt
クラブ対抗ロボトル大会を開催いたします。,We will hold an interclub robattle tournament.,romfs\story\spt\f04_050_131_20_t011.spt
まずは１回戦、最初の試合！,"First, the first round, the first game!",romfs\story\spt\f04_050_131_20_t012.spt
大会はロボトル公式ルールに則り,The tournament will be held in accordance with the official robattle rules.,romfs\story\spt\f04_050_131_20_t012.spt
３本勝負のトーナメント方式で行います。,The tournament will be played in a three-round tournament format.,romfs\story\spt\f04_050_131_20_t012.spt
左コーナー！,Left corner!,romfs\story\spt\f04_050_131_20_t021.spt
その実力はまったくの未知数…,Its capabilities are completely unknown...,romfs\story\spt\f04_050_131_20_t022.spt
大会はもちろん初出場。,"The tournament was, of course, his first.",romfs\story\spt\f04_050_131_20_t022.spt
廃部危機から一転、大会出場権を勝ち取りました。,The club went from being in danger of being discontinued to winning the right to compete in the tournament.,romfs\story\spt\f04_050_131_20_t022.spt
探検部チーム！,Exploratory team!,romfs\story\spt\f04_050_131_20_t022.spt
果たして台風の目になり得るか！？,Could it really be the eye of the typhoon?,romfs\story\spt\f04_050_131_20_t022.spt
き、キンチョウする…,"I'm gonna go with ""kincho""...",romfs\story\spt\f04_050_131_20_t023.spt
気楽に行こうよキラクにね。,Let's take it easy.,romfs\story\spt\f04_050_131_20_t023.spt
右コーナー！,Right corner!,romfs\story\spt\f04_050_131_20_t031.spt
リアルファイトなら文句なしの学院ナンバーワン。,"If it's a real fight, he is the undisputed number one in the institute.",romfs\story\spt\f04_050_131_20_t032.spt
ロボトルにおいても接近戦にこだわります。,"In robattle, too, we stick to close combat.",romfs\story\spt\f04_050_131_20_t032.spt
武術部チーム！,Martial arts team!,romfs\story\spt\f04_050_131_20_t032.spt
さあさあ参りますよ。,"Here we go, here we go.",romfs\story\spt\f04_050_131_20_t041.spt
それではいきます,Here we go.,romfs\story\spt\f04_050_131_20_t041.spt
ロボトル――,Lobottle--,romfs\story\spt\f04_050_131_20_t041.spt
両者準備はいいですか？　いいですね？,Are both of you ready?　Ready?,romfs\story\spt\f04_050_131_20_t041.spt
ファイッ！！,Fyah!,romfs\story\spt\f04_050_131_20_t042.spt
…あれ。,...that.,romfs\story\spt\f04_050_131_20_t051.spt
おおっとぁ？,Oh?,romfs\story\spt\f04_050_131_20_t051.spt
これはまさかの展開！,This is an unexpected development!,romfs\story\spt\f04_050_131_20_t051.spt
なによその意外そーな反応は。,What a surprising reaction.,romfs\story\spt\f04_050_131_20_t051.spt
勝ったのは探検部！,The winner was the Exploration Club!,romfs\story\spt\f04_050_131_20_t051.spt
武術部、破れました！,"Wushu club, torn!",romfs\story\spt\f04_050_131_20_t051.spt
マイン_メダ,Mein_Meda,romfs\story\spt\f04_050_131_30.spt
メダリング右4,Medallion right 4,romfs\story\spt\f04_050_131_30.spt
メダ研1,Meda Lab 1,romfs\story\spt\f04_050_131_30.spt
メダ研1_メダ,MEDA Lab 1_MEDA,romfs\story\spt\f04_050_131_30.spt
メダ研2,Meda Lab 2,romfs\story\spt\f04_050_131_30.spt
メダ研2_メダ,MEDA Research Institute 2_MEDA,romfs\story\spt\f04_050_131_30.spt
お待たせいたしました！,Thank you for your patience!,romfs\story\spt\f04_050_131_30_t011.spt
それではこれより第２回戦に入ります！,We will now begin the second round!,romfs\story\spt\f04_050_131_30_t011.spt
あの勝利は単なるフロッグなのか、それとも！？,Either that victory is just a froggle or it is!,romfs\story\spt\f04_050_131_30_t022.spt
この一戦に真価が問われます！,The real test will be in this one match!,romfs\story\spt\f04_050_131_30_t022.spt
１回戦いちの番狂わせを演じたチームの登場です。,Here comes the team that took the first-round number one spot.,romfs\story\spt\f04_050_131_30_t022.spt
まかせろー！,I'll leave it to you!,romfs\story\spt\f04_050_131_30_t023.spt
行くぜ！,Let's go!,romfs\story\spt\f04_050_131_30_t023.spt
右に出る者のない頭脳集団！,A group of brains with no one on the right!,romfs\story\spt\f04_050_131_30_t032.spt
練りに練った作戦と堅実な戦いぶりで,With a well-thought-out strategy and solid fighting style,romfs\story\spt\f04_050_131_30_t032.spt
２回戦へとコマを進めてきました。,We have advanced to the second round.,romfs\story\spt\f04_050_131_30_t032.spt
ぜんぜん対策してないですよー。,I haven't taken any measures at all!,romfs\story\spt\f04_050_131_30_t033.spt
どうしよう、探検部なんて予想してなかったから,I don't know what to do. I didn't expect an exploration club.,romfs\story\spt\f04_050_131_30_t033.spt
へえ。,Heh.,romfs\story\spt\f04_050_131_30_t033.spt
へーきへーき。,"It's okay, it's okay.",romfs\story\spt\f04_050_131_30_t033.spt
意外なところが来ちゃったねー。,I've come to an unexpected place!,romfs\story\spt\f04_050_131_30_t033.spt
それではいきます２回戦！,Now let's move on to the second round!,romfs\story\spt\f04_050_131_30_t041.spt
こっ、これは…っ。,This is....,romfs\story\spt\f04_050_131_30_t051.spt
ざっとこんなもんよっ！,This is just a rough idea!,romfs\story\spt\f04_050_131_30_t051.spt
へへっ,hee-hee,romfs\story\spt\f04_050_131_30_t051.spt
勝者なんと探検部！,"What a winner, the Exploration Club!",romfs\story\spt\f04_050_131_30_t051.spt
決勝進出です！！,We are in the finals!,romfs\story\spt\f04_050_131_30_t051.spt
それではこれより決勝戦！,Now the final game!,romfs\story\spt\f04_050_131_40_t011.spt
大方の予想を覆し、見事なチームワークと戦略で,"Defying most expectations, with brilliant teamwork and strategy.",romfs\story\spt\f04_050_131_40_t022.spt
次々と強豪を打ち破り勝ち上がってきました。,They have won by defeating one strong team after another.,romfs\story\spt\f04_050_131_40_t022.spt
破竹の勢いとはまさにこのこと！,"This is exactly what we mean by ""breakneck speed!",romfs\story\spt\f04_050_131_40_t022.spt
つ、ついに決勝…,"Finally, finally, the final...",romfs\story\spt\f04_050_131_40_t023.spt
相手はっ？,Who are you dealing with?,romfs\story\spt\f04_050_131_40_t023.spt
こちらは対照的に、大方の予想通りの,"This one, by contrast, is as expected by most.",romfs\story\spt\f04_050_131_40_t032.spt
すべて貫禄のストレート勝ち,All won in straight sets with dignity.,romfs\story\spt\f04_050_131_40_t032.spt
一糸乱れぬ連携は日ごろの訓練の賜物かっ？,Is this the result of daily training?,romfs\story\spt\f04_050_131_40_t032.spt
決勝進出となりました。,The team advanced to the finals.,romfs\story\spt\f04_050_131_40_t032.spt
絶対王者レスキュー部チーム！,The absolute champion rescue club team!,romfs\story\spt\f04_050_131_40_t032.spt
３連覇まであと１勝！,One win away from winning the championship for the third year in a row!,romfs\story\spt\f04_050_131_40_t032.spt
いつもどおりストレートで叩きのめしてやるぜ！,I'll beat you straight up as usual!,romfs\story\spt\f04_050_131_40_t033.spt
そうカンタンにいくもんかっ。,It's not that easy.,romfs\story\spt\f04_050_131_40_t033.spt
へっ、なんの間違いかしらねーが,"Heh, I don't know what the mistake is.",romfs\story\spt\f04_050_131_40_t033.spt
まいーさ、マグレもここで終わりだ。,"Maisa, the magre is over here.",romfs\story\spt\f04_050_131_40_t033.spt
まさか本当に勝ち上がってくるとはな…,I didn't think they'd actually win...,romfs\story\spt\f04_050_131_40_t033.spt
それではいきます決勝戦！,Now let's move on to the finals!,romfs\story\spt\f04_050_131_40_t041.spt
うっ、そだろオイ…！,"Ugh, that's right...!",romfs\story\spt\f04_050_131_40_t051.spt
あのレスキュー部が…,That rescue department...,romfs\story\spt\f04_050_131_50_t011.spt
うそ…,Bullshit...,romfs\story\spt\f04_050_131_50_t011.spt
え、地下？,"What, underground?",romfs\story\spt\f04_050_131_50_t011.spt
そんな部うちにあった？,Did we have such a club?,romfs\story\spt\f04_050_131_50_t011.spt
ちがう探検部だってよ。,"No, it's an exploration club.",romfs\story\spt\f04_050_131_50_t011.spt
優勝したのどこだよ。,Where's the winner?,romfs\story\spt\f04_050_131_50_t011.spt
優勝は探検部！,The winner was the Exploration Club!,romfs\story\spt\f04_050_131_50_t011.spt
探偵部…,Detective Division...,romfs\story\spt\f04_050_131_50_t011.spt
探検部…,Exploratorium...,romfs\story\spt\f04_050_131_50_t011.spt
探検部の優勝です！！,The Exploration Club is the winner!,romfs\story\spt\f04_050_131_50_t011.spt
PC席後,post-PC,romfs\story\spt\f05_010_151_00.spt
離席,"leaving one's seat (keyboard, etc.)",romfs\story\spt\f05_010_151_00.spt
せっかく学校が終わったというのに,Even though school has just ended...,romfs\story\spt\f05_010_151_00_t011.spt
せっかく学校が終わったのに,I just finished school.,romfs\story\spt\f05_010_151_00_t011.spt
どうしてずーっと部屋にいるのだ？,Why are you in the room all the time?,romfs\story\spt\f05_010_151_00_t011.spt
どうしてずーっと部屋にいるんだ？,Why are you in the room all the time?,romfs\story\spt\f05_010_151_00_t011.spt
は勉強が好きなのか？,likes to study?,romfs\story\spt\f05_010_151_00_t011.spt
今日は探検しないのか？,Not exploring today?,romfs\story\spt\f05_010_151_00_t011.spt
勉強が楽しいのか？,Do you enjoy learning?,romfs\story\spt\f05_010_151_00_t011.spt
あぁ…,Oh...,romfs\story\spt\f05_010_151_00_t012.spt
なあなあ！,"Hey, come on!",romfs\story\spt\f05_010_151_00_t012.spt
んもおおおぉ！,"Oh, man, oh, man!",romfs\story\spt\f05_010_151_00_t012.spt
や――っとヤル気になったのに！,I was finally ready to get laid!,romfs\story\spt\f05_010_151_00_t013.spt
お前のせいだぞ,It's your fault.,romfs\story\spt\f05_010_151_00_t014.spt
お前のせいで、やる気が逃げちゃったじゃないかぁ！,You've let my motivation run away from me!,romfs\story\spt\f05_010_151_00_t014.spt
しなきゃいけないときもあるんだよ…,Sometimes you have to...,romfs\story\spt\f05_010_151_00_t014.spt
する！,Do!,romfs\story\spt\f05_010_151_00_t014.spt
どうしてだ？,Why?,romfs\story\spt\f05_010_151_00_t014.spt
なぜだ？,Why?,romfs\story\spt\f05_010_151_00_t014.spt
は勉強が楽しいのか？,is studying fun?,romfs\story\spt\f05_010_151_00_t014.spt
オレがガッコ追い出されてイモートに――,"I got kicked out of the gakko, and imort--",romfs\story\spt\f05_010_151_00_t014.spt
ラクダイってなんだ？,What's a rakudai?,romfs\story\spt\f05_010_151_00_t014.spt
勉強やる気が逃げちゃったのか…,My motivation to study has fled...,romfs\story\spt\f05_010_151_00_t014.spt
勉強やる気が逃げちゃったのかー。,Has the motivation to study escaped you?,romfs\story\spt\f05_010_151_00_t014.spt
明日から期末テストなんだ！,I have my final exam tomorrow!,romfs\story\spt\f05_010_151_00_t014.spt
明日テストだと勉強するのか？,You're going to study for a test tomorrow?,romfs\story\spt\f05_010_151_00_t014.spt
楽しくなくたって,Even if it's not fun.,romfs\story\spt\f05_010_151_00_t014.spt
落第したくないから！,I don't want to flunk out!,romfs\story\spt\f05_010_151_00_t014.spt
落第っていうのはー。,Failing out of school is not a thing.,romfs\story\spt\f05_010_151_00_t014.spt
あ、ちょっと待って。,"Oh, wait a minute.",romfs\story\spt\f05_010_151_00_t015.spt
でんわ…,Phone...,romfs\story\spt\f05_010_151_00_t015.spt
おかしなこと…？,Strange...?,romfs\story\spt\f05_010_151_00_t016.spt
おかしなことが起きた。,A funny thing happened.,romfs\story\spt\f05_010_151_00_t016.spt
で――,In--,romfs\story\spt\f05_010_151_00_t016.spt
はい,"Yes, sir.",romfs\story\spt\f05_010_151_00_t016.spt
わかりました、すぐ行きます。,"Okay, I'll be right there.",romfs\story\spt\f05_010_151_00_t016.spt
リョウマさん！,Mr. Ryoma!,romfs\story\spt\f05_010_151_00_t016.spt
俺だ。,Me.,romfs\story\spt\f05_010_151_00_t016.spt
時間ができたら部室に来てくれないか？,"When you get a moment, could you come to the club room?",romfs\story\spt\f05_010_151_00_t016.spt
試験休みのところ悪いが,"Sorry to interrupt your exam vacation, but...",romfs\story\spt\f05_010_151_00_t016.spt
リョウマさんが呼んでる。,Ryoma-san is calling for you.,romfs\story\spt\f05_010_151_00_t017.spt
部室に行くぞ,We're going to the clubroom.,romfs\story\spt\f05_010_151_00_t017.spt
あれ、ヘンだな。,That's weird.,romfs\story\spt\f05_010_151_00_t020.spt
パーツが表示されない…（仮）,Parts are not displayed... (tentative),romfs\story\spt\f05_010_151_00_t020.spt
これで全員かな。,I guess that's all of them.,romfs\story\spt\f05_020_161_00_t011.spt
そのほうが話が早い。,It's quicker to talk about it that way.,romfs\story\spt\f05_020_161_00_t011.spt
パーツボックスを確認してみろ。,Check the parts box.,romfs\story\spt\f05_020_161_00_t011.spt
遅い。,Slow.,romfs\story\spt\f05_020_161_00_t011.spt
…で、どうするのよ？,...So what are you going to do?,romfs\story\spt\f05_030_161_00_t011.spt
あこがれの職業ナンバーワンです！,It is the number one occupation I long to have!,romfs\story\spt\f05_030_161_00_t011.spt
あまりにも正常なんだよね～。,It's too normal!,romfs\story\spt\f05_030_161_00_t011.spt
うれしそうだね,You look happy.,romfs\story\spt\f05_030_161_00_t011.spt
おおぜいで計画的にやれば可能だろうけど…,"I guess it's possible if we plan it in large numbers, but...",romfs\story\spt\f05_030_161_00_t011.spt
かもね。,Maybe.,romfs\story\spt\f05_030_161_00_t011.spt
こういうのは長引くほど解決が難しくなるからね。,"The longer these things drag on, the harder it gets to resolve them.",romfs\story\spt\f05_030_161_00_t011.spt
こう手がかりがないと困っちゃうけど…,"I'm having trouble finding clues like this, but...",romfs\story\spt\f05_030_161_00_t011.spt
ここから？,From here?,romfs\story\spt\f05_030_161_00_t011.spt
さっきから調べてたんだけど…,I've been looking into this for a while now...,romfs\story\spt\f05_030_161_00_t011.spt
しかし今は試験休みだぞ。,But we're on exam break right now.,romfs\story\spt\f05_030_161_00_t011.spt
そうだねえ,"Yeah, that's right.",romfs\story\spt\f05_030_161_00_t011.spt
そして、クラッキングだとすれば巧妙すぎる。,"And if it is cracking, it is too clever.",romfs\story\spt\f05_030_161_00_t011.spt
そっちのほうが、まだ考えやすい。,That is still easier to think about.,romfs\story\spt\f05_030_161_00_t011.spt
それでも、やっぱり情報収集からかな。,"Still, I guess I'll start by gathering information.",romfs\story\spt\f05_030_161_00_t011.spt
だれかが持ってっちゃった…,Someone took it...,romfs\story\spt\f05_030_161_00_t011.spt
だれも出ていないんじゃないか？,"I don't see anyone out there, do you?",romfs\story\spt\f05_030_161_00_t011.spt
でもまったく人の気配がないわけじゃない。,But there is no sign of people at all.,romfs\story\spt\f05_030_161_00_t011.spt
となるとメダ研あたりからか。,"So, it would have to be from around the Meda Institute.",romfs\story\spt\f05_030_161_00_t011.spt
と思って,with the expectation that,romfs\story\spt\f05_030_161_00_t011.spt
どういう意味？,What do you mean?,romfs\story\spt\f05_030_161_00_t011.spt
どうりでセッティングできなかったわけだ。,No wonder I couldn't set it up.,romfs\story\spt\f05_030_161_00_t011.spt
な～んか、おかしい。,Something is not right.,romfs\story\spt\f05_030_161_00_t011.spt
のかなあ。,I wonder.,romfs\story\spt\f05_030_161_00_t011.spt
ばっかじゃないの。,I'm not an idiot.,romfs\story\spt\f05_030_161_00_t011.spt
まるで、最初からひとつのパーツもないみたいにね。,It's as if there wasn't a single part to begin with.,romfs\story\spt\f05_030_161_00_t011.spt
クラッキング…,Cracking...,romfs\story\spt\f05_030_161_00_t011.spt
クラッキングの可能性は？,Any chance of cracking?,romfs\story\spt\f05_030_161_00_t011.spt
スゴ腕のハッカーなら、いざ知らずね。,I don't care if you're a great hacker or not.,romfs\story\spt\f05_030_161_00_t011.spt
スゴ腕のハッカー！？,An amazing hacker!,romfs\story\spt\f05_030_161_00_t011.spt
プログラム…,Program...,romfs\story\spt\f05_030_161_00_t011.spt
プログラムに長けた人物の情報を当たってみよう。,Let's try to get some information from someone who is good at the program.,romfs\story\spt\f05_030_161_00_t011.spt
ボックスの開閉からなにから、必ず痕跡は残る。,"From the opening and closing of the box to whatnot, there will always be a trace.",romfs\story\spt\f05_030_161_00_t011.spt
ムダかもしれないけど当たってみようよ。,"It may be futile, but let's hit it.",romfs\story\spt\f05_030_161_00_t011.spt
不正アクセスによる転送ってことですか？,Do you mean a transfer due to unauthorized access?,romfs\story\spt\f05_030_161_00_t011.spt
中身出してヨイショって…？,What's it like to be a yo-yo with what's inside...?,romfs\story\spt\f05_030_161_00_t011.spt
原因はなに？,What is the cause?,romfs\story\spt\f05_030_161_00_t011.spt
本当になくなってたとはねえ。,I didn't realize it was really gone.,romfs\story\spt\f05_030_161_00_t011.spt
物理的に盗まれたとすれば、そうはならないだろう。,"If it were physically stolen, it would not be.",romfs\story\spt\f05_030_161_00_t011.spt
確かにそれはへんだな。,That's certainly odd.,romfs\story\spt\f05_030_161_00_t011.spt
空っぽ…！？,Empty...!,romfs\story\spt\f05_030_161_00_t011.spt
考えにくいね、かさばりすぎるし重すぎる。,"Hard to imagine, too bulky and too heavy.",romfs\story\spt\f05_030_161_00_t011.spt
転送システムの故障かと思っていたけど,I thought it was a malfunction in the transfer system.,romfs\story\spt\f05_030_161_00_t011.spt
進入の痕跡はもちろん持ち出された履歴もないんだ。,"There's no trace of entry, nor any history of it being taken out.",romfs\story\spt\f05_030_161_00_t011.spt
ジュンペイ回避,Junpei evasion,romfs\story\spt\f05_035_230_00.spt
メタビーを倒せ１,Defeat Metabee 1,romfs\story\spt\f05_035_230_00.spt
くっそー！,Damn!,romfs\story\spt\f05_035_230_00_t011.spt
ごめんマスター！,Sorry Master!,romfs\story\spt\f05_035_230_00_t021.spt
帰んぞ！,I'm not going home!,romfs\story\spt\f05_035_230_00_t021.spt
気にすんな！,Don't worry about it!,romfs\story\spt\f05_035_230_00_t021.spt
…あっ。,...Oh.,romfs\story\spt\f05_035_230_10_t011.spt
――ってもらえるんだ。,#NAME?,romfs\story\spt\f05_035_230_10_t021.spt
え、だからー。,"Eh, so...",romfs\story\spt\f05_035_230_10_t021.spt
えっ、なにっ！？,What? What?,romfs\story\spt\f05_035_230_10_t021.spt
きみも、って…　なにが？,You too... about what?,romfs\story\spt\f05_035_230_10_t021.spt
きみもなの？,You too?,romfs\story\spt\f05_035_230_10_t021.spt
きみもサイカさんと、その…,"You too, Mr. Saika, and your...",romfs\story\spt\f05_035_230_10_t021.spt
ぜんぜんハナシが見えない。,I can't see the whole story.,romfs\story\spt\f05_035_230_10_t021.spt
そのメダロットを倒したら付き合ってもらえるんだ。,"If you beat that medabot, you get to go out with them.",romfs\story\spt\f05_035_230_10_t021.spt
だれと？,With whom?,romfs\story\spt\f05_035_230_10_t021.spt
ち、ちがうの？,"No, no?",romfs\story\spt\f05_035_230_10_t021.spt
サ、,"Sa,",romfs\story\spt\f05_035_230_10_t021.spt
サイカさん…,Mr. Saika...,romfs\story\spt\f05_035_230_10_t021.spt
付き合う？,Do you want to go out with me?,romfs\story\spt\f05_035_230_10_t021.spt
思い切って告白したら、こう言われたんだ。,"I took the plunge and confessed, and this is what he told me.",romfs\story\spt\f05_035_230_10_t021.spt
とってもロボトルが強いヒトなんですぅ！,He is a very strong person!,romfs\story\spt\f05_035_230_10_t022.spt
わたしの理想のタイプは,My ideal type is,romfs\story\spt\f05_035_230_10_t022.spt
よろこんでお付き合いしちゃうんですけどぉ！,I would gladly go out with them!,romfs\story\spt\f05_035_230_10_t023.spt
…うん。,...Yeah.,romfs\story\spt\f05_035_230_10_t024.spt
…って。,....,romfs\story\spt\f05_035_230_10_t024.spt
いや、ぜんぜんナルホドじゃないんだけど。,"No, it's not Narhodo at all.",romfs\story\spt\f05_035_230_10_t024.spt
ここだって言われたんだ？,Did they tell you it was here?,romfs\story\spt\f05_035_230_10_t024.spt
さあ…　それはわからないけど。,I don't know... I don't know about that.,romfs\story\spt\f05_035_230_10_t024.spt
じゃあね！,Bye!,romfs\story\spt\f05_035_230_10_t024.spt
そうかー、なるほどわかったよ。,"Oh, well - I see what you mean.",romfs\story\spt\f05_035_230_10_t024.spt
それで,and,romfs\story\spt\f05_035_230_10_t024.spt
だけど、きみの戦いを見ててわかったことがあるよ。,But I've learned something from watching you fight.,romfs\story\spt\f05_035_230_10_t024.spt
でもサイカさんって、転入してきたばかりだろ？,"But Saika, you just moved in, right?",romfs\story\spt\f05_035_230_10_t024.spt
どうしてこの場所のこと知ってるんだろう。,How does he know about this place?,romfs\story\spt\f05_035_230_10_t024.spt
に、似てる。,"to, similar to.",romfs\story\spt\f05_035_230_10_t024.spt
ぼくなんかじゃ勝てっこないって。,"He said, ""There is no way I can win.",romfs\story\spt\f05_035_230_10_t024.spt
もうすっぱり忘れることにする。,I'm going to forget about it once and for all.,romfs\story\spt\f05_035_230_10_t024.spt
やっぱりぼく、帰るよ。,I'm going home after all.,romfs\story\spt\f05_035_230_10_t024.spt
生徒男2年_B,"Student male, 2nd year_B",romfs\story\spt\f05_040_164_00.spt
生徒男2年_B2,Student Male 2 years_B2,romfs\story\spt\f05_040_164_00.spt
生徒男2年_B_メダ,Student_Male_2_Year_B_Med.,romfs\story\spt\f05_040_164_00.spt
…あれ、お客さん？,"...Oh, is that a customer?",romfs\story\spt\f05_040_164_00_t011.spt
…え、そういうのじゃないの？,"...Oh, that's not what you mean?",romfs\story\spt\f05_040_164_00_t011.spt
うちの部では必須だからねー、はっはっは！,It's a must in our department - haha!,romfs\story\spt\f05_040_164_00_t011.spt
え、人さがし？,"Oh, you're looking for someone?",romfs\story\spt\f05_040_164_00_t011.spt
ごめんね、今日は部活お休みなんだ。,"Sorry, I'm off from club activities today.",romfs\story\spt\f05_040_164_00_t011.spt
じゃあ、なんなの？,Then what is it?,romfs\story\spt\f05_040_164_00_t011.spt
オレも忘れもの取りに来ただけで、部室出るとこ。,"I just came to pick up something I forgot, too, and was about to leave the club room.",romfs\story\spt\f05_040_164_00_t011.spt
ハッカー…？,Hacker...?,romfs\story\spt\f05_040_164_00_t011.spt
心当たりなら、そりゃあるよ。,"If that sounds familiar, it is.",romfs\story\spt\f05_040_164_00_t011.spt
悪いけど試験が終わってから、また――,"I'm sorry, but after the exam, I'll see you--",romfs\story\spt\f05_040_164_00_t011.spt
部員全員そうだもんね。,"That's true for all the members of the club, isn't it?",romfs\story\spt\f05_040_164_00_t011.spt
ＰＣとネットワークの知識と技術は,PC and network knowledge and skills are,romfs\story\spt\f05_040_164_00_t011.spt
あっ、購買が閉まっちゃう！,"Oh, purchasing is closing!",romfs\story\spt\f05_040_164_00_t012.spt
うちの部員に、そんなことするヤツはいないよ。,No one in our club does that.,romfs\story\spt\f05_040_164_00_t012.spt
そういうのは、すごい才能がいるんだよ。,That kind of thing takes a great deal of talent.,romfs\story\spt\f05_040_164_00_t012.spt
それにね、きみたちは知らないだろうけど,"Besides, you never know.",romfs\story\spt\f05_040_164_00_t012.spt
カギ閉めるから、いっしょに出てくれる？,"I'm going to lock the door, will you come out with me?",romfs\story\spt\f05_040_164_00_t012.spt
マインちゃん級のね。,Mine-chan class.,romfs\story\spt\f05_040_164_00_t012.spt
マインちゃん？,Mine?,romfs\story\spt\f05_040_164_00_t012.spt
待ってよ、それ犯罪じゃない。,"Wait, that's not a crime.",romfs\story\spt\f05_040_164_00_t012.spt
早くはやくっ。,"Quickly, quickly.",romfs\story\spt\f05_040_164_00_t012.spt
知識だけじゃなくてね。センスと…,Not just knowledge. It's about taste and...,romfs\story\spt\f05_040_164_00_t012.spt
頭の反射神経みたいなものが必要なんだ。,You need something like head reflexes.,romfs\story\spt\f05_040_164_00_t012.spt
あ、お願いします。,"Oh, please.",romfs\story\spt\f05_050_116_00_t011.spt
あ、はい。,"Ah, yes.",romfs\story\spt\f05_050_116_00_t011.spt
『マインちゃん』って言ったよね、さっき。,"You said 'Mine-chan,' earlier.",romfs\story\spt\f05_050_116_00_t012.spt
ああさっきの…,"Oh, that...",romfs\story\spt\f05_050_116_00_t012.spt
あきれたなあ。,I'm so disappointed.,romfs\story\spt\f05_050_116_00_t012.spt
あっさり言うのね。,You say it so simply.,romfs\story\spt\f05_050_116_00_t012.spt
うちの生徒なのかい？,Are you one of our students?,romfs\story\spt\f05_050_116_00_t012.spt
それを聞きに、わざわざ追っかけてきたの？,Did you follow me all the way out here to ask that?,romfs\story\spt\f05_050_116_00_t012.spt
だって、ほかに言いようもないし。,Because there is no other way to say it.,romfs\story\spt\f05_050_116_00_t012.spt
って、そのコンキョは？,"I mean, what's that conch?",romfs\story\spt\f05_050_116_00_t012.spt
といっても、ほとんど幽霊部員だけど。,"However, most of them are ghost members.",romfs\story\spt\f05_050_116_00_t012.spt
びっくりしたなあ。,I was surprised.,romfs\story\spt\f05_050_116_00_t012.spt
ま、会えばわかるよ。,"Well, you'll know when you see him.",romfs\story\spt\f05_050_116_00_t012.spt
わ。,Wa.,romfs\story\spt\f05_050_116_00_t012.spt
わかった話すよ。,"Okay, I'll talk.",romfs\story\spt\f05_050_116_00_t012.spt
マインちゃんっていうのは、うちの部員だよ。,Mine-chan is a member of our club.,romfs\story\spt\f05_050_116_00_t012.spt
マインちゃんなら不正転送もできそうだ,Mine would be able to do unauthorized transfers.,romfs\story\spt\f05_050_116_00_t012.spt
マインって、だれ？,Who is Mine?,romfs\story\spt\f05_050_116_00_t012.spt
会えればだけどね。,If only we could meet.,romfs\story\spt\f05_050_116_00_t012.spt
天才だからさ。,Because he's a genius.,romfs\story\spt\f05_050_116_00_t012.spt
ここの生徒である以上、寮には住んでいるはずだな。,"As long as you're a student here, you must live in the dorms.",romfs\story\spt\f05_050_116_00_t021.spt
これはぜひ会わなくちゃね。,I'll definitely have to meet this one.,romfs\story\spt\f05_050_116_00_t021.spt
さあ？,What do you think?,romfs\story\spt\f05_050_116_00_t021.spt
なんにしても,anyhow,romfs\story\spt\f05_050_116_00_t021.spt
マインちゃんは、どうやら女生徒みたいだね。,Mine is apparently a female student.,romfs\story\spt\f05_050_116_00_t021.spt
ミオ知らない？,Don't you know Mio?,romfs\story\spt\f05_050_116_00_t021.spt
天才少女か。,"Girl genius, huh?",romfs\story\spt\f05_050_116_00_t021.spt
やめる,"leave (one's job, etc.)",romfs\story\spt\f05_060_150_00.spt
ダメです,"No, you can't.",romfs\story\spt\f05_060_150_00.spt
中に入りますか？,Would you like to come inside?,romfs\story\spt\f05_060_150_00.spt
入っちゃう,I'm in.,romfs\story\spt\f05_060_150_00.spt
女子寮out,Women's dormitory out,romfs\story\spt\f05_060_150_00.spt
女子寮スタート,Start of women's dormitory,romfs\story\spt\f05_060_150_00.spt
女子寮前1,In front of women's dormitory 1,romfs\story\spt\f05_060_150_00.spt
女子寮前2,In front of women's dormitory 2,romfs\story\spt\f05_060_150_00.spt
女子寮前3,In front of women's dormitory 3,romfs\story\spt\f05_060_150_00.spt
女子寮前4,In front of women's dormitory 4,romfs\story\spt\f05_060_150_00.spt
女子寮扉,Women's dormitory door,romfs\story\spt\f05_060_150_00.spt
移動する,Moving on.,romfs\story\spt\f05_060_150_00.spt
久しぶりだね。,It's been a while.,romfs\story\spt\f05_060_150_00_t011.spt
女子寮か。,Women's dormitory.,romfs\story\spt\f05_060_150_00_t011.spt
あんたらここで待ってなさい。,You guys wait here.,romfs\story\spt\f05_060_150_00_t012.spt
ちょっと,just a minute,romfs\story\spt\f05_060_150_00_t012.spt
なに当たり前のよーに入ろうとしてんのよ。,What are you trying to take for granted?,romfs\story\spt\f05_060_150_00_t012.spt
なんてったっけ？,What was it called?,romfs\story\spt\f05_060_150_00_t012.spt
わたしが見てくる。,I'll go check it out.,romfs\story\spt\f05_060_150_00_t012.spt
マイン…？,Mine...?,romfs\story\spt\f05_060_150_00_t012.spt
入っちゃおうか。,Shall we go in?,romfs\story\spt\f05_060_150_00_t013.spt
遅いなあ、ミオのやつ。,"You're late, Mio's.",romfs\story\spt\f05_060_150_00_t013.spt
はっ、入るのか！？,"Ha, you're going in!",romfs\story\spt\f05_060_150_00_t021.spt
知らんぞ俺は…,"I don't know, I...",romfs\story\spt\f05_060_150_00_t021.spt
…そう？,...Yeah?,romfs\story\spt\f05_060_150_00_t031.spt
くんとリョウマくん、大丈夫～？,Are you and Ryoma okay?,romfs\story\spt\f05_060_150_00_t041.spt
このまま待ってたら、夜になっちゃうよ？,"If we wait like this, we'll just call it a night, okay?",romfs\story\spt\f05_060_150_00_t041.spt
ぼくはそれでもいいけど…,"I'm okay with that, but...",romfs\story\spt\f05_060_150_00_t041.spt
入っちゃおうよ。,Let's go in.,romfs\story\spt\f05_060_150_00_t041.spt
試験勉強の時間もなくなっちゃうよ？,You won't even have time to study for the exam.,romfs\story\spt\f05_060_150_00_t041.spt
マインの部屋入口out,Mine room entrance out,romfs\story\spt\f05_070_152_00.spt
マインの部屋前,In front of Mine's room,romfs\story\spt\f05_070_152_00.spt
マインの部屋前2,Before Mine Room 2,romfs\story\spt\f05_070_152_00.spt
中央,central,romfs\story\spt\f05_070_152_00.spt
壁,wall,romfs\story\spt\f05_070_152_00.spt
扉3,Door 3,romfs\story\spt\f05_070_152_00.spt
あった、ここだ！,"There it is, right here!",romfs\story\spt\f05_070_152_00_t011.spt
マイン…,Mine...,romfs\story\spt\f05_070_152_00_t011.spt
あんがい簡単に見つかるじゃないの。,It's pretty easy to find.,romfs\story\spt\f05_070_152_00_t012.spt
なんだ,it is assuredly that ...,romfs\story\spt\f05_070_152_00_t012.spt
ミオくん、どこ行っちゃったのかな？,"Mio, where did you go?",romfs\story\spt\f05_070_152_00_t012.spt
部屋に帰っちゃったのかな？,Did he go back to his room?,romfs\story\spt\f05_070_152_00_t012.spt
反応ないですね…,No response...,romfs\story\spt\f05_070_152_00_t013.spt
あ、あれ？,"Oh, that?",romfs\story\spt\f05_070_152_00_t014.spt
お～い…！,Oi~oi..!,romfs\story\spt\f05_070_152_00_t014.spt
これ以上ここでグズグズしてたら,If we dither here any longer.,romfs\story\spt\f05_070_152_00_t014.spt
しょうがないね、入っちゃおう。,"I can't help it, let's go in.",romfs\story\spt\f05_070_152_00_t014.spt
そ、そうですよね…,"Well, yes...",romfs\story\spt\f05_070_152_00_t014.spt
だれかいますか～？,Anybody home?,romfs\story\spt\f05_070_152_00_t014.spt
どんどん騒ぎが大きくなっちゃうでしょ。,"It will get louder and louder, won't it?",romfs\story\spt\f05_070_152_00_t014.spt
ないですね～反応…,No - reaction...,romfs\story\spt\f05_070_152_00_t014.spt
は、入るのか…！？,is it going in...!,romfs\story\spt\f05_070_152_00_t014.spt
開いちゃった…,It's open...,romfs\story\spt\f05_070_152_00_t014.spt
うっ。,Ugh.,romfs\story\spt\f05_070_154_10_t011.spt
これ部屋か…？,Is this a room...?,romfs\story\spt\f05_070_154_10_t011.spt
エレベーター？,Elevator?,romfs\story\spt\f05_070_154_10_t012.spt
マザーレプリカ,mother replica,romfs\story\spt\f05_080_154_00.spt
マザーレプリカL,Mother Replica L,romfs\story\spt\f05_080_154_00.spt
マザーレプリカR,Mother Replica R,romfs\story\spt\f05_080_154_00.spt
マザーレプリカ影,Mother Replicas Shadow,romfs\story\spt\f05_080_154_00.spt
ロボトル後マザー,Lobotr Posterior Mother,romfs\story\spt\f05_080_154_00.spt
巨大メダ戦,Battle of Giant Meda,romfs\story\spt\f05_080_154_00.spt
　　　　　　　つ！,　　　　　　　One!,romfs\story\spt\f05_080_154_00_t013.spt
　　　ラ！,　　　La!,romfs\story\spt\f05_080_154_00_t013.spt
　た！,"　The first time I saw a new building, I was surprised to see it!",romfs\story\spt\f05_080_154_00_t013.spt
う～～～～～～っ！,U～～～～～～!,romfs\story\spt\f05_080_154_00_t013.spt
なんなのコレ！,What is this?,romfs\story\spt\f05_080_154_00_t013.spt
もおおおぉぉ！！！！！,Mooooooooo ！！！！！,romfs\story\spt\f05_080_154_00_t013.spt
ハ！,Ha!,romfs\story\spt\f05_080_154_00_t013.spt
と、言われましても、あの、な、,"I've been told that, you know,",romfs\story\spt\f05_080_154_00_t014.spt
なにしてたの？,What were you doing?,romfs\story\spt\f05_080_154_00_t014.spt
早く助けなさい！,Help them quickly!,romfs\story\spt\f05_080_154_00_t014.spt
気づいたらこうなってたのよ！,I found myself in this situation!,romfs\story\spt\f05_080_154_00_t014.spt
聞くな！　知るか！,Don't ask!　I don't know!,romfs\story\spt\f05_080_154_00_t014.spt
遅い！,Slow!,romfs\story\spt\f05_080_154_00_t014.spt
アタリだね。,It's a bite.,romfs\story\spt\f05_085_154_00_t011.spt
このパーツは…　なるほどな。,These parts... I see.,romfs\story\spt\f05_085_154_00_t012.spt
この子がぁ…？？,This girl...?,romfs\story\spt\f05_085_154_00_t013.spt
女生徒？,Female student?,romfs\story\spt\f05_085_154_00_t013.spt
マイン1,Mine 1,romfs\story\spt\f05_090_154_00.spt
メダ帰還1,Meda return 1,romfs\story\spt\f05_090_154_00.spt
メダ帰還2,Meda return 2,romfs\story\spt\f05_090_154_00.spt
レディジェット,lady jet,romfs\story\spt\f05_090_154_00.spt
あのあの。,You know what?,romfs\story\spt\f05_090_154_00_t011.spt
あ…　メダ研か、なるほどね。,"Ah... Meda Labs, I see.",romfs\story\spt\f05_090_154_00_t012.spt
あなたは探検部の部長さんですね。,You are the head of the Exploration Department.,romfs\story\spt\f05_090_154_00_t012.spt
あんなブービートラップ仕掛けといて、よくもまあ,How dare you booby trap me like that?,romfs\story\spt\f05_090_154_00_t012.spt
うるさいです気が散ります。,It's noisy and distracting.,romfs\story\spt\f05_090_154_00_t012.spt
すぐ返します。,I will return it immediately.,romfs\story\spt\f05_090_154_00_t012.spt
それより、ええと…,"More importantly, um...",romfs\story\spt\f05_090_154_00_t012.spt
だけど、調べてもわかりませんでした。,But I couldn't find out.,romfs\story\spt\f05_090_154_00_t012.spt
ちょっと借りました。,I borrowed some.,romfs\story\spt\f05_090_154_00_t012.spt
どうしてここに来ましたか？,Why did you come here?,romfs\story\spt\f05_090_154_00_t012.spt
どうしてそんなことしたの？,Why did you do that?,romfs\story\spt\f05_090_154_00_t012.spt
はいマインですー。,Yes Mine!,romfs\story\spt\f05_090_154_00_t012.spt
ぼくのこと知ってるんだ。,He knows me.,romfs\story\spt\f05_090_154_00_t012.spt
まあまあミオくん落ち着いて。,"Well, well, Mio, calm down.",romfs\story\spt\f05_090_154_00_t012.spt
エラそ～なこと言えた義理？,How can you say such a thing?,romfs\story\spt\f05_090_154_00_t012.spt
パーツに差異はありませんでした。,There were no differences in parts.,romfs\story\spt\f05_090_154_00_t012.spt
マインちゃんだね？,"Mine, right?",romfs\story\spt\f05_090_154_00_t012.spt
ロボトル大会の２回戦で戦いました。,We fought in the second round of the robattle tournament.,romfs\story\spt\f05_090_154_00_t012.spt
原因が知りたくて借りました。,I borrowed it because I wanted to know the cause.,romfs\story\spt\f05_090_154_00_t012.spt
対戦のとき、わたしの予測と結果がズレました。,"During the match, my predictions and results were not in line.",romfs\story\spt\f05_090_154_00_t012.spt
正解。,Correct answer.,romfs\story\spt\f05_090_154_00_t012.spt
消えたパーツに気がつきましたか？,Did you notice any missing parts?,romfs\story\spt\f05_090_154_00_t012.spt
静かにしてくださ～い！,Please be quiet!,romfs\story\spt\f05_090_154_00_t012.spt
２回戦って、どことあたったんだっけ？,Where did you play in the second round?,romfs\story\spt\f05_090_154_00_t012.spt
もうしません。,I won't do it again.,romfs\story\spt\f05_090_154_00_t013.spt
返しました。,Returned.,romfs\story\spt\f05_090_154_00_t013.spt
いやいいよ、話が実にスムーズだ。,"No, thanks, the conversation is really smooth.",romfs\story\spt\f05_090_154_00_t014.spt
ごめんなさい！,I'm sorry!,romfs\story\spt\f05_090_154_00_t014.spt
ところでマインちゃんは――,"By the way, Mine...",romfs\story\spt\f05_090_154_00_t014.spt
な、なによこの子,"Hey, what's with the girl?",romfs\story\spt\f05_090_154_00_t014.spt
調子くるうじゃないの…,You're out of shape...,romfs\story\spt\f05_090_154_00_t014.spt
この子です。,This is the girl.,romfs\story\spt\f05_090_154_00_t021.spt
あなたの行動予測がいちばん難しかったです。,Predicting your behavior was the most difficult part.,romfs\story\spt\f05_090_154_00_t022.spt
うわ～～～～～ん！,Wow. ～～～～～!,romfs\story\spt\f05_090_154_00_t022.spt
え～！,Eh~!,romfs\story\spt\f05_090_154_00_t022.spt
お名前なんですか？,What is your name?,romfs\story\spt\f05_090_154_00_t022.spt
お願いがあります。,I have a request.,romfs\story\spt\f05_090_154_00_t022.spt
さん。,Three.,romfs\story\spt\f05_090_154_00_t022.spt
さん貸してください。,Please lend me your three.,romfs\story\spt\f05_090_154_00_t022.spt
だぞ。,You know what?,romfs\story\spt\f05_090_154_00_t022.spt
ちゃんと元に戻します！,We will put it back together properly!,romfs\story\spt\f05_090_154_00_t022.spt
とても興味があります。,I am very interested.,romfs\story\spt\f05_090_154_00_t022.spt
なんだい？,What is it?,romfs\story\spt\f05_090_154_00_t022.spt
む？,Mm?,romfs\story\spt\f05_090_154_00_t022.spt
をどうしたいの？,What do you want to do with the,romfs\story\spt\f05_090_154_00_t022.spt
ダメなんてひどいです！,No is terrible!,romfs\story\spt\f05_090_154_00_t022.spt
ブンカイってなんだ？,What's a bunkai?,romfs\story\spt\f05_090_154_00_t022.spt
メダルだけでもいいです。,Just a medal is fine.,romfs\story\spt\f05_090_154_00_t022.spt
分解したいです実験したいです！,"I want to disassemble it, I want to experiment with it!",romfs\story\spt\f05_090_154_00_t022.spt
分解したいです！,I would like to disassemble it!,romfs\story\spt\f05_090_154_00_t022.spt
断る！,Refuse!,romfs\story\spt\f05_090_154_00_t022.spt
この子がそうだったのか。,So this was the girl.,romfs\story\spt\f05_090_154_00_t023.spt
とんでもない天才少女がいる、ってな。,There's a girl genius.,romfs\story\spt\f05_090_154_00_t023.spt
クラスはちがうが、ウワサにはなっていた。,"We were in different classes, but we were rumored to be in the same class.",romfs\story\spt\f05_090_154_00_t023.spt
コドモ！,Kodomo!,romfs\story\spt\f05_090_154_00_t023.spt
入学当初に話題になったきりだがな。,It's only been talked about since the beginning of the school year.,romfs\story\spt\f05_090_154_00_t023.spt
同じ学年に、飛び級で入ってきた,They were in the same grade and skipped a grade.,romfs\story\spt\f05_090_154_00_t023.spt
彼女は２年生だ。,She is a sophomore.,romfs\story\spt\f05_090_154_00_t023.spt
思い出した。,Reminder.,romfs\story\spt\f05_090_154_00_t023.spt
都市伝説みたいなものだろうと、忘れていたが…,I had forgotten that it must be some kind of urban legend...,romfs\story\spt\f05_090_154_00_t023.spt
飛び級の天才ですか…　はー。,Are you a skipping genius... haha.,romfs\story\spt\f05_090_154_00_t023.spt
…ぽっ。,...pop.,romfs\story\spt\f05_090_154_00_t024.spt
ありがと。,Thanks.,romfs\story\spt\f05_090_154_00_t024.spt
ありますあります。,Yes and no.,romfs\story\spt\f05_090_154_00_t024.spt
ありますー。,"Yes, there is.",romfs\story\spt\f05_090_154_00_t024.spt
いや？,No?,romfs\story\spt\f05_090_154_00_t024.spt
うん、あげちゃう。,"Yes, I'll give it to you.",romfs\story\spt\f05_090_154_00_t024.spt
ください。,Please.,romfs\story\spt\f05_090_154_00_t024.spt
このフォルダー開けてもいい？,Can I open this folder?,romfs\story\spt\f05_090_154_00_t024.spt
これ、なんのプログラム？,What program is this?,romfs\story\spt\f05_090_154_00_t024.spt
さっぱりだよ、はっはっは。,"I have no idea, haha.",romfs\story\spt\f05_090_154_00_t024.spt
じゃなくて。,Not.,romfs\story\spt\f05_090_154_00_t024.spt
それはいいです。,That's fine.,romfs\story\spt\f05_090_154_00_t024.spt
ただし…,However...,romfs\story\spt\f05_090_154_00_t024.spt
だけど、わかるね。,But you get the idea.,romfs\story\spt\f05_090_154_00_t024.spt
に伸び続けるメカニズムを段階的に数値で表します。,The numerical value represents the stepwise mechanism by which the mechanism continues to grow to,romfs\story\spt\f05_090_154_00_t024.spt
ほほー、なるほどー。,"Hoho, I see.",romfs\story\spt\f05_090_154_00_t024.spt
ぼく、メダリアに関する秘密の設計図持ってるんだ。,I have a secret blueprint for medallias.,romfs\story\spt\f05_090_154_00_t024.spt
わかっちゃうんですか！？,You'll understand!,romfs\story\spt\f05_090_154_00_t024.spt
わ～い！,Wow!,romfs\story\spt\f05_090_154_00_t024.spt
シミュレータです。,Simulator.,romfs\story\spt\f05_090_154_00_t024.spt
ットワークが形成される際その神経回路がユニット外,"When a network is formed, its neural circuits are outside the unit.",romfs\story\spt\f05_090_154_00_t024.spt
マインちゃんこそ、ぼくの求めていたヒトだ。,Mine is exactly what I was looking for.,romfs\story\spt\f05_090_154_00_t024.spt
メダリアに興味ある？,Interested in medalia?,romfs\story\spt\f05_090_154_00_t024.spt
入ります～。,I'm in~.,romfs\story\spt\f05_090_154_00_t024.spt
探検部に入ってくれたらね。,Only if you join the exploration club.,romfs\story\spt\f05_090_154_00_t024.spt
興味あるんじゃない？,I thought you might be interested.,romfs\story\spt\f05_090_154_00_t024.spt
許可します。,Permitted.,romfs\story\spt\f05_090_154_00_t024.spt
部長、いつの間に。,"Chief, when did this happen?",romfs\story\spt\f05_090_154_00_t024.spt
あ、ちなみに,"Oh, by the way.",romfs\story\spt\f05_090_154_00_t025.spt
ああ、そうだっけ。,"Oh, right.",romfs\story\spt\f05_090_154_00_t025.spt
あいかわらず話がスムーズで助かるよ。,Thanks for the smooth conversation as usual.,romfs\story\spt\f05_090_154_00_t025.spt
あっさりだなあ…,That's so simple...,romfs\story\spt\f05_090_154_00_t025.spt
いやいや。,"No, no.",romfs\story\spt\f05_090_154_00_t025.spt
さすがにそこまでの心配はしてないが。,"As I said, I'm not that worried about it.",romfs\story\spt\f05_090_154_00_t025.spt
それじゃあさっそく探検部に案内を――,"Well, then, let's get started and let me show you the Explorers Club.",romfs\story\spt\f05_090_154_00_t025.spt
でも、そんなにあわてる必要ないでしょ。,But there's no need to panic so much.,romfs\story\spt\f05_090_154_00_t025.spt
なにリョウマくん。,"What is it, Ryoma?",romfs\story\spt\f05_090_154_00_t025.spt
夏休み返上でな。,I'll be back from my summer vacation.,romfs\story\spt\f05_090_154_00_t025.spt
夏期講習フルコース。,Full summer course.,romfs\story\spt\f05_090_154_00_t025.spt
忘れてないか？,"You're forgetting something, aren't you?",romfs\story\spt\f05_090_154_00_t025.spt
明日は――,Tomorrow--,romfs\story\spt\f05_090_154_00_t025.spt
期末テストだ！！,It's the final exam!,romfs\story\spt\f05_090_154_00_t025.spt
落第さえしなきゃ大丈夫だよー。,"As long as I don't flunk, I'll be fine!",romfs\story\spt\f05_090_154_00_t025.spt
落第するとどうなるんですか？,What happens if I flunk out?,romfs\story\spt\f05_090_154_00_t025.spt
テスト返却1,Test Return 1,romfs\story\spt\f05_100_117_00.spt
テスト返却主人公,Test return hero,romfs\story\spt\f05_100_117_00.spt
返却1戻り,Return 1 return,romfs\story\spt\f05_100_117_00.spt
それではテストを返しま～す。,Now I will return the test.,romfs\story\spt\f05_100_117_00_t011.spt
イチルさん。,Mr. Itil.,romfs\story\spt\f05_100_117_00_t012.spt
がやがや…,The crowd is...,romfs\story\spt\f05_100_117_00_t021.spt
すいません、出ます…,"Excuse me, I'll get it...",romfs\story\spt\f05_100_117_00_t022.spt
もう教室にいるの、あなただけよ？,You're the only one in the classroom now.,romfs\story\spt\f05_100_117_00_t022.spt
うふふふふふふふ…,Mmmmmmmmmmmm...,romfs\story\spt\f05_100_117_00_t023.spt
えっ？　なんです？,What?　What is it?,romfs\story\spt\f05_100_117_00_t023.spt
だから、落ち込むのはそのあとになさい。,"So, be depressed after that.",romfs\story\spt\f05_100_117_00_t023.spt
な…　なんですか？,What... what is it?,romfs\story\spt\f05_100_117_00_t023.spt
マスターのきみたちは、もちろん同席できません。,"The master's boys, of course, cannot be present.",romfs\story\spt\f05_100_117_00_t023.spt
メダロットとの個別面談期間に入ります。,You will enter a period of individual meetings with Medarotto.,romfs\story\spt\f05_100_117_00_t023.spt
メダロット面接は期末試験項目のひとつです。,The medallion interview is one of the final examination items.,romfs\story\spt\f05_100_117_00_t023.spt
今、なに面接って…,What's the interview now?,romfs\story\spt\f05_100_117_00_t023.spt
大幅に減ることになるでしょう。,It will be greatly reduced.,romfs\story\spt\f05_100_117_00_t023.spt
教室で待機しててもらうことになるわ。,You'll have to stay in the classroom.,romfs\story\spt\f05_100_117_00_t023.spt
明日の放課後から、みんなのパートナー,"Starting tomorrow after school, partners for everyone.",romfs\story\spt\f05_100_117_00_t023.spt
結果しだいでは、あなたの夏期講習カリキュラムは,"Depending on the results, your summer curriculum will",romfs\story\spt\f05_100_117_00_t023.spt
落第点を取った,I got a failing grade.,romfs\story\spt\f05_100_117_00_t023.spt
いいい？,Okay?,romfs\story\spt\f05_100_117_00_t024.spt
いいマスターってなんだ？,What's a good master?,romfs\story\spt\f05_100_117_00_t024.spt
いいマスター？,Good master?,romfs\story\spt\f05_100_117_00_t024.spt
そりゃ、いいマスターっていったら,"Well, when I say good master, I mean...",romfs\story\spt\f05_100_117_00_t024.spt
どんなマスター？　いい…,What kind of master?　Nice...,romfs\story\spt\f05_100_117_00_t024.spt
なんだろう…？？,What is it...?,romfs\story\spt\f05_100_117_00_t024.spt
なんだ？,What is it?,romfs\story\spt\f05_100_117_00_t024.spt
やっぱ――,I knew it--,romfs\story\spt\f05_100_117_00_t024.spt
オレってどう？,How about me?,romfs\story\spt\f05_100_117_00_t024.spt
そもそも、簡単に対策できるようなことなら,If it was something that could be easily addressed in the first place.,romfs\story\spt\f05_110_161_00_t011.spt
そんなの、決まってるじゃない。,That's a given.,romfs\story\spt\f05_110_161_00_t011.spt
だからミオ、いいマスター。,"So Mio, good master.",romfs\story\spt\f05_110_161_00_t011.spt
だが、やめておけ。,But don't.,romfs\story\spt\f05_110_161_00_t011.spt
つけ焼刃は墓穴を掘る。,A false blade digs its own grave.,romfs\story\spt\f05_110_161_00_t011.spt
なにを考えているかわかるぞ,I know what you're thinking.,romfs\story\spt\f05_110_161_00_t011.spt
よけいなことをして,Do something unnecessary.,romfs\story\spt\f05_110_161_00_t011.spt
わざわざ先生も事前に知らせたりはしないはずだ。,The teacher shouldn't even bother to let you know in advance.,romfs\story\spt\f05_110_161_00_t011.spt
わたしたちみたいに。,Like us.,romfs\story\spt\f05_110_161_00_t011.spt
わたしミオがマスターでよかった。,I am glad that Mio is a master.,romfs\story\spt\f05_110_161_00_t011.spt
を混乱させるな。,Don't confuse the,romfs\story\spt\f05_110_161_00_t011.spt
メダロットと仲がいいマスターのことよ。,It's about a master who is good friends with Medarotto.,romfs\story\spt\f05_110_161_00_t011.spt
合否の基準もわからんのだろう。,They probably don't even know the pass/fail criteria.,romfs\story\spt\f05_110_161_00_t011.spt
あの部屋でね。,In that room.,romfs\story\spt\f05_120_161_00_t011.spt
いてくれさえすれば、それでいいみたいだね。,"As long as they stay, that seems to be all that matters.",romfs\story\spt\f05_120_161_00_t011.spt
けど今はとてもムリです。作れません。,But I can't make it now. I can't make it.,romfs\story\spt\f05_120_161_00_t011.spt
これもマインちゃんが持ってきたの？,Did Mine-chan bring this too?,romfs\story\spt\f05_120_161_00_t011.spt
そ、そうなんですか？？,"Oh, really?",romfs\story\spt\f05_120_161_00_t011.spt
それどころか、授業に出るも出ないも本人の自由,"On the contrary, it is up to the student to attend or not attend class.",romfs\story\spt\f05_120_161_00_t011.spt
それにしたって…,And for that matter...,romfs\story\spt\f05_120_161_00_t011.spt
ほしい機材があれば、いくらでも購入許可が出るし,"If there's any equipment you want, we'll give you permission to buy as much as you want.",romfs\story\spt\f05_120_161_00_t011.spt
まったく、すごい待遇だよね。,"Totally, it's a great treatment, isn't it?",romfs\story\spt\f05_120_161_00_t011.spt
やっぱりすごいんだな、マインちゃんて。,"I knew you were great, Mine-chan.",romfs\story\spt\f05_120_161_00_t011.spt
わたしが作った実験用ロボットです。,This is an experimental robot I made.,romfs\story\spt\f05_120_161_00_t011.spt
クラブも同じくね。,And the same goes for clubs.,romfs\story\spt\f05_120_161_00_t011.spt
コピーメダルです。,Copy medal.,romfs\story\spt\f05_120_161_00_t011.spt
ホントですねえ…！,Really...!,romfs\story\spt\f05_120_161_00_t011.spt
マインちゃんは試験なんて受けないよ。,Mine won't take the test.,romfs\story\spt\f05_120_161_00_t011.spt
メダルのエネルギー充填システムだけを模した,Only the energy filling system of the medal is imitated.,romfs\story\spt\f05_120_161_00_t011.spt
メダロットじゃないです。,It's not medallion.,romfs\story\spt\f05_120_161_00_t011.spt
メダロットまで作れちゃうんだ！？,I can even make a medallion!,romfs\story\spt\f05_120_161_00_t011.spt
入学以後はずっと、好きな研究をしてたんだって。,"He said that ever since he entered the school, he has been doing research that he likes.",romfs\story\spt\f05_120_161_00_t011.spt
学院的には、天才マインちゃんが,"From the academy's point of view, the genius Mine-chan...",romfs\story\spt\f05_120_161_00_t011.spt
期末テストって、なんですか？,What is a final test?,romfs\story\spt\f05_120_161_00_t011.spt
期末テストなんて、寝てても満点とれそうだなあ。,I'm sure I could get a perfect score on the final exam even if I slept on it.,romfs\story\spt\f05_120_161_00_t011.spt
本物のメダルを作るのはわたしの夢です。,It is my dream to make real medals.,romfs\story\spt\f05_120_161_00_t011.spt
業務用メダルで動くロボットですー。,It is a robot that runs on commercial medals.,romfs\story\spt\f05_120_161_00_t011.spt
業務用メダル？,Business medals?,romfs\story\spt\f05_120_161_00_t011.spt
マインちゃんが作った実験用ロボット。,Experimental robot created by Mine-chan.,romfs\story\spt\f05_120_161_00_t021.spt
お前、今日はそのまま帰って休め。,"You, go straight home and rest today.",romfs\story\spt\f05_125_161_00_t011.spt
ここでため息ばかりついているよりはマシだろう。,It would be better than just sighing here.,romfs\story\spt\f05_125_161_00_t011.spt
ずっとため息聞かされ続けるなんてゴメンよ。,I'm not going to listen to you sigh all the time.,romfs\story\spt\f05_125_161_00_t011.spt
だからといって,just because,romfs\story\spt\f05_125_161_00_t011.spt
だから探検に出かけようかと――,So I thought I'd go exploring--,romfs\story\spt\f05_125_161_00_t011.spt
なにをやっても身が入らないだろう。,You won't be able to get into anything.,romfs\story\spt\f05_125_161_00_t011.spt
もういちど言うぞ。,I'll say it again.,romfs\story\spt\f05_125_161_00_t011.spt
わかりましたよ。,I understand.,romfs\story\spt\f05_125_161_00_t011.spt
フィールド探検もお断り！,Field exploration is also not permitted!,romfs\story\spt\f05_125_161_00_t011.spt
今日はもう帰って休め。,Go home and rest today.,romfs\story\spt\f05_125_161_00_t011.spt
帰ったって落ち着きませんよー。,I'm not going to settle down when I get home!,romfs\story\spt\f05_125_161_00_t011.spt
セクター0,Sector 0,romfs\story\spt\f05_130_151_00.spt
ベッド,bed,romfs\story\spt\f05_130_151_00.spt
なんだかんだで結局、寝ちゃったな…,"What the heck, I ended up sleeping...",romfs\story\spt\f05_130_151_00_t011.spt
今、何時だ…　ふわぁ。,What time is it... wow.,romfs\story\spt\f05_130_151_00_t011.spt
ひと休みしますか？,Would you like to take a break?,romfs\story\spt\f05_140_151_00.spt
ベッド前,Before bed,romfs\story\spt\f05_140_151_00.spt
休まない,(I) won't (don't) rest,romfs\story\spt\f05_140_151_00.spt
休む,rest,romfs\story\spt\f05_140_151_00.spt
扉4前,Before door 4,romfs\story\spt\f05_140_151_00.spt
…やっぱり寝よ。,...I'm going to sleep after all.,romfs\story\spt\f05_140_151_00_t011.spt
いろいろ考えすぎるなって…,Don't overthink things...,romfs\story\spt\f05_140_151_00_t011.spt
たまにはひとりでどっか行くさ。,I'll go somewhere by myself once in a while.,romfs\story\spt\f05_140_151_00_t011.spt
だって,also,romfs\story\spt\f05_140_151_00_t011.spt
ふわぁ。,Wow.,romfs\story\spt\f05_140_151_00_t011.spt
シンパイなんかしなくたって――,You don't have to do any simpatico.,romfs\story\spt\f05_140_151_00_t011.spt
ベッド位置,Bed Position,romfs\story\spt\f05_140_151_00_t011.spt
リョウマさんにも言われたじゃないか。,"You said it yourself, Mr. Ryoma.",romfs\story\spt\f05_140_151_00_t011.spt
おやすみぃ…,Good night...,romfs\story\spt\f05_140_151_00_t012.spt
どこ行ったんだよ,Where the hell did he go?,romfs\story\spt\f05_140_151_00_t021.spt
倉庫に急ぐメダロット,Medalots rushing to the warehouse,romfs\story\spt\f05_145_150_00.spt
右出口前,Before right exit,romfs\story\spt\f05_145_150_00.spt
生徒男2年_A_メダ,Student_Male_2_A_Med.,romfs\story\spt\f05_145_150_00.spt
…あれ？,...Huh?,romfs\story\spt\f05_145_150_00_t011.spt
あっちは倉庫しかないぞ…？,There's only warehouses over there...?,romfs\story\spt\f05_145_150_00_t021.spt
こんな時間にメダロット…,Medalot at this hour...,romfs\story\spt\f05_145_150_00_t021.spt
なにしてるんだろう。,I wonder what they are doing.,romfs\story\spt\f05_145_150_00_t021.spt
あれ…,That...,romfs\story\spt\f05_150_100_00_t011.spt
夜間は外出禁止なんだな。,You're not allowed to go out at night.,romfs\story\spt\f05_150_100_00_t011.spt
門にカギがかかってる…,The gate is locked...,romfs\story\spt\f05_150_100_00_t011.spt
あれ？　そもそも,Huh?　In the first place.,romfs\story\spt\f05_160_150_10_t011.spt
い、いやでも,"No, no, but...",romfs\story\spt\f05_160_150_10_t011.spt
う～んと？,Hmmm?,romfs\story\spt\f05_160_150_10_t011.spt
か――,Kah--,romfs\story\spt\f05_160_150_10_t011.spt
がいないとムリだな。,I can't do it without the,romfs\story\spt\f05_160_150_10_t011.spt
が倉庫にいたら…,was in the warehouse...,romfs\story\spt\f05_160_150_10_t011.spt
が見つかったら,If you find a,romfs\story\spt\f05_160_150_10_t011.spt
それか,or else,romfs\story\spt\f05_160_150_10_t011.spt
つまり…？,You mean...?,romfs\story\spt\f05_160_150_10_t011.spt
なんにしても、このままじゃダメだ。,"Whatever it is, it can't go on like this.",romfs\story\spt\f05_160_150_10_t011.spt
の代わりに,instead of,romfs\story\spt\f05_160_150_10_t011.spt
まずは,First.,romfs\story\spt\f05_160_150_10_t011.spt
もし,if,romfs\story\spt\f05_160_150_10_t011.spt
を探さないと――,We need to find a--,romfs\story\spt\f05_160_150_10_t011.spt
倉庫に向かうには,To get to the warehouse,romfs\story\spt\f05_160_150_10_t011.spt
倉庫に行く必要なくないか？？,Don't we need to go to the warehouse?,romfs\story\spt\f05_160_150_10_t011.spt
戦ってくれるメダロットを探そう。,Let's find a medallion that will fight.,romfs\story\spt\f05_160_150_10_t011.spt
がいない！,There is no,romfs\story\spt\f05_160_210_00_t012.spt
しまった、,"I'm sorry,",romfs\story\spt\f05_160_210_00_t012.spt
ロボトルできないよっ！,I can't robattle!,romfs\story\spt\f05_160_210_00_t012.spt
ちょっと借りる,borrow a bit,romfs\story\spt\f05_170_161_00.spt
やめとく,I'll pass.,romfs\story\spt\f05_170_161_00.spt
ブリキロボを…,Briquillo Lobo...,romfs\story\spt\f05_170_161_00.spt
いや、ただのロボットかな…,"No, just a robot...",romfs\story\spt\f05_170_161_00_t011.spt
つい最近まで、こんなのなかったよな。,"Until recently, we didn't have anything like this.",romfs\story\spt\f05_170_161_00_t011.spt
なんだこれ…　メダロット？,What is this... Medalot?,romfs\story\spt\f05_170_161_00_t011.spt
マインちゃんが持ってきたのかなあ…,I wonder if Mine brought it...,romfs\story\spt\f05_170_161_00_t011.spt
こいつで、倉庫の野良メダロットぐらい,This thing is about the size of a stray medallion in a warehouse.,romfs\story\spt\f05_170_161_00_t021.spt
そっか。,I see.,romfs\story\spt\f05_170_161_00_t021.spt
なんとか…　できないかな。,Somehow... I don't know if I can do it.,romfs\story\spt\f05_170_161_00_t021.spt
がいない。,There are no,romfs\story\spt\f05_170_161_00_t031.spt
もしロボトルすることになっても、こいつがいれば…,"If I have to robattle, this guy will be there...",romfs\story\spt\f05_170_161_00_t031.spt
今は,Now.,romfs\story\spt\f05_170_161_00_t031.spt
ちょっと借りるね、マインちゃん。,"I'm going to borrow you for a minute, Mine.",romfs\story\spt\f05_170_161_00_t041.spt
よし。,All right.,romfs\story\spt\f05_170_161_00_t041.spt
う～ん、やっぱり…,"Hmmm, I knew it...",romfs\story\spt\f05_170_161_00_t051.spt
だまって借りるのは良くないかなあ…,I wonder if it's not a good idea to just sit back and borrow...,romfs\story\spt\f05_170_161_00_t051.spt
扉4,Door 4,romfs\story\spt\f05_180_114_10.spt
扉4_out,Door 4_out,romfs\story\spt\f05_180_114_10.spt
はい…,Yes...,romfs\story\spt\f05_180_114_10_t011.spt
あなたが日ごろ、どんな風に,How do you do it on a daily basis?,romfs\story\spt\f05_180_114_10_t012.spt
うふふ。,Hmmm.,romfs\story\spt\f05_180_114_10_t012.spt
くんが,erotic or pornographic painting or picture,romfs\story\spt\f05_180_114_10_t012.spt
くんと接しているか…,I'm not sure if I'm in contact with Mr.....,romfs\story\spt\f05_180_114_10_t012.spt
それでは発表するわね。,I will now make an announcement.,romfs\story\spt\f05_180_114_10_t012.spt
それを,It.,romfs\story\spt\f05_180_114_10_t012.spt
日ごろどんな風に感じているのか…,How do you feel on a daily basis...,romfs\story\spt\f05_180_114_10_t012.spt
本人からよぅく聞かせてもらったわ。,I've heard it all from the man himself.,romfs\story\spt\f05_180_114_10_t012.spt
苦労してるみたいね、お互いに！,"Sounds like you're having a hard time, and we're both having a hard time!",romfs\story\spt\f05_180_114_10_t012.spt
面接が終わりました。,The interview is over.,romfs\story\spt\f05_180_114_10_t012.spt
面接の結果――,The results of the interview--,romfs\story\spt\f05_180_114_10_t012.spt
ありがとうございます！！,Thank you!,romfs\story\spt\f05_180_114_10_t013.spt
えっ！？,What?,romfs\story\spt\f05_180_114_10_t013.spt
このままふたりでゆっくり成長していってね。,I hope the two of you will continue to grow together slowly.,romfs\story\spt\f05_180_114_10_t013.spt
じゃん！,Jansen!,romfs\story\spt\f05_180_114_10_t013.spt
だけど、なにも心配することはなかったわ。,But I didn't have to worry about anything.,romfs\story\spt\f05_180_114_10_t013.spt
よって講習は、ほかの生徒と同じでＯＫとします。,"Therefore, the course is allowed to be the same as other students.",romfs\story\spt\f05_180_114_10_t013.spt
ステキな関係だと思うわ、あなたたち。,"I think it's a lovely relationship, you guys.",romfs\story\spt\f05_180_114_10_t013.spt
パチパチ、おめでと～！,"Crackle, congratulations!",romfs\story\spt\f05_180_114_10_t013.spt
合格って言うのもヘンだけどね。,It's weird to call it passing.,romfs\story\spt\f05_180_114_10_t013.spt
合格で～す！,Passed~!,romfs\story\spt\f05_180_114_10_t013.spt
扉2-3中1,Door 2-3 middle 1,romfs\story\spt\f05_180_115_20.spt
扉2-3左1,Door 2-3 left 1,romfs\story\spt\f05_180_115_20.spt
扉3-4中1,Doors 3-4 middle 1,romfs\story\spt\f05_180_115_20.spt
扉3-4中2,"Doors 3-4, middle 2",romfs\story\spt\f05_180_115_20.spt
扉3-4左1,Door 3-4 left 1,romfs\story\spt\f05_180_115_20.spt
扉3-4左2,Door 3-4 left 2,romfs\story\spt\f05_180_115_20.spt
ありがとう,Thank you.,romfs\story\spt\f05_180_115_20_t011.spt
お前がこっそり隠れてたのなんて,I can't believe you've been sneaking around.,romfs\story\spt\f05_180_115_20_t011.spt
だから昨日ほら――　あ。,"So yesterday, you see -- oh.",romfs\story\spt\f05_180_115_20_t011.spt
だってお前、オレのこと…,Because you're...,romfs\story\spt\f05_180_115_20_t011.spt
とっくにお見通しだ。,I've already seen it coming.,romfs\story\spt\f05_180_115_20_t011.spt
とっくにお見通しなのだ。,They have long since figured it out.,romfs\story\spt\f05_180_115_20_t011.spt
な、なんでもない。,"Nah, it's nothing.",romfs\story\spt\f05_180_115_20_t011.spt
なんでそう思ってると思ったんだ？,What makes you think I think that?,romfs\story\spt\f05_180_115_20_t011.spt
へん,area (e.g. in programming languages),romfs\story\spt\f05_180_115_20_t011.spt
オレぜったいダメだと思ってたよ。,I thought it was a total no-no.,romfs\story\spt\f05_180_115_20_t011.spt
ダメマスターって思ってるんだろ？　だから――,"You think I'm a bad master, don't you?　That's why--",romfs\story\spt\f05_180_115_20_t011.spt
ダメマスター？,Bad master?,romfs\story\spt\f05_180_115_20_t011.spt
今さら隠したってムダだぞ。,It's no use hiding it now.,romfs\story\spt\f05_180_115_20_t011.spt
今さら隠したってムダなのだ。,It is useless to hide it now.,romfs\story\spt\f05_180_115_20_t011.spt
ええっ。,Eh.,romfs\story\spt\f05_180_115_20_t012.spt
お前、オレのことぜんぜん信じてないだろ。,"You don't believe me at all, do you?",romfs\story\spt\f05_180_115_20_t012.spt
お前セッシャのことぜんぜん信じてないだろ。,"You don't believe in Sesha at all, do you?",romfs\story\spt\f05_180_115_20_t012.spt
するはずないもんな！,I don't think so!,romfs\story\spt\f05_180_115_20_t012.spt
そういうのはすぐにわかるんだ。,I know those things right away.,romfs\story\spt\f05_180_115_20_t012.spt
そういうのはすぐにわかるんだぞ。,You know those things right off the bat.,romfs\story\spt\f05_180_115_20_t012.spt
それじゃひょっとして、昨日のアレ,"Then, by any chance, that thing from yesterday?",romfs\story\spt\f05_180_115_20_t012.spt
わざとじゃないぞ、本当のことだ。,"I didn't do it on purpose, it's true.",romfs\story\spt\f05_180_115_20_t012.spt
オレが聞いてるからって、わざと…？？,"Just because I'm listening, you did that on purpose?",romfs\story\spt\f05_180_115_20_t012.spt
フローラがレーダーサイトつけてるからな。,Flora is wearing a radar sight.,romfs\story\spt\f05_180_115_20_t012.spt
信じてたら、こっそり盗み聞きなんて,"If I believed in it, I wouldn't sneak in and eavesdrop.",romfs\story\spt\f05_180_115_20_t012.spt
信じてるヤツが、こっそり盗み聞きなんて,I can't believe someone I trust is sneaking around and eavesdropping on me.,romfs\story\spt\f05_180_115_20_t012.spt
あんな時間に急にいなくなったら,If he suddenly disappeared at that hour...,romfs\story\spt\f05_180_115_20_t013.spt
そ、そんなんじゃないよ。,"No, it's not like that.",romfs\story\spt\f05_180_115_20_t013.spt
そういうことにしてやる。,That's what I'm going to do.,romfs\story\spt\f05_180_115_20_t013.spt
そういうことにしてやろう。,Let's make it that way.,romfs\story\spt\f05_180_115_20_t013.spt
そしたら、あんなところに集まってるからさ,And then they're all over the place.,romfs\story\spt\f05_180_115_20_t013.spt
ついつい聞いちゃっただけで,I just got caught up in asking.,romfs\story\spt\f05_180_115_20_t013.spt
ふうん、ならいい。,"Hmm, okay then.",romfs\story\spt\f05_180_115_20_t013.spt
ほお、ならいい。,"Oh, okay, then.",romfs\story\spt\f05_180_115_20_t013.spt
ホントだよ！,It's true!,romfs\story\spt\f05_180_115_20_t013.spt
心配して探すだろ、フツー？,"You're worried about them. You're looking for them, right?",romfs\story\spt\f05_180_115_20_t013.spt
本当か？,Really?,romfs\story\spt\f05_180_115_20_t013.spt
目が覚めたらお前がいなかったんだ。,I woke up and you were gone.,romfs\story\spt\f05_180_115_20_t013.spt
い、いやちょっと待ってくださいよ,"No, no, no, wait a minute.",romfs\story\spt\f05_180_115_20_t111.spt
いったいどこで覚えてくるんだよ…,Where in the world do they learn that...,romfs\story\spt\f05_180_115_20_t111.spt
うん…,Yeah...,romfs\story\spt\f05_180_115_20_t111.spt
お礼をするとき、なにかくれるのだろう？,"When I thank them, will they give me something?",romfs\story\spt\f05_180_115_20_t111.spt
お礼をするとき、なにかくれるんだろ？,"When I thank you, you give me something, right?",romfs\story\spt\f05_180_115_20_t111.spt
くれ！　お礼！,Give me!　Thanks!,romfs\story\spt\f05_180_115_20_t111.spt
これで夏休み復活だー！,Now summer vacation is back!,romfs\story\spt\f05_180_115_20_t111.spt
そうだな、お前のおかげだ。,"Yes, you did.",romfs\story\spt\f05_180_115_20_t111.spt
それとんでもない超レア物じゃあないですか。,"That's a very rare item, isn't it?",romfs\story\spt\f05_180_115_20_t111.spt
で、なにがほしいんだよ。,"So, what do you want?",romfs\story\spt\f05_180_115_20_t111.spt
ところで人間っていうのは,"By the way, people are...",romfs\story\spt\f05_180_115_20_t111.spt
どこでもいいぞ。,Anywhere.,romfs\story\spt\f05_180_115_20_t111.spt
どこでもいいのだ。,It doesn't matter where.,romfs\story\spt\f05_180_115_20_t111.spt
なにかくれ。,Give me something.,romfs\story\spt\f05_180_115_20_t111.spt
なんかくれ。,Give me something.,romfs\story\spt\f05_180_115_20_t111.spt
はああ！？,Huh!,romfs\story\spt\f05_180_115_20_t111.spt
わ、わかったよ…,"Wow, okay...",romfs\story\spt\f05_180_115_20_t111.spt
オレのおかげだな！,Thanks to me!,romfs\story\spt\f05_180_115_20_t111.spt
ガンノウズ一式がいい。,I prefer a set of gunnows.,romfs\story\spt\f05_180_115_20_t111.spt
サンジューロ一式がいい。,I like the San Giulo set.,romfs\story\spt\f05_180_115_20_t111.spt
セッシャのおかげだな！,Thanks to Sesha!,romfs\story\spt\f05_180_115_20_t111.spt
ヘンなこと知ってるなあ。,You know some weird stuff.,romfs\story\spt\f05_180_115_20_t111.spt
ちょっと待てって。,Wait a minute.,romfs\story\spt\f05_180_115_20_t112.spt
とてもとても――,"Very, very--",romfs\story\spt\f05_180_115_20_t112.spt
ボクのよーなビンボー人には,For a bum like me.,romfs\story\spt\f05_180_115_20_t112.spt
そのうち必ずプレゼントするよ、約束する！,"I'll get you a present one of these days, I promise!",romfs\story\spt\f05_180_115_20_t113.spt
ふうん、わかった。,"Hmmm, okay.",romfs\story\spt\f05_180_115_20_t113.spt
わかった、今すぐには無理だけど…,"Okay, not right now, but...",romfs\story\spt\f05_180_115_20_t113.spt
…なあ。,...Hey.,romfs\story\spt\f05_180_115_20_t211.spt
そんなこと言わずにさあ。,Don't say that.,romfs\story\spt\f05_180_115_20_t211.spt
ナイショだ。,It's a secret.,romfs\story\spt\f05_180_115_20_t211.spt
ナイショなのだ。,It is naisho.,romfs\story\spt\f05_180_115_20_t211.spt
面接で、どんなこと聞かれたの？,What questions did they ask you during the interview?,romfs\story\spt\f05_180_115_20_t211.spt
あ、おい！,"Oh, hey!",romfs\story\spt\f05_180_115_20_t212.spt
…まいっか！,...Oh well!,romfs\story\spt\f05_180_115_20_t213.spt
明日から夏休みだし！,It's summer vacation starting tomorrow!,romfs\story\spt\f05_180_115_20_t213.spt
お～い！,Oi~!,romfs\story\spt\f05_180_115_20_t214.spt
待てよ,Wait a minute.,romfs\story\spt\f05_180_115_20_t214.spt
イベント地点へ,Go to the event point,romfs\story\spt\f05_180_210_00.spt
メダロット集会,medallion rally,romfs\story\spt\f05_180_210_00.spt
帰り方向,return direction,romfs\story\spt\f05_180_210_00.spt
覗き見,peeking,romfs\story\spt\f05_180_210_00.spt
隠れる,be hidden,romfs\story\spt\f05_180_210_00.spt
でもさー。,But you know what?,romfs\story\spt\f05_180_210_00_t011.spt
あいつはダメマスターだ！,He's a bad master!,romfs\story\spt\f05_180_210_00_t012.spt
いくらロボトルで頼りになっても,No matter how much you can count on them to be robotolerant.,romfs\story\spt\f05_180_210_00_t012.spt
いっしょにスイーツつくったり,Making sweets together,romfs\story\spt\f05_180_210_00_t012.spt
うちのアオイは、それほど変わらないけどねえ。,"My aoi is not so different, though.",romfs\story\spt\f05_180_210_00_t012.spt
うむ信頼だ。,Mm trust.,romfs\story\spt\f05_180_210_00_t012.spt
えへへ,tee-hee,romfs\story\spt\f05_180_210_00_t012.spt
おう！　なんか言え,Oh!　Say something.,romfs\story\spt\f05_180_210_00_t012.spt
お前が始めたんだぞ！,You started it!,romfs\story\spt\f05_180_210_00_t012.spt
お買い物にもいっしょに行けないとぉ。,I have to go shopping with them.,romfs\story\spt\f05_180_210_00_t012.spt
してないかも。,Maybe I haven't.,romfs\story\spt\f05_180_210_00_t012.spt
そうだな…,Well...,romfs\story\spt\f05_180_210_00_t012.spt
そうだなー。,I guess so.,romfs\story\spt\f05_180_210_00_t012.spt
そうなの？,Really?,romfs\story\spt\f05_180_210_00_t012.spt
そんなことないですよぅ。,That's not true.,romfs\story\spt\f05_180_210_00_t012.spt
だからオレも、あいつのこと信頼しない。,That's why I don't trust him either.,romfs\story\spt\f05_180_210_00_t012.spt
だからセッシャも、あいつのこと信頼しないぞ。,"So Sesha, I wouldn't trust that guy either.",romfs\story\spt\f05_180_210_00_t012.spt
だけど――,But--,romfs\story\spt\f05_180_210_00_t012.spt
だってあいつ、オレのこと信頼してないもん。,Because he doesn't trust me.,romfs\story\spt\f05_180_210_00_t012.spt
だってあいつ、セッシャのこと信頼してないからな。,Because that guy doesn't trust Cesha.,romfs\story\spt\f05_180_210_00_t012.spt
だってオレ、アイツとお菓子なんて作らないしな。,Because I don't make sweets with him.,romfs\story\spt\f05_180_210_00_t012.spt
だな！,Right!,romfs\story\spt\f05_180_210_00_t012.spt
ってことばっかするからな。,I'm going to do all the things that I'm going to do.,romfs\story\spt\f05_180_210_00_t012.spt
なんか違うと思わない？,Don't you think something is different?,romfs\story\spt\f05_180_210_00_t012.spt
のマスターは、どうなの？,What about the master of the,romfs\story\spt\f05_180_210_00_t012.spt
へえ、見かけによらないな。,"Heh, looks can be deceiving.",romfs\story\spt\f05_180_210_00_t012.spt
ま、うちのボスもそうだけどな。,"Well, my boss is the same way.",romfs\story\spt\f05_180_210_00_t012.spt
やっぱシンライだよな！,I knew it was Sinlai!,romfs\story\spt\f05_180_210_00_t012.spt
アイツは最高のマスターだぜ！,"He's the best master, man!",romfs\story\spt\f05_180_210_00_t012.spt
イメージどおりじゃないか。,Isn't it just as I imagined?,romfs\story\spt\f05_180_210_00_t012.spt
オレの背中を任せられるのはリュウセイだけだ！,Only Ryusei can be trusted with my back!,romfs\story\spt\f05_180_210_00_t012.spt
コンゴー,Congo,romfs\story\spt\f05_180_210_00_t012.spt
ザクロ,garlic chive (Allium tuberosum),romfs\story\spt\f05_180_210_00_t012.spt
ザクロのマスター、お菓子なんて作るの？,"Pomegranate master, do you make any sweets?",romfs\story\spt\f05_180_210_00_t012.spt
シンライ？,Sinlai?,romfs\story\spt\f05_180_210_00_t012.spt
ジジイかよ！,You're an old man!,romfs\story\spt\f05_180_210_00_t012.spt
ニンゲンは周りにほかの人間がいるかいないかで,Ningen depends on whether other people are around or not.,romfs\story\spt\f05_180_210_00_t012.spt
フローラ,flora,romfs\story\spt\f05_180_210_00_t012.spt
ワタシはそれだけじゃイヤですぅ。,I don't want to do just that.,romfs\story\spt\f05_180_210_00_t012.spt
仲がいいから、いいマスターってのは,"I'm a good friend, so I'm not a good master.",romfs\story\spt\f05_180_210_00_t012.spt
仲良くはないのかも。,Maybe they don't get along.,romfs\story\spt\f05_180_210_00_t012.spt
信頼かー。,"Trust, huh?",romfs\story\spt\f05_180_210_00_t012.spt
信頼してたら、しないだろ！！,"If you trusted them, you wouldn't!",romfs\story\spt\f05_180_210_00_t012.spt
信頼はできるのか？,Can you trust them?,romfs\story\spt\f05_180_210_00_t012.spt
共通の趣味なんですよぅ。,It's a common hobby.,romfs\story\spt\f05_180_210_00_t012.spt
性格が変わるものなのだ。,It is a change of character.,romfs\story\spt\f05_180_210_00_t012.spt
絶対の信頼がなければ、よいマスターとは言えぬ。,"Without absolute trust, one cannot be a good master.",romfs\story\spt\f05_180_210_00_t012.spt
趣味ボンサイなんだぜ！,He's a hobby bonsai!,romfs\story\spt\f05_180_210_00_t012.spt
そんな風に思ってたなんて…,I can't believe I thought that.,romfs\story\spt\f05_180_210_00_t013.spt
帰ろ…,Go home...,romfs\story\spt\f05_180_210_00_t013.spt
マイン0b,Mine0b,romfs\story\spt\f06_015_161_00.spt
マインPC前,Before Mine PC,romfs\story\spt\f06_015_161_00.spt
ミオスペース前,In front of Mio Space,romfs\story\spt\f06_015_161_00.spt
合成機前,Synthesizer front,romfs\story\spt\f06_015_161_00.spt
こんなだだっ広くてな～んにもない地下室だもの。,"It's such a huge, empty basement.",romfs\story\spt\f06_015_161_00_t012.spt
なっ、なんですかアレは…っ。,What is that thing...?,romfs\story\spt\f06_015_161_00_t012.spt
なによ、別にいいでしょ。,What? It doesn't matter.,romfs\story\spt\f06_015_161_00_t012.spt
ぱっ…,Pow...,romfs\story\spt\f06_015_161_00_t012.spt
ほんのちょっとの改装くらい大目に見てほしいわね。,I hope you can tolerate just a little bit of remodeling.,romfs\story\spt\f06_015_161_00_t012.spt
パーソナル・スペースよ。,Personal space.,romfs\story\spt\f06_015_161_00_t012.spt
見たらわかるでしょ。,You'll know it when you see it.,romfs\story\spt\f06_015_161_00_t012.spt
マインちゃんのブースはまあ,"Mine's booth is, well.",romfs\story\spt\f06_015_161_00_t013.spt
必要なんだろうなってわかるけど――,"I can see why you might need it, but--",romfs\story\spt\f06_015_161_00_t013.spt
あれは…,That was...,romfs\story\spt\f06_015_161_00_t014.spt
あっ！！！,Ah!,romfs\story\spt\f06_017_161_00_t011.spt
ありがとうマインちゃん、試してみるよ。,"Thanks Mine, I'll give it a try.",romfs\story\spt\f06_017_161_00_t011.spt
これだけは注意してください。,Please note this.,romfs\story\spt\f06_017_161_00_t011.spt
ぜひ試してみてください。,Please give it a try.,romfs\story\spt\f06_017_161_00_t011.spt
それぞれの環境で得た特性を打ち消し合うことがあり,"The characteristics acquired in each environment may cancel each other out, and",romfs\story\spt\f06_017_161_00_t011.spt
それはメダリア合成機です。,It is a medallia synthesizer.,romfs\story\spt\f06_017_161_00_t011.spt
だいじょぶです。,It's all right.,romfs\story\spt\f06_017_161_00_t011.spt
てきとーにやってもちゃんと強くなります。,"Even if you do it in a very simple way, it will be very strong.",romfs\story\spt\f06_017_161_00_t011.spt
な、なにっ？,What?,romfs\story\spt\f06_017_161_00_t011.spt
へえ…,Heh...,romfs\story\spt\f06_017_161_00_t011.spt
ようやく法則を見つけました。,I finally found the law.,romfs\story\spt\f06_017_161_00_t011.spt
わ、わかった…,"Wow, okay...",romfs\story\spt\f06_017_161_00_t011.spt
わあ！,Wow!,romfs\story\spt\f06_017_161_00_t011.spt
スキルも失われてしまいます。,Skills will also be lost.,romfs\story\spt\f06_017_161_00_t011.spt
ベースにしたメダリアのレベルになるのです。,It will be at the level of the medallion based on the base.,romfs\story\spt\f06_017_161_00_t011.spt
使わないメダリアが増えてきたら,If you have more medallions that you don't use.,romfs\story\spt\f06_017_161_00_t011.spt
元々ひとカタマリの物質だったメダリアは,"Originally a single lump of material, medallia",romfs\story\spt\f06_017_161_00_t011.spt
合成したメダリアの合計レベルが,The total level of synthesized medallions is,romfs\story\spt\f06_017_161_00_t011.spt
合成したメダリアは消えてしまいます。,The synthesized medallions will disappear.,romfs\story\spt\f06_017_161_00_t011.spt
大事なメダリアは必ずベースに使ってください。,Be sure to use the important medallions as a base.,romfs\story\spt\f06_017_161_00_t011.spt
実用レベルに仕上がったので持ってきました。,I brought it because it was finished to a practical level.,romfs\story\spt\f06_017_161_00_t011.spt
実用化の壁になっていました。,It was a barrier to practical application.,romfs\story\spt\f06_017_161_00_t011.spt
比較的簡単に合成することができます。,It is relatively easy to synthesize.,romfs\story\spt\f06_017_161_00_t011.spt
約束です！,Promises!,romfs\story\spt\f06_017_161_00_t011.spt
言い忘れました。,I forgot to say.,romfs\story\spt\f06_017_161_00_t011.spt
まだ部長が来てないな…,I don't see the director here yet...,romfs\story\spt\f06_018_161_00_t011.spt
みんなと話でもしながら待とう。,Let's wait and talk with everyone.,romfs\story\spt\f06_018_161_00_t011.spt
会議2,Conference 2,romfs\story\spt\f06_020_161_00.spt
会議6,Conference 6,romfs\story\spt\f06_020_161_00.spt
あ、だけど親が心配しちゃって…,"Oh, but my parents got worried...",romfs\story\spt\f06_020_161_00_t011.spt
そっか、リョウマさんも帰ってきたばかりでしたね。,"I see, Ryoma-san had just returned, too.",romfs\story\spt\f06_020_161_00_t011.spt
どうだ,How's it goin'?,romfs\story\spt\f06_020_161_00_t011.spt
どうでした？,How was it?,romfs\story\spt\f06_020_161_00_t011.spt
ふつうだった。,It was normal.,romfs\story\spt\f06_020_161_00_t011.spt
ふつうに親と会って,I usually meet with my parents.,romfs\story\spt\f06_020_161_00_t011.spt
もちろんです！,Of course!,romfs\story\spt\f06_020_161_00_t011.spt
やあやあ、しょくん。,"Hey there, Shokun.",romfs\story\spt\f06_020_161_00_t011.spt
地元のやつらと会ってメシ食って――,"I met up with some locals, had a bite to eat...",romfs\story\spt\f06_020_161_00_t011.spt
夏休み、戻ってくると思い込んでたんですよねー。,"Summer vacation, I assumed you would be back!",romfs\story\spt\f06_020_161_00_t011.spt
夏休みは楽しめているか？,Are you enjoying your summer vacation?,romfs\story\spt\f06_020_161_00_t011.spt
期間は短いがな。,"The duration is short, though.",romfs\story\spt\f06_020_161_00_t011.spt
１年のうちは冬まで一時帰宅できないからな。,We can't furlough for the rest of the year until winter.,romfs\story\spt\f06_020_161_00_t011.spt
２年に上がれば、夏も帰れるようになるさ。,"Once you move up to sophomore year, you'll be able to go home for the summer.",romfs\story\spt\f06_020_161_00_t011.spt
あんたが呼び出したんでしょうが,You're the one who called me.,romfs\story\spt\f06_020_161_00_t021.spt
このトーヘンボク。,This tohenbok.,romfs\story\spt\f06_020_161_00_t021.spt
やることないの？　あっはっは。,Don't you have anything to do?　Ah-ha-ha.,romfs\story\spt\f06_020_161_00_t021.spt
全員そろってるね。,You're all here.,romfs\story\spt\f06_020_161_00_t021.spt
夏休みだっていうのにヒマ人だねー。,"It's summer vacation, and you're a busy man!",romfs\story\spt\f06_020_161_00_t021.spt
おや、そうだっけ。,"Oh, right.",romfs\story\spt\f06_020_161_00_t022.spt
これは失礼、はっはっは。,"This is rude, haha.",romfs\story\spt\f06_020_161_00_t022.spt
ごキゲンだな…　で要件はなんだ。,You're looking good... so what are your requirements?,romfs\story\spt\f06_020_161_00_t022.spt
どうせ例の設計図のことなんだろう？,"You're talking about the blueprints anyway, right?",romfs\story\spt\f06_020_161_00_t022.spt
ねえ、マインちゃん？,"Hey, Mine?",romfs\story\spt\f06_020_161_00_t022.spt
もちろんですとも。,Of course.,romfs\story\spt\f06_020_161_00_t022.spt
すると端末からメダリアの位置情報がわかります。,You can then find out the location of the medallion from the terminal.,romfs\story\spt\f06_020_161_00_t023.spt
そこでぼくらの出番ってわけさ。,That's where we come in.,romfs\story\spt\f06_020_161_00_t023.spt
それはすごい、もう使えるのか！？,"That's great, it's already available!",romfs\story\spt\f06_020_161_00_t023.spt
まだですー。,Not yet.,romfs\story\spt\f06_020_161_00_t023.spt
スマホでいいです。,Just use your phone.,romfs\story\spt\f06_020_161_00_t023.spt
スマホでいいのかっ？,Is a smart phone good enough?,romfs\story\spt\f06_020_161_00_t023.spt
データ化に成功しました。,Successfully converted to data.,romfs\story\spt\f06_020_161_00_t023.spt
メダリアは音を出すのか？,Does the medallia make a sound?,romfs\story\spt\f06_020_161_00_t023.spt
メダロッチを起動しておけば勝手に反応します。,"If you activate the medalloch, it will respond on its own.",romfs\story\spt\f06_020_161_00_t023.spt
人間には聞こえない周波です。,It is a frequency that humans cannot hear.,romfs\story\spt\f06_020_161_00_t023.spt
出します。,I will put it out.,romfs\story\spt\f06_020_161_00_t023.spt
正の位置情報だけ端末に送り返します。,Only positive location information is sent back to the terminal.,romfs\story\spt\f06_020_161_00_t023.spt
発信源の座標を可視化するプログラムでしたー。,It was a program to visualize the coordinates of the originating source.,romfs\story\spt\f06_020_161_00_t023.spt
端末…,Terminal...,romfs\story\spt\f06_020_161_00_t023.spt
設計図はメダリアが出す音波をつかまえて,The blueprints grab the sound waves that the medallion produces.,romfs\story\spt\f06_020_161_00_t023.spt
設計図を解析しました。,The blueprints were analyzed.,romfs\story\spt\f06_020_161_00_t023.spt
音波…,Sonic...,romfs\story\spt\f06_020_161_00_t023.spt
音波を端末で拾ってＰＣに送って解析して,The sound waves are picked up by a terminal and sent to a PC for analysis.,romfs\story\spt\f06_020_161_00_t023.spt
これ持ってってください。,Please take this.,romfs\story\spt\f06_020_161_00_t024.spt
というと？,What does that mean?,romfs\story\spt\f06_020_161_00_t024.spt
島のあちこちで音波を観測してほしいのです。,We want you to observe sound waves all over the island.,romfs\story\spt\f06_020_161_00_t024.spt
観測データが必要なんだって。,They need observational data.,romfs\story\spt\f06_020_161_00_t024.spt
あと、お留守番もよろしくね。,"Also, please take care of your stay at home.",romfs\story\spt\f06_020_161_00_t025.spt
いってらっしゃいませー。,Have a good day!,romfs\story\spt\f06_020_161_00_t025.spt
さっそく行動にうつろうじゃないか。,Let's get to work right away.,romfs\story\spt\f06_020_161_00_t025.spt
そこ行って測ってみてほしいです。,I would like you to go there and measure it.,romfs\story\spt\f06_020_161_00_t025.spt
というわけなんだ。,That's why.,romfs\story\spt\f06_020_161_00_t025.spt
マインちゃんは引き続き作業と――,Mine continues to work and--,romfs\story\spt\f06_020_161_00_t025.spt
観測してほしい場所を掲示板にあげました。,I have given the board the locations I would like you to observe.,romfs\story\spt\f06_020_161_00_t025.spt
マインカメラ,Mein Kamera,romfs\story\spt\f06_050_161_00.spt
おまたせマインちゃん。,"Hello again, Mine.",romfs\story\spt\f06_050_161_00_t011.spt
役に立ちそう…？,Does it seem useful...?,romfs\story\spt\f06_050_161_00_t011.spt
結果は掲示板に上げておいたけど…,I put the results up on the board...,romfs\story\spt\f06_050_161_00_t011.spt
頼まれてた測定、終わったよ。,"The measurement you asked me to do, I'm done.",romfs\story\spt\f06_050_161_00_t011.spt
……むむ！,...... mmm!,romfs\story\spt\f06_050_161_00_t012.spt
なになに！？,"What, what, what!",romfs\story\spt\f06_050_161_00_t012.spt
マインPC向き,Mine PC oriented,romfs\story\spt\f06_050_161_00_t012.spt
スマホ確認してみてください。,Please check your phone.,romfs\story\spt\f06_050_161_00_t013.spt
06ラピス,06 Lapis,romfs\story\spt\f06_060_161_00.spt
ミオ0b,mio0b,romfs\story\spt\f06_060_161_00.spt
いいよ。,All right.,romfs\story\spt\f06_060_161_00_t011.spt
このメダリアつけて、ちょっと動いてみてよ。,Put on this medallion and move a little bit.,romfs\story\spt\f06_060_161_00_t011.spt
これがメダリアの探知音ってわけね。,So this is the sound of the medallion detection.,romfs\story\spt\f06_060_161_00_t011.spt
ですー。,I am a member of the board of directors of the company.,romfs\story\spt\f06_060_161_00_t011.spt
なんの音？,What's that sound?,romfs\story\spt\f06_060_161_00_t011.spt
ねね,bed-time (for a baby),romfs\story\spt\f06_060_161_00_t011.spt
ははん、わかった。,"Hahan, okay.",romfs\story\spt\f06_060_161_00_t011.spt
、もうちょっと遠く――,A little farther--,romfs\story\spt\f06_060_161_00_t012.spt
これは…　すごいな。,This is... amazing.,romfs\story\spt\f06_060_161_00_t012.spt
そう、パーツボックスのあたりまで歩いてみてよ。,"Yes, you should walk to the parts box area.",romfs\story\spt\f06_060_161_00_t012.spt
どうしたの？　ミオ。,What's wrong?　Mio.,romfs\story\spt\f06_060_161_00_t012.spt
へえ、距離もわかるんですねー。,"Wow, you can tell the distance too!",romfs\story\spt\f06_060_161_00_t012.spt
せいぜい半径５メートルってとこなんだけど…,I'm talking about a 5 meter radius at most...,romfs\story\spt\f06_060_161_00_t013.spt
ちがうんですー！,"No, it's not!",romfs\story\spt\f06_060_161_00_t013.spt
探索範囲、狭すぎない？,"Search area, too narrow?",romfs\story\spt\f06_060_161_00_t013.spt
あっ、ですです！,"Ah, yes!",romfs\story\spt\f06_060_161_00_t014.spt
いつだって、たくさんのいろんな音が飛んでます。,There are always a lot of different sounds flying around.,romfs\story\spt\f06_060_161_00_t014.spt
こんなのゼッタイおかしいです。,This is definitely not right.,romfs\story\spt\f06_060_161_00_t014.spt
じゃあ、どのモンダイがモンダイなのよ？,So which mondai is mondai?,romfs\story\spt\f06_060_161_00_t014.spt
それは、人工的なものなのかい？,Is it artificial?,romfs\story\spt\f06_060_161_00_t014.spt
ちゃんと動いてるほうが問題なのです！,It is more problematic if it is working properly!,romfs\story\spt\f06_060_161_00_t014.spt
でも、それ以外に考えられないです。,But I can't think of anything else.,romfs\story\spt\f06_060_161_00_t014.spt
どれが問題の音なのかは特定できないです。,I can't identify which one is the sound in question.,romfs\story\spt\f06_060_161_00_t014.spt
ないです！,There is no such thing!,romfs\story\spt\f06_060_161_00_t014.spt
まだなにか残っている問題があるとか…,Is there any remaining problem?,romfs\story\spt\f06_060_161_00_t014.spt
わかりません。,I do not know.,romfs\story\spt\f06_060_161_00_t014.spt
メダリアの音波に干渉して,Interference with the sound waves of the medallia.,romfs\story\spt\f06_060_161_00_t014.spt
原因はきっと外にあります。,The cause is surely outside.,romfs\story\spt\f06_060_161_00_t014.spt
問題があったらもっと問題が出ます！,"If there are problems, there will be more problems!",romfs\story\spt\f06_060_161_00_t014.spt
外…？,Outside...?,romfs\story\spt\f06_060_161_00_t014.spt
妨害電波――　いや,Jamming-- No.,romfs\story\spt\f06_060_161_00_t014.spt
妨害音波が存在する、ってこと？,Does this mean that interfering sound waves exist?,romfs\story\spt\f06_060_161_00_t014.spt
打ち消しあう周波の存在です。,It is the presence of frequencies that cancel each other out.,romfs\story\spt\f06_060_161_00_t014.spt
本当はもっと遠くまで届くはずなんです。,"In truth, it should reach farther.",romfs\story\spt\f06_060_161_00_t014.spt
自然界でも無音はあり得ません。,Silence is not possible even in nature.,romfs\story\spt\f06_060_161_00_t014.spt
突き止めます！,We will find out!,romfs\story\spt\f06_060_161_00_t015.spt
しばらく、そっとしとこうか。,Let's leave it alone for a while.,romfs\story\spt\f06_060_161_00_t016.spt
すごい集中力だなあ。,That's a great concentration.,romfs\story\spt\f06_060_161_00_t016.spt
マインちゃ～ん！,Mine-chan~!,romfs\story\spt\f06_060_161_00_t016.spt
06音波観測後,06 After sound wave observation,romfs\story\spt\f06_070_161_00.spt
抱え花火箱,fireworks box,romfs\story\spt\f06_070_161_00.spt
生徒会役員男B,Student Council Officer Man B,romfs\story\spt\f06_070_161_00.spt
花火箱,fireworks box,romfs\story\spt\f06_070_161_00.spt
前が見えぬものでな。,I can't see what's ahead.,romfs\story\spt\f06_070_161_00_t021.spt
失礼。,Excuse me.,romfs\story\spt\f06_070_161_00_t021.spt
退いてくれるか。,Will you step aside?,romfs\story\spt\f06_070_161_00_t021.spt
さいですか。,"Are you a member of the ""I"" group?",romfs\story\spt\f06_070_161_00_t031.spt
しばらく預かってくれ。,Keep it for a while.,romfs\story\spt\f06_070_161_00_t031.spt
せっかくの花火大会がロボトル大会になっては,"If the fireworks show is turned into a robattle contest, it is not a good idea.",romfs\story\spt\f06_070_161_00_t031.spt
そしてここは無駄に広い。以上が理由だ。,And this place is huge for nothing. These are the reasons.,romfs\story\spt\f06_070_161_00_t031.spt
そりゃごもっともですけど,"You're quite right, but...",romfs\story\spt\f06_070_161_00_t031.spt
だけど、どうしてここに花火を置くのかな？,But why put fireworks here?,romfs\story\spt\f06_070_161_00_t031.spt
ついでに、もうひとつ頼まれてくれ。,"And while you're at it, do me one more favor.",romfs\story\spt\f06_070_161_00_t031.spt
ですか。,Is it?,romfs\story\spt\f06_070_161_00_t031.spt
では頼んだ。,Then I asked.,romfs\story\spt\f06_070_161_00_t031.spt
どうしてぼくらがその役目を？,Why do we have to play that role?,romfs\story\spt\f06_070_161_00_t031.spt
どうせヒマだろう。,It's probably a hiccup anyway.,romfs\story\spt\f06_070_161_00_t031.spt
なにそれ。,What's that?,romfs\story\spt\f06_070_161_00_t031.spt
なんでしょう。,What is it?,romfs\story\spt\f06_070_161_00_t031.spt
ほおほお、それは楽しそうだ。,"Ho ho ho, that sounds like fun.",romfs\story\spt\f06_070_161_00_t031.spt
人目の届かない倉庫に爆発物は置きたくない。,We don't want to put explosives in a warehouse where people can't see them.,romfs\story\spt\f06_070_161_00_t031.spt
台無しだろう。,It would ruin it.,romfs\story\spt\f06_070_161_00_t031.spt
夏休みの最終日,Last day of summer vacation,romfs\story\spt\f06_070_161_00_t031.spt
戻るぞ。,We're going back.,romfs\story\spt\f06_070_161_00_t031.spt
生徒会主催で花火大会をやると決まったのだ。,It was decided that the student council would host a fireworks display.,romfs\story\spt\f06_070_161_00_t031.spt
花火だ。,Fireworks.,romfs\story\spt\f06_070_161_00_t031.spt
野良メダロットを排除してほしい。,I would like to see stray medallions eliminated.,romfs\story\spt\f06_070_161_00_t031.spt
開催予定地であるビーチの,of the beach where the event is to be held.,romfs\story\spt\f06_070_161_00_t031.spt
あやしい…,Questionable...,romfs\story\spt\f06_070_161_00_t041.spt
ここはひとつ恩を売られておこうよ。,Let's just do them a favor here.,romfs\story\spt\f06_070_161_00_t041.spt
そうねえ、確かにねえ。,"Yes, indeed.",romfs\story\spt\f06_070_161_00_t041.spt
それより、ビーチの件だけど。,"More importantly, about the beach.",romfs\story\spt\f06_070_161_00_t041.spt
だったらなんで、毎度こうも一方的なわけ？,Then why is it always so one-sided?,romfs\story\spt\f06_070_161_00_t041.spt
だってさ。,Because.,romfs\story\spt\f06_070_161_00_t041.spt
どう見ても不自然なんですけど。,It's unnatural no matter how you look at it.,romfs\story\spt\f06_070_161_00_t041.spt
どっちみち、マインちゃんの作業が終わるまで,"Either way, until Mine's work is done.",romfs\story\spt\f06_070_161_00_t041.spt
なんでだろうねえ、う～ん…,I wonder why...hmmm...,romfs\story\spt\f06_070_161_00_t041.spt
ひょっとして元カノ？,Ex-girlfriend by any chance?,romfs\story\spt\f06_070_161_00_t041.spt
ぼくらにできることはないわけだしさ。,There is nothing we can do.,romfs\story\spt\f06_070_161_00_t041.spt
前から気になってたんだけど。,I've been wondering about this for a while.,romfs\story\spt\f06_070_161_00_t041.spt
楽しい花火大会のためにもさ。,"For a fun fireworks display, you know.",romfs\story\spt\f06_070_161_00_t041.spt
部長と生徒会長って、どういう関係？,What is the relationship between the department head and the student body president?,romfs\story\spt\f06_070_161_00_t041.spt
夏2,Summer 2,romfs\story\spt\f06_080_600_00.spt
夏3,Summer 3,romfs\story\spt\f06_080_600_00.spt
夏4,Summer 4,romfs\story\spt\f06_080_600_00.spt
そうねえ。,"Yes, that's right.",romfs\story\spt\f06_080_600_00_t011.spt
そんなことしたって、どうせすぐに,"Even if you do that, it's not going to be long now anyway.",romfs\story\spt\f06_080_600_00_t011.spt
で、どうする？,So what do we do?,romfs\story\spt\f06_080_600_00_t011.spt
とりあえず歩きまわってロボトルしてこうか。,Let's just walk around and robattle for now.,romfs\story\spt\f06_080_600_00_t011.spt
なに、夏休みの最終日まで保てばいいんだから,"No, we just need to keep it until the last day of summer vacation.",romfs\story\spt\f06_080_600_00_t011.spt
また湧いてきちゃうんじゃないの？,"I think they're going to spring up again, aren't they?",romfs\story\spt\f06_080_600_00_t011.spt
大丈夫でしょ。,I'm sure you'll be fine.,romfs\story\spt\f06_080_600_00_t011.spt
海だ！！,The ocean!,romfs\story\spt\f06_080_600_00_t011.spt
イベント4,Event 4,romfs\story\spt\f06_100_600_00.spt
リュウセイ0,Ruusei 0,romfs\story\spt\f06_100_600_00.spt
リュウセイ1,Rusei 1,romfs\story\spt\f06_100_600_00.spt
生徒女2年_F0,Student Woman 2 years_F0,romfs\story\spt\f06_100_600_00.spt
生徒女3年_D0,Student Woman 3 years_D0,romfs\story\spt\f06_100_600_00.spt
生徒男2年_E0,"Student male, 2nd year_E0",romfs\story\spt\f06_100_600_00.spt
生徒男3年_A0,"Student male, 3rd year_A0",romfs\story\spt\f06_100_600_00.spt
Ｒ部出撃,R section sortie,romfs\story\spt\f06_100_600_00.spt
Ｒ部長0,Director R 0,romfs\story\spt\f06_100_600_00.spt
う～ん、想像してた以上に数が多いね。,"Hmmm, there are more of them than I imagined.",romfs\story\spt\f06_100_600_00_t011.spt
おい！,Hey!,romfs\story\spt\f06_100_600_00_t011.spt
ちょっとは少なくなりました？,A little less?,romfs\story\spt\f06_100_600_00_t011.spt
ど、どうです？,How about you?,romfs\story\spt\f06_100_600_00_t011.spt
全部となると、なかなか――,"When it comes to all of it, it's hard to--",romfs\story\spt\f06_100_600_00_t011.spt
実感ないな…,I don't feel it...,romfs\story\spt\f06_100_600_00_t011.spt
…ほう？,...huh?,romfs\story\spt\f06_100_600_00_t021.spt
あれれ？,Huh?,romfs\story\spt\f06_100_600_00_t021.spt
おもしれえ！,Interesting!,romfs\story\spt\f06_100_600_00_t021.spt
こんなところで、なにやってんの？,What are you doing here?,romfs\story\spt\f06_100_600_00_t021.spt
それ、こっちのセリフなんだけど。,That's our line.,romfs\story\spt\f06_100_600_00_t021.spt
なんでお前がここにいるんだよ！,Why are you here?,romfs\story\spt\f06_100_600_00_t021.spt
やあ、アインベッカーくん。,"Hello, Mr. Einbecker.",romfs\story\spt\f06_100_600_00_t021.spt
ダブルブッキングか。,Double booking.,romfs\story\spt\f06_100_600_00_t021.spt
生徒会に頼まれた。,The student council asked me to do it.,romfs\story\spt\f06_100_600_00_t021.spt
花火大会に備えて、野良メダロット討伐中だ。,We are in the process of taking down a stray medallion in preparation for a fireworks display.,romfs\story\spt\f06_100_600_00_t021.spt
…リュウセイ。,...ryusei.,romfs\story\spt\f06_100_600_00_t022.spt
は…っ。,Ha....,romfs\story\spt\f06_100_600_00_t022.spt
オレらとお前ら、どっちが多く,"Who has more, us or you?",romfs\story\spt\f06_100_600_00_t022.spt
勝負しようぜ！,Let's play!,romfs\story\spt\f06_100_600_00_t022.spt
野良メダロットを狩れるか勝負だ！,Let's see if we can hunt stray medallions!,romfs\story\spt\f06_100_600_00_t022.spt
いや信じるよ。きみと不正なんて,"No, I believe you. I don't believe in you and cheating.",romfs\story\spt\f06_100_600_00_t023.spt
こないだの借り、きっちり返してやる！,I'm going to pay you back exactly what I owed you the other day!,romfs\story\spt\f06_100_600_00_t023.spt
さすがのわたしもウンザリしていたところだ。,"As you can imagine, I was getting fed up with it.",romfs\story\spt\f06_100_600_00_t023.spt
しかし、ふむ…,But hmmm...,romfs\story\spt\f06_100_600_00_t023.spt
す、すいません部長！,"I'm sorry, Director!",romfs\story\spt\f06_100_600_00_t023.spt
そうね…,Well...,romfs\story\spt\f06_100_600_00_t023.spt
それではルールだが――,"Okay, here's the rules.",romfs\story\spt\f06_100_600_00_t023.spt
それでも疑わしければ,If you still have doubts...,romfs\story\spt\f06_100_600_00_t023.spt
だろう？,Id.,romfs\story\spt\f06_100_600_00_t023.spt
つい勝手に――,"I'm sorry, I just...",romfs\story\spt\f06_100_600_00_t023.spt
まあいい、では始めるとしよう。,"Oh well, let's get started.",romfs\story\spt\f06_100_600_00_t023.spt
やっはっは。,Yah-ha-ha.,romfs\story\spt\f06_100_600_00_t023.spt
わ、わかりました。,"Wow, I understand.",romfs\story\spt\f06_100_600_00_t023.spt
わかっているなら、いい。,"If you know what you're doing, fine.",romfs\story\spt\f06_100_600_00_t023.spt
アイディアとしては悪くない。,Not bad for an idea.,romfs\story\spt\f06_100_600_00_t023.spt
カウントは、うちのホムラがつとめる。,The count is done by our homura.,romfs\story\spt\f06_100_600_00_t023.spt
カウント開始します！,Start counting!,romfs\story\spt\f06_100_600_00_t023.spt
パイナップル歓迎派のわたしとしては納得いかんが,"As a pineapple-welcoming person, I'm not convinced.",romfs\story\spt\f06_100_600_00_t023.spt
リュウセイ。,Ryusei.,romfs\story\spt\f06_100_600_00_t023.spt
一掃するまで。,Until it's cleaned out.,romfs\story\spt\f06_100_600_00_t023.spt
俺は構わん。,I don't mind.,romfs\story\spt\f06_100_600_00_t023.spt
加えて、先日のメダロット大会の借りも返せる――,"In addition, I can pay back the debt of the recent Medalot Tournament--I'll be back.",romfs\story\spt\f06_100_600_00_t023.spt
勝負となれば、モチベーションにもなる。,"When it comes to competition, it can be a motivating factor.",romfs\story\spt\f06_100_600_00_t023.spt
勝負は、期間内にどちらがより多くのメダロットを,The game is to see who can win more medallions within the time period.,romfs\story\spt\f06_100_600_00_t023.spt
対象メダロットの数が多すぎて,Too many target medallions.,romfs\story\spt\f06_100_600_00_t023.spt
探検部で仕切ってもらっても構わんが――,"I wouldn't mind having the exploration department run it, but--",romfs\story\spt\f06_100_600_00_t023.spt
探検部はどうだ？,How about an exploration club?,romfs\story\spt\f06_100_600_00_t023.spt
数にうんざりしていたのは、こっちも同じだし。,"And we were fed up with the numbers, too.",romfs\story\spt\f06_100_600_00_t023.spt
期間は、このエリアから野良メダロットを,"During the period, stray medallions from this area.",romfs\story\spt\f06_100_600_00_t023.spt
狩ったか、で決めよう。,Let's decide based on whether you hunted or not.,romfs\story\spt\f06_100_600_00_t023.spt
生真面目なやつだ、万が一にも不正はない。,"He's a serious guy, no cheating by any chance.",romfs\story\spt\f06_100_600_00_t023.spt
異存はあるか？,Any objections?,romfs\story\spt\f06_100_600_00_t023.spt
酢豚にパイナップルぐらいあり得ない。,There is no more possible than pineapple in sweet-and-sour pork.,romfs\story\spt\f06_100_600_00_t023.spt
け、けっこう順調じゃないですか？,"It's going pretty well, isn't it?",romfs\story\spt\f06_110_600_00_t021.spt
この調子でいこう。,Let's keep it up.,romfs\story\spt\f06_110_600_00_t021.spt
ふい～。,Whew~.,romfs\story\spt\f06_110_600_00_t021.spt
かもしれん。,Maybe.,romfs\story\spt\f06_110_600_00_t031.spt
この調子だと、あっちのほうが…,"At this rate, that way...",romfs\story\spt\f06_110_600_00_t031.spt
な、なかなかヘビーですね。,"It is quite heavy, isn't it?",romfs\story\spt\f06_110_600_00_t031.spt
ふう。しんど…,Phew. It's tough...,romfs\story\spt\f06_110_600_00_t031.spt
少しペースを上げてかないとな。,We need to pick up the pace a bit.,romfs\story\spt\f06_110_600_00_t031.spt
もう少しです！,Almost there!,romfs\story\spt\f06_120_600_00_t011.spt
エリア内の野良メダロット,Stray medallions in the area,romfs\story\spt\f06_120_600_00_t011.spt
報告します！,Report!,romfs\story\spt\f06_120_600_00_t011.spt
残りは海岸線にあとわずか――,Only a few more to go on the coastline--the rest of them.,romfs\story\spt\f06_120_600_00_t011.spt
こんなことなら、なにか賭けとけばよかったなあ。,"If this is the case, I should have bet on something.",romfs\story\spt\f06_120_600_00_t021.spt
しまった。,I'm sorry.,romfs\story\spt\f06_120_600_00_t021.spt
そういうことは勝ってから言うもんだ。,That's the kind of thing you say after you win.,romfs\story\spt\f06_120_600_00_t021.spt
だいぶ少なくなってきたもんねえ。,There are fewer and fewer of them.,romfs\story\spt\f06_120_600_00_t021.spt
だって。,Because.,romfs\story\spt\f06_120_600_00_t021.spt
なかなかいい調子だと思うが、どうだろうな。,"I think it's in pretty good shape, but I don't know.",romfs\story\spt\f06_120_600_00_t021.spt
コレひょっとして、いけちゃうんじゃ…！？,Maybe I can do this...!,romfs\story\spt\f06_120_600_00_t021.spt
確かにね。,Indeed.,romfs\story\spt\f06_120_600_00_t021.spt
いずれにせよ、残りわずかだ。,"In any case, there are only a few left.",romfs\story\spt\f06_120_600_00_t031.spt
かもな。,Maybe.,romfs\story\spt\f06_120_600_00_t031.spt
とはいえ、勝負としてはどうなの？,"However, what about as a match?",romfs\story\spt\f06_120_600_00_t031.spt
なんか、あいつらばっか倒してる気が…,I feel like I'm beating all those guys...,romfs\story\spt\f06_120_600_00_t031.spt
ラストスパートで挽回しよう。,Let's make up for it in the last spurt.,romfs\story\spt\f06_120_600_00_t031.spt
ミオ0,mio0,romfs\story\spt\f06_130_600_00.spt
主人公0,Main character 0,romfs\story\spt\f06_130_600_00.spt
探検部長0,Director of Exploration 0,romfs\story\spt\f06_130_600_00.spt
結果発表,Announcement of results,romfs\story\spt\f06_130_600_00.spt
はい終了です！,"Yes, it is finished!",romfs\story\spt\f06_130_600_00_t011.spt
ん～と…？,Hmmm...?,romfs\story\spt\f06_130_600_00_t011.spt
両部こちらに集合してくださ～い！,Please gather here for both parts!,romfs\story\spt\f06_130_600_00_t011.spt
戦ってたやつらは逃げちゃったみたいだね。,The guys who were fighting seem to have run away.,romfs\story\spt\f06_130_600_00_t011.spt
では結果を発表します。,We will now present the results.,romfs\story\spt\f06_130_600_00_t021.spt
レスキュー部！,Rescue Department!,romfs\story\spt\f06_130_600_00_t021.spt
…うむ。,...Mm.,romfs\story\spt\f06_130_600_00_t022.spt
うわ…,Wow...,romfs\story\spt\f06_130_600_00_t022.spt
探検部！,Exploration Department!,romfs\story\spt\f06_130_600_00_t022.spt
次！,Next!,romfs\story\spt\f06_130_600_00_t022.spt
体！,Body!,romfs\story\spt\f06_130_600_00_t023.spt
１２体！,12 bodies!,romfs\story\spt\f06_130_600_00_t024.spt
１１体！,11 bodies!,romfs\story\spt\f06_130_600_00_t025.spt
――っし！！！,--SHISHI!!!!,romfs\story\spt\f06_130_600_00_t031.spt
あらら。,Oops.,romfs\story\spt\f06_130_600_00_t031.spt
いやいや、こちらこそ～。,"No, no, no, it's my pleasure~.",romfs\story\spt\f06_130_600_00_t031.spt
おかげで退屈がしのげた。,It kept the boredom at bay.,romfs\story\spt\f06_130_600_00_t031.spt
しかし思ったよりも差をつけられなかった。,"However, it did not make as much difference as expected.",romfs\story\spt\f06_130_600_00_t031.spt
そもそもの目算ちがいか、それとも…,"Is it a miscalculation to begin with, or...",romfs\story\spt\f06_130_600_00_t031.spt
ふむ…,Hmm...,romfs\story\spt\f06_130_600_00_t031.spt
まあ、こんなものだろう。,"Well, this is what it looks like.",romfs\story\spt\f06_130_600_00_t031.spt
礼を言うぞ探検部。,"Thank you, Exploratorium.",romfs\story\spt\f06_130_600_00_t031.spt
うっ、うそだろオイ…！？,"Oh, no, no, no, no...!",romfs\story\spt\f06_130_600_00_t041.spt
余興とはいえ、このわたしが…,"Even though it was a sideshow, this I...",romfs\story\spt\f06_130_600_00_t041.spt
信じられん。,Unbelievable.,romfs\story\spt\f06_130_600_00_t041.spt
慢心か？　いや――,Pride?　No--,romfs\story\spt\f06_130_600_00_t041.spt
それから…,And then...,romfs\story\spt\f06_130_600_00_t042.spt
　…です。,　.......,romfs\story\spt\f06_130_600_00_t051.spt
あのぼんやりした転入生とは、とても思えん。,It's hard to believe that he's that vague transfer student.,romfs\story\spt\f06_130_600_00_t051.spt
きみ名前を教えてくれ。,What is your name?,romfs\story\spt\f06_130_600_00_t051.spt
だろうな。ロボトルとはそういうものだ。,Yes. That's what a robattle is.,romfs\story\spt\f06_130_600_00_t051.spt
ぼ、ぼくですか？,Me?,romfs\story\spt\f06_130_600_00_t051.spt
よほど努力をしたと見える。,It appears that they have made a great effort.,romfs\story\spt\f06_130_600_00_t051.spt
不安顔で我が部をのぞいていた,He looked anxiously into our department.,romfs\story\spt\f06_130_600_00_t051.spt
先ほどから見ていたが驚いた。,I was surprised to see it from earlier.,romfs\story\spt\f06_130_600_00_t051.spt
帰るぞ。,Let's go home.,romfs\story\spt\f06_130_600_00_t051.spt
成長したな。,You've grown up.,romfs\story\spt\f06_130_600_00_t051.spt
自覚はないか。,Are you aware of it?,romfs\story\spt\f06_130_600_00_t051.spt
いつ時代の人？,When did you come from?,romfs\story\spt\f06_130_600_00_t061.spt
いやでも助かったよ。彼らのおかげで,"No, but they helped. Thanks to them.",romfs\story\spt\f06_130_600_00_t061.spt
さてと部室に帰ろうか。,"Well, let's go back to the club room.",romfs\story\spt\f06_130_600_00_t061.spt
なにあれキザい。,What is that?,romfs\story\spt\f06_130_600_00_t061.spt
ね～。,Hey~.,romfs\story\spt\f06_130_600_00_t061.spt
ぼくらも楽にミッションコンプできたと思えばね。,"We could have easily completed the mission, if we thought about it.",romfs\story\spt\f06_130_600_00_t061.spt
マインちゃん待ってるからね～。,"I'll be waiting for you, Mine!",romfs\story\spt\f06_130_600_00_t061.spt
左から,From left.,romfs\story\spt\f06_140_168_00.spt
階段下,downstairs,romfs\story\spt\f06_140_168_00.spt
それまで触らぬように。,"Until then, do not touch it.",romfs\story\spt\f06_140_168_00_t011.spt
レスキュー部からすでに報告は受けている。,The Rescue Department has already received a report.,romfs\story\spt\f06_140_168_00_t011.spt
戻ってきたか、ご苦労。,"You're back, thanks for your help.",romfs\story\spt\f06_140_168_00_t011.spt
無事、終わったそうだな。,I hear it went off without a hitch.,romfs\story\spt\f06_140_168_00_t011.spt
預けた花火は、大会当日の午後、取りに行く。,The fireworks deposited will be picked up in the afternoon of the day of the event.,romfs\story\spt\f06_140_168_00_t011.spt
あの人のお礼なんて、天変地異の前触れだよ。,That man's thank you is a harbinger of a natural disaster.,romfs\story\spt\f06_140_168_00_t021.spt
お礼のひとつもないんだ？,Not a single thank you?,romfs\story\spt\f06_140_168_00_t021.spt
はっはっは、いいよいいよ。,"Haha, okay, okay.",romfs\story\spt\f06_140_168_00_t021.spt
マインちゃん、どう？,"Mine, what do you think?",romfs\story\spt\f06_150_161_00_t011.spt
いちばん怪しいポイントですー！,This is the most suspicious point!,romfs\story\spt\f06_150_161_00_t013.spt
ここです！,Here it is!,romfs\story\spt\f06_150_161_00_t013.spt
むむっ！,Mmm!,romfs\story\spt\f06_150_161_00_t013.spt
出ました！,I got out!,romfs\story\spt\f06_150_161_00_t013.spt
この円グラフみたいなのは、なんだい？,What is this pie chart thing?,romfs\story\spt\f06_150_161_00_t021.spt
これは地図…　島の全体図か。,This is a map... an overall view of the island.,romfs\story\spt\f06_150_161_00_t021.spt
みなさんに測ってもらったデータが元になってます。,The data is based on your measurements.,romfs\story\spt\f06_150_161_00_t021.spt
地図上にいっぱい重なってる,There's a lot of overlap on the map.,romfs\story\spt\f06_150_161_00_t021.spt
怪しい波形をしぼり込んで発信源を精査しました。,We narrowed down the suspicious waveforms and scrutinized the source.,romfs\story\spt\f06_150_161_00_t021.spt
音波観測範囲です。,Sonic observation range.,romfs\story\spt\f06_150_161_00_t021.spt
抽出条件を変更します。,Change the extraction conditions.,romfs\story\spt\f06_150_161_00_t022.spt
特定波形分布の色表示データを構成します。,Compose color display data for specific waveform distribution.,romfs\story\spt\f06_150_161_00_t022.spt
…おお。,...Oh.,romfs\story\spt\f06_150_161_00_t023.spt
おいおい…,"Oh, come on...",romfs\story\spt\f06_150_161_00_t023.spt
できますー。,I can do it.,romfs\story\spt\f06_150_161_00_t023.spt
です。,It is.,romfs\story\spt\f06_150_161_00_t023.spt
どこかに中継か伝道設備があるかもしれないです。,There may be a relay or evangelistic facility somewhere.,romfs\story\spt\f06_150_161_00_t023.spt
なるほど。,I see.,romfs\story\spt\f06_150_161_00_t023.spt
マインちゃん、これ画像形式で保存できる？,"Mine, can you save this in image format?",romfs\story\spt\f06_150_161_00_t023.spt
実際には全島通してほとんど変化ないです。,"In fact, there is little change throughout the entire island.",romfs\story\spt\f06_150_161_00_t023.spt
島中で妨害音波として機能しています。,It functions as an interfering sound wave throughout the island.,romfs\story\spt\f06_150_161_00_t023.spt
拡大します。,Enlargement.,romfs\story\spt\f06_150_161_00_t023.spt
教室のある位置ではないな。,That's not where the classrooms are located.,romfs\story\spt\f06_150_161_00_t023.spt
校舎じゃないですか。,Isn't it a school building?,romfs\story\spt\f06_150_161_00_t023.spt
校長室…,Principal's office...,romfs\story\spt\f06_150_161_00_t023.spt
校長室じゃない？,Isn't that the principal's office?,romfs\story\spt\f06_150_161_00_t023.spt
濃い場所ほど強い発信源ってことだね。,"So the darker the place, the stronger the source.",romfs\story\spt\f06_150_161_00_t023.spt
濃度差表現は約１２０倍率です。,The density difference expression is approximately 120x magnification.,romfs\story\spt\f06_150_161_00_t023.spt
発信源が学院の敷地と読み取れるのだが…,The source of the call could be read as the academy grounds...,romfs\story\spt\f06_150_161_00_t023.spt
職員室か、あるいは…,Staff room or...,romfs\story\spt\f06_150_161_00_t023.spt
部員のスマホにリンクしました。,Linked to the department member's phone.,romfs\story\spt\f06_150_161_00_t024.spt
どこへ？,Where?,romfs\story\spt\f06_150_161_00_t025.spt
わたしも行きますー！,I'll be there too!,romfs\story\spt\f06_150_161_00_t025.spt
問題の場所だよ。,It's the place in question.,romfs\story\spt\f06_150_161_00_t025.spt
校長室か…,From the principal's office...,romfs\story\spt\f06_150_161_00_t025.spt
行こうか。,Shall we go?,romfs\story\spt\f06_150_161_00_t025.spt
行ってみたほうが手っ取り早いでしょ。,It would be quicker to go there.,romfs\story\spt\f06_150_161_00_t025.spt
校長室_in,Principal's office_in,romfs\story\spt\f06_160_119_00.spt
校長室_out,Principal's office_out,romfs\story\spt\f06_160_119_00.spt
校長室前,In front of the principal's office,romfs\story\spt\f06_160_119_00.spt
装置位置,device location,romfs\story\spt\f06_160_119_00.spt
解錠地点,Unlocking point,romfs\story\spt\f06_160_119_00.spt
解錠装置,unlocking device,romfs\story\spt\f06_160_119_00.spt
転入生1,Transfer student 1,romfs\story\spt\f06_160_119_00.spt
よね？,Right?,romfs\story\spt\f06_160_119_00_t011.spt
校長室…　ここです！,Principal's office... here!,romfs\story\spt\f06_160_119_00_t011.spt
『怪しいポイント』は、この扉の向こうだ。,The 'suspicious point' is behind this door.,romfs\story\spt\f06_160_119_00_t012.spt
ど、どうするのよ。,What are you going to do?,romfs\story\spt\f06_160_119_00_t012.spt
間違いないね,No doubt.,romfs\story\spt\f06_160_119_00_t012.spt
あっ、マインちゃ――,"Oh, Mine...",romfs\story\spt\f06_160_119_00_t013.spt
お留守みたいですね…,Looks like you're not home...,romfs\story\spt\f06_160_119_00_t013.spt
失礼しま～す！,Excuse me~!,romfs\story\spt\f06_160_119_00_t013.spt
う～っ！,Ugh!,romfs\story\spt\f06_160_119_00_t014.spt
ちょっ…,A little...,romfs\story\spt\f06_160_119_00_t014.spt
や、やめようよマインちゃん無理は――,"Oh, come on, Mine, you can't--",romfs\story\spt\f06_160_119_00_t014.spt
開かないですぅ～！　っの～！,I can't open it!　I can't open it~!,romfs\story\spt\f06_160_119_00_t014.spt
ぃひゃあっ！！,Yeeeeeeeee!,romfs\story\spt\f06_160_119_00_t015.spt
こら――――っ！！！,Hey ----!,romfs\story\spt\f06_160_119_00_t015.spt
あーっはっはっははははははっ！,Ah-ha-ha-ha-ha!,romfs\story\spt\f06_160_119_00_t016.spt
あらら、返事なし？,"Oops, no reply?",romfs\story\spt\f06_160_119_00_t017.spt
あんたはっ,You are.,romfs\story\spt\f06_160_119_00_t017.spt
いいも～ん♪,I'm good...,romfs\story\spt\f06_160_119_00_t017.spt
こんなところで、なにしてんの？,What are you doing here?,romfs\story\spt\f06_160_119_00_t017.spt
だいたい察しはついてるしぃ。,I have a pretty good idea of what to expect.,romfs\story\spt\f06_160_119_00_t017.spt
なに今のソレ悲鳴？,What was that screaming?,romfs\story\spt\f06_160_119_00_t017.spt
は～笑った笑った。,Ha~ I laughed and laughed.,romfs\story\spt\f06_160_119_00_t017.spt
むっ。,Mwah.,romfs\story\spt\f06_160_119_00_t017.spt
驚きすぎよ、あははははっ！,"You are too surprised, hahaha!",romfs\story\spt\f06_160_119_00_t017.spt
あら、また返事なし？,"Oh, no reply again?",romfs\story\spt\f06_160_119_00_t018.spt
この扉、あたしが開けてあげましょうか？,Shall I open this door for you?,romfs\story\spt\f06_160_119_00_t018.spt
それは企業秘密でございます。,That is a trade secret.,romfs\story\spt\f06_160_119_00_t018.spt
だったら勝手に開けちゃうしぃ。,"If that were the case, I would open it without permission.",romfs\story\spt\f06_160_119_00_t018.spt
って言ってんだけど。,I said.,romfs\story\spt\f06_160_119_00_t018.spt
ど…　どうやって…,How did you... how did you...,romfs\story\spt\f06_160_119_00_t018.spt
手伝ってあげようか？,Do you need help?,romfs\story\spt\f06_160_119_00_t018.spt
あんまり想定外なことが次々起こるんで,I've had so many unexpected things happen one after the other.,romfs\story\spt\f06_160_119_00_t019.spt
いっぱいあるけど、とりあえずひとつだけ。,"There are many, but I'll just mention one for now.",romfs\story\spt\f06_160_119_00_t019.spt
きみのメリットはなに？,What's in it for you?,romfs\story\spt\f06_160_119_00_t019.spt
きみは、探偵さんかなにかかな？,Are you a detective or something?,romfs\story\spt\f06_160_119_00_t019.spt
この島の秘密を解く手がかりが,I have a clue that will unlock the secret of this island.,romfs\story\spt\f06_160_119_00_t019.spt
さすがに冷たすぎるんじゃなぁい？,"It's a little too cold, don't you think?",romfs\story\spt\f06_160_119_00_t019.spt
さすがのぼくも反応できなくてね、あっはっは。,"As you can imagine, even I couldn't respond.",romfs\story\spt\f06_160_119_00_t019.spt
さっそくだけど、質問いいかな。,"I'll get right to it, but I have a question.",romfs\story\spt\f06_160_119_00_t019.spt
だけどもう大丈夫。,But it's okay now.,romfs\story\spt\f06_160_119_00_t019.spt
ちょっと、ここまできても反応なし？,"Wait a minute, you've come this far and no response?",romfs\story\spt\f06_160_119_00_t019.spt
ひとつだけって自分で言わなかった？,Didn't you say yourself that there was only one?,romfs\story\spt\f06_160_119_00_t019.spt
ふふ。,Hmmm.,romfs\story\spt\f06_160_119_00_t019.spt
島の秘密を解きたいんだ？,You want to unlock the island's secrets?,romfs\story\spt\f06_160_119_00_t019.spt
得られるかもしれないってところね。,I'm just saying that we might be able to get it.,romfs\story\spt\f06_160_119_00_t019.spt
頭のいい男の人って好きよ。,I like smart guys.,romfs\story\spt\f06_160_119_00_t019.spt
頭の悪い男の人はキライよ。,I don't like men who are stupid.,romfs\story\spt\f06_160_119_00_t019.spt
あとは好きにしてちょうだい。,You can do whatever you want with the rest.,romfs\story\spt\f06_160_119_00_t020.spt
あなたたちは、この扉から中に入ってもいいし,You guys can go in through this door or,romfs\story\spt\f06_160_119_00_t020.spt
お、オレ？,"Oh, me?",romfs\story\spt\f06_160_119_00_t020.spt
きみ、ちょっと。,"Hey, you.",romfs\story\spt\f06_160_119_00_t020.spt
これ、閉まると自動でカギがかかるタイプなの。,This is the type that automatically locks when it closes.,romfs\story\spt\f06_160_119_00_t020.spt
扉を押さえてちょうだい。,Please hold the door.,romfs\story\spt\f06_160_119_00_t020.spt
立ち去ったところで,on leaving,romfs\story\spt\f06_160_119_00_t020.spt
面倒ごとは起こらないと保障してあげる。,I can assure you that there will be no trouble.,romfs\story\spt\f06_160_119_00_t020.spt
黙って立ち去ってもいい。,You can walk away silently.,romfs\story\spt\f06_160_119_00_t020.spt
…ま、言いふらしても困らないけどね、わたしは。,"Well, it doesn't bother me if you tell everyone about it, though.",romfs\story\spt\f06_160_119_00_t021.spt
今日のことはナイショよ。,I won't tell anyone about today.,romfs\story\spt\f06_160_119_00_t021.spt
こ、このわたしに、なにも言わせず消えるとは,How dare you disappear without a word to me?,romfs\story\spt\f06_160_119_00_t022.spt
で、どうするんだ？,So what are you going to do?,romfs\story\spt\f06_160_119_00_t022.spt
ですよねえ。,"I know, right?",romfs\story\spt\f06_160_119_00_t022.spt
びっくりしたなあ…,I'm surprised...,romfs\story\spt\f06_160_119_00_t022.spt
へ？,Heh?,romfs\story\spt\f06_160_119_00_t022.spt
やはりタダ者じゃないわねアイツ…！,He's no ordinary guy after all...!,romfs\story\spt\f06_160_119_00_t022.spt
マインはどこだ？,Where's Mine?,romfs\story\spt\f06_160_119_00_t022.spt
笑いごとじゃないですよ。,It's not funny.,romfs\story\spt\f06_160_119_00_t022.spt
いない！？,Not here!,romfs\story\spt\f06_160_119_00_t023.spt
まさか…っ。,No way....,romfs\story\spt\f06_160_119_00_t023.spt
部長っ！,Director!,romfs\story\spt\f06_160_119_00_t024.spt
入口左,Entrance left,romfs\story\spt\f06_170_110_00.spt
地下_out,Basement_out,romfs\story\spt\f06_170_110_00.spt
隠し通路,hidden passage,romfs\story\spt\f06_170_110_00.spt
う、わっ。,"Whoa, wow.",romfs\story\spt\f06_170_110_00_t011.spt
でかした,good job,romfs\story\spt\f06_170_110_00_t021.spt
外に出るなら、みんなそろってからにしろ。,"If you're going to go outside, do it when everyone is together.",romfs\story\spt\f06_175_110_00_t011.spt
見られるリスクがそれだけへる。,The risk of being seen is reduced by that much.,romfs\story\spt\f06_175_110_00_t011.spt
電源ON,Power ON,romfs\story\spt\f06_180_111_00.spt
音波装置周辺,Around sound wave device,romfs\story\spt\f06_180_111_00.spt
なっ、なにをしたんだマインちゃん！？,"What did you do, Mine!",romfs\story\spt\f06_180_111_00_t011.spt
スマホ見てください。,Look at your phone.,romfs\story\spt\f06_180_111_00_t011.spt
メダリア反応を確認してみてください。,Check the medalia response.,romfs\story\spt\f06_180_111_00_t011.spt
…はっ。,...Ha.,romfs\story\spt\f06_190_111_00_t011.spt
あっ、見える！,"Oh, I see it!",romfs\story\spt\f06_190_111_00_t011.spt
こんなことしたら、すぐばれちゃう！！,"If I do this, I'll be found out in a heartbeat!",romfs\story\spt\f06_190_111_00_t011.spt
こんなにたくさん！？,So many!,romfs\story\spt\f06_190_111_00_t011.spt
まずいよ！,It's not good!,romfs\story\spt\f06_190_111_00_t011.spt
操作,operation,romfs\story\spt\f06_190_111_00_t011.spt
だったら早く――,"Well, then, hurry up.",romfs\story\spt\f06_190_111_00_t012.spt
ほっ。,Ho.,romfs\story\spt\f06_190_111_00_t012.spt
急いで出よう。,Let's hurry up and get out.,romfs\story\spt\f06_190_111_00_t012.spt
戻しました。,Returned.,romfs\story\spt\f06_190_111_00_t012.spt
用事はすんだのね！？,You've done your business!,romfs\story\spt\f06_190_111_00_t012.spt
こちらも異常なしだ。,No abnormalities here either.,romfs\story\spt\f06_200_110_00_t011.spt
出よう。,Let's leave.,romfs\story\spt\f06_200_110_00_t011.spt
終わったか。,Is it done?,romfs\story\spt\f06_200_110_00_t011.spt
――というわけです。,"--So, the ""-"" is a good place to start.",romfs\story\spt\f06_210_112_10_t011.spt
あり得るね。,It's possible.,romfs\story\spt\f06_210_112_10_t011.spt
いかにもありそうだなあって思ってね。,"I thought, ""That sounds like something that could happen.",romfs\story\spt\f06_210_112_10_t011.spt
いやなに、あの人秘密主義だからさ。,"No, no, he's very secretive.",romfs\story\spt\f06_210_112_10_t011.spt
ふむ。,Hmm.,romfs\story\spt\f06_210_112_10_t011.spt
妨害音波の発信源が校長室に、か…,"The source of the disturbing sound wave was in the principal's office, or...",romfs\story\spt\f06_210_112_10_t011.spt
校長室に秘密の実験室なんて,I can't believe there's a secret lab in the principal's office.,romfs\story\spt\f06_210_112_10_t011.spt
しかし、それとこれとは話が別だな。,But that's not the same thing as this.,romfs\story\spt\f06_210_112_10_t012.spt
どうしたものかなあ…,I don't know what to do...,romfs\story\spt\f06_210_112_10_t012.spt
校長室に生徒が無断侵入なんて前代未聞だ。,It is unheard of for a student to enter the principal's office without permission.,romfs\story\spt\f06_210_112_10_t012.spt
黙って見過ごすわけにもいかないが、さて,"I can't just sit back and let it happen, but now...",romfs\story\spt\f06_210_112_10_t012.spt
いちおうは。,In a manner of speaking.,romfs\story\spt\f06_210_112_10_t013.spt
ところで、その探知アプリというのは,"By the way, that detection application is called",romfs\story\spt\f06_210_112_10_t013.spt
どうぞ。,Go ahead.,romfs\story\spt\f06_210_112_10_t013.spt
もう使えるのかね？,Is it already available?,romfs\story\spt\f06_210_112_10_t013.spt
見せてもらっても構わない？,Do you mind if I take a look?,romfs\story\spt\f06_210_112_10_t013.spt
あくまで原因究明のためだったと、そういうこと？,So you're saying you were only trying to determine the cause of the problem?,romfs\story\spt\f06_210_112_10_t015.spt
この探索範囲が広がると…？,If this search area is expanded...?,romfs\story\spt\f06_210_112_10_t015.spt
その、なんだ――,"I mean, what the--",romfs\story\spt\f06_210_112_10_t015.spt
つまり、侵入目的は妨害音波の排除ではなく,"In other words, the purpose of the intrusion is not to eliminate interfering sound waves.",romfs\story\spt\f06_210_112_10_t015.spt
なのに、そのままにしないで,"And yet, don't leave it at that.",romfs\story\spt\f06_210_112_10_t015.spt
へえ…　なるほど…,Oh... I see...,romfs\story\spt\f06_210_112_10_t015.spt
元どおりに戻して出てきたのは、なぜだい？,Why did you put it back the way it was and come out?,romfs\story\spt\f06_210_112_10_t015.spt
凡人にはなかなか理解しがたい思考だけど…,It's a thought that is hard for ordinary people to comprehend...,romfs\story\spt\f06_210_112_10_t015.spt
目的を達したので元に戻しました。,"Having served its purpose, it was returned to its original state.",romfs\story\spt\f06_210_112_10_t015.spt
障害要因が仮説と一致しました。,Failure factors were consistent with the hypothesis.,romfs\story\spt\f06_210_112_10_t015.spt
隠し部屋にある装置とやらを止めたら,If you stop the device or whatever it's called in the hidden room.,romfs\story\spt\f06_210_112_10_t015.spt
きみマインさんだね。,You must be Mr. Kimi Mine.,romfs\story\spt\f06_210_112_10_t016.spt
そうか…,Well...,romfs\story\spt\f06_210_112_10_t016.spt
その隠し部屋にある装置とやらだけど,"You know, that device in the hidden room.",romfs\story\spt\f06_210_112_10_t016.spt
大丈夫です。,It's okay.,romfs\story\spt\f06_210_112_10_t016.spt
天才少女の言葉なら、信じるべきなのかなあ。,I wonder if I should believe the words of a girl genius.,romfs\story\spt\f06_210_112_10_t016.spt
最後にひとつだけ念を押そう。,Let me remind you of one last thing.,romfs\story\spt\f06_210_112_10_t016.spt
本当にちゃんと元通りに戻しておいたんだろうね。,I hope you really did put it back together properly.,romfs\story\spt\f06_210_112_10_t016.spt
痕跡はまず残りません。,It is unlikely to leave a trace.,romfs\story\spt\f06_210_112_10_t016.spt
さすがのぼくも、もう見ぬふりはできないよ。,"As you can imagine, even I can't pretend to ignore it anymore.",romfs\story\spt\f06_210_112_10_t017.spt
ただし。,However.,romfs\story\spt\f06_210_112_10_t017.spt
にどと同じことはしないと約束してくれ。,Promise me you won't do the same thing with Nido.,romfs\story\spt\f06_210_112_10_t017.spt
また忍び込んで見つかった、なんてことになったら,If I sneak in again and get caught...,romfs\story\spt\f06_210_112_10_t017.spt
もちろん約束しますよ。,Of course I promise.,romfs\story\spt\f06_210_112_10_t017.spt
本当ですかっ？,Really?,romfs\story\spt\f06_210_112_10_t017.spt
校長先生には、ひとまず黙っておくことにする。,I will keep quiet to the principal for the moment.,romfs\story\spt\f06_210_112_10_t017.spt
きみたち。,You guys.,romfs\story\spt\f06_210_119_00_t011.spt
だれにも見つからずにすんで――,No one ever found us.,romfs\story\spt\f06_210_119_00_t011.spt
でも良かったですね。,But good for you.,romfs\story\spt\f06_210_119_00_t011.spt
ふぃ～、やれやれ…,"Whew, oh dear...",romfs\story\spt\f06_210_119_00_t011.spt
キンチョーしたわ、さすがに。,"I was kinked, as you can imagine.",romfs\story\spt\f06_210_119_00_t011.spt
あはは、見られてしまいましたか。,"Haha, you've been seen, haven't you?",romfs\story\spt\f06_210_119_00_t012.spt
ではもう言い逃れはできないですねえ。,"Then there's no more excuses, is there?",romfs\story\spt\f06_210_119_00_t012.spt
なにをしているんだね？,What are you doing?,romfs\story\spt\f06_210_119_00_t012.spt
なんでも話しますよ。,I'll tell you anything.,romfs\story\spt\f06_210_119_00_t012.spt
わかりました,I understand.,romfs\story\spt\f06_210_119_00_t012.spt
今、校長室から出てきただろ。,You just came out of the principal's office.,romfs\story\spt\f06_210_119_00_t012.spt
教頭先生。,Head teacher.,romfs\story\spt\f06_210_119_00_t012.spt
教頭室に来たまえ。,Come to the vice principal's office.,romfs\story\spt\f06_210_119_00_t012.spt
校長先生は今、部屋におられないはずだ。,The principal should not be in the room right now.,romfs\story\spt\f06_210_119_00_t012.spt
部室に向かって移動中ですが。,I'm moving towards the club room.,romfs\story\spt\f06_210_119_00_t012.spt
なんとか無事戻って来られたな…,You managed to make it back in one piece...,romfs\story\spt\f06_210_161_20_t011.spt
ふう…！,Phew..!,romfs\story\spt\f06_210_161_20_t011.spt
寿命が縮みましたよ～。,It has shortened my life span!,romfs\story\spt\f06_210_161_20_t011.spt
終わりました。,Finished.,romfs\story\spt\f06_210_161_20_t012.spt
さすがにそれは――,"You're right, that's--",romfs\story\spt\f06_210_161_20_t013.spt
さすが天才少女…,That's my girl genius...,romfs\story\spt\f06_210_161_20_t013.spt
さっきの波形パターンを認識して計測データから,Recognize the waveform pattern you just saw from the measured data.,romfs\story\spt\f06_210_161_20_t013.spt
コピーしてません。,Not copied.,romfs\story\spt\f06_210_161_20_t013.spt
データをコピーしてきちゃったの？,Have you copied the data?,romfs\story\spt\f06_210_161_20_t013.spt
メダリア探知を起動させてください。,Activate the medallion detection.,romfs\story\spt\f06_210_161_20_t013.spt
覚えたぁ？？,Remember?,romfs\story\spt\f06_210_161_20_t013.spt
覚えました。,I learned.,romfs\story\spt\f06_210_161_20_t013.spt
除外して計算するようプログラムを修正しました。,The program has been modified to exclude them from the calculation.,romfs\story\spt\f06_210_161_20_t013.spt
スマホ1,Smartphone 1,romfs\story\spt\f06_220_161_00.spt
な～んにも見えないんだけど？,I don't see anything?,romfs\story\spt\f06_220_161_00_t011.spt
んん？,Hmm?,romfs\story\spt\f06_220_161_00_t011.spt
見えるのは未知のメダリア反応だけです。,All that can be seen is an unknown medallion reaction.,romfs\story\spt\f06_220_161_00_t011.spt
覚えてる反応は自動で削除します。,The responses you remember are automatically deleted.,romfs\story\spt\f06_220_161_00_t011.spt
…いいのか？,...are you sure?,romfs\story\spt\f06_220_161_00_t012.spt
ここで終わるのは、もったいないよ。,It would be a shame to end up here.,romfs\story\spt\f06_220_161_00_t012.spt
ここと、ここと…　うん、ここ。,"Here and here and... yeah, here.",romfs\story\spt\f06_220_161_00_t012.spt
し、しかし先生は,"Shih, but the teacher",romfs\story\spt\f06_220_161_00_t012.spt
じゃあフィールドに出てみないとわからないね。,Then I guess I'll have to get out in the field.,romfs\story\spt\f06_220_161_00_t012.spt
そのつもりだよ。,That's the plan.,romfs\story\spt\f06_220_161_00_t012.spt
だろうね。だからいいんじゃないの。,Yes. So it's okay.,romfs\story\spt\f06_220_161_00_t012.spt
なるほどなるほど,I see... I see...,romfs\story\spt\f06_220_161_00_t012.spt
にどと校長室に忍び込んだりはしないよ。,I'm not going to sneak into the principal's office with Nido.,romfs\story\spt\f06_220_161_00_t012.spt
ウソはついてないでしょ。,You're not lying.,romfs\story\spt\f06_220_161_00_t012.spt
バレても教頭先生の責任にはならないでしょ。,"If they find out, it won't be the vice principal's fault.",romfs\story\spt\f06_220_161_00_t012.spt
使うのか！？,You're going to use it!,romfs\story\spt\f06_220_161_00_t012.spt
俺らがまだ使うとは思ってないはずだぞ。,You don't think we're still going to use it.,romfs\story\spt\f06_220_161_00_t012.spt
先のことは、完成してから考えよう。,Let's think about the future after it is completed.,romfs\story\spt\f06_220_161_00_t012.spt
教頭先生にウソをついて、だますことになるが…,You'll have to lie to the vice principal and deceive...,romfs\story\spt\f06_220_161_00_t012.spt
まずはここに行ってみようよ。,Let's go here first.,romfs\story\spt\f06_220_161_00_t013.spt
クエストがてらメダリアを探してみよう。,Let's look for the medallions after the quest.,romfs\story\spt\f06_220_161_00_t013.spt
強めの反応が出ているエリアをピックアップしたよ。,I've picked up areas that are responding strongly.,romfs\story\spt\f06_220_161_00_t013.spt
遠くてはっきりとはわからないけども。,"It's too far away to see clearly, though.",romfs\story\spt\f06_220_161_00_t013.spt
メダリアだ！,Medaglia!,romfs\story\spt\f06_230_212_00_t011.spt
メダロットが持っていたのか…,Medalot had it...,romfs\story\spt\f06_230_212_00_t011.spt
メダリアだ…！,It's a medallia..!,romfs\story\spt\f06_240_335_00_t011.spt
見つけた！,Found!,romfs\story\spt\f06_240_335_00_t011.spt
…ねね、見つけたメダリアって,"...you know, the medallias I found...",romfs\story\spt\f06_250_000_10_t011.spt
この調子だと、１００個くらい,"At this rate, we'll have about 100.",romfs\story\spt\f06_250_000_10_t011.spt
これで３コ目…？,This is the third one...?,romfs\story\spt\f06_250_000_10_t011.spt
はいー！,Yes!,romfs\story\spt\f06_250_000_10_t011.spt
やったね、ついに完成したねえマインちゃん。,"Yay, you finally finished it, Mine.",romfs\story\spt\f06_250_000_10_t011.spt
カンタンに集まっちゃいそうですねー。,It looks like it will be easy to get together!,romfs\story\spt\f06_250_000_10_t011.spt
売ったらどのくらいになるのかしら？,I wonder how much they would get for it if they sold it?,romfs\story\spt\f06_250_000_10_t011.spt
感無量だよぼくは。,I'm very moved.,romfs\story\spt\f06_250_000_10_t011.spt
百発百中だな。,That's a hundred shots.,romfs\story\spt\f06_250_000_10_t011.spt
「もしも」のハナシよ「たとえば」の！,"It's a ""what if"" conversation, like, ""for example.""",romfs\story\spt\f06_250_000_10_t012.spt
すごいや、宝石みたいですねー。,"Wow, it looks like a gem!",romfs\story\spt\f06_250_000_10_t012.spt
そうね、末端にして,"Right, make it terminal.",romfs\story\spt\f06_250_000_10_t012.spt
そんなにっ？？,That much?,romfs\story\spt\f06_250_000_10_t012.spt
ひとつ１００００円ってとこかしら。,I think it's about 10000 yen for one.,romfs\story\spt\f06_250_000_10_t012.spt
わかってるわよもちろん。,"I know, of course.",romfs\story\spt\f06_250_000_10_t012.spt
メダリアの値段かー。,"The price of medallias, huh?",romfs\story\spt\f06_250_000_10_t012.spt
部活で手に入れたものの売買は禁止だよ。,You're not allowed to buy or sell anything you get from the club.,romfs\story\spt\f06_250_000_10_t012.spt
あらホント？,"Oh, really?",romfs\story\spt\f06_250_000_10_t021.spt
あんなに協力してあげたのに～。,I helped him so much~.,romfs\story\spt\f06_250_000_10_t021.spt
うちの部に入ってくれたら、すぐにでもね。,As soon as you join our club.,romfs\story\spt\f06_250_000_10_t021.spt
しかたないでしょ。,There's nothing we can do about it.,romfs\story\spt\f06_250_000_10_t021.spt
そっ、そんなことは別に――,"Oh, no, it's not that. It's not that--",romfs\story\spt\f06_250_000_10_t021.spt
だったら、このビミョーな空気はなぁに？,"If so, what's with this vague atmosphere?",romfs\story\spt\f06_250_000_10_t021.spt
なあに？,What is it?,romfs\story\spt\f06_250_000_10_t021.spt
ふうん。,Hmmm.,romfs\story\spt\f06_250_000_10_t021.spt
へえ便利！,"Heh, convenient!",romfs\story\spt\f06_250_000_10_t021.spt
またそれ…,Also it...,romfs\story\spt\f06_250_000_10_t021.spt
もちろん。,Of course.,romfs\story\spt\f06_250_000_10_t021.spt
やっぱり探検部の独占なんだ。,It's still exclusive to the Exploration Department.,romfs\story\spt\f06_250_000_10_t021.spt
ホント、冷たい人たちよね。,"They really are cold people, aren't they?",romfs\story\spt\f06_250_000_10_t021.spt
メダリア探知機？,A medallion detector?,romfs\story\spt\f06_250_000_10_t021.spt
ヨソモノに知られちゃマズい話だった？,Was it a bad idea to let the foreigners know about it?,romfs\story\spt\f06_250_000_10_t021.spt
使いたいなら使わせてあげるよ。,"If you want to use it, I'll let you use it.",romfs\story\spt\f06_250_000_10_t021.spt
公開しなさいよ。,Go public.,romfs\story\spt\f06_250_000_10_t021.spt
独占しようなんて考えてたんじゃないのぉ？,"You were thinking of monopolizing it, weren't you?",romfs\story\spt\f06_250_000_10_t021.spt
部で学院のサービス使わせてもらってるんだから。,The department allows us to use the academy's services.,romfs\story\spt\f06_250_000_10_t021.spt
さっきから黙って聞いてりゃなにずうずうしいこと,I'll just shut up and listen to you for the past hour.,romfs\story\spt\f06_250_000_10_t022.spt
せっかくだから、とことん言わせてもらうわ,"Well, since we're here, I'm going to go ahead and say it.",romfs\story\spt\f06_250_000_10_t022.spt
だいたい、いつもアンタねー！,"Generally, it's always ""Anta-ne!",romfs\story\spt\f06_250_000_10_t022.spt
どうしたマインちゃん！,"What's up, Mine!",romfs\story\spt\f06_250_000_10_t022.spt
なによっ！,What is it?,romfs\story\spt\f06_250_000_10_t022.spt
まあまあ、ミオくん。,"Well, well, well, Mio.",romfs\story\spt\f06_250_000_10_t022.spt
わあぁっ！,Wow!,romfs\story\spt\f06_250_000_10_t022.spt
前々からずーっとイラついてたんだから！,I've been annoyed with them for a long time now!,romfs\story\spt\f06_250_000_10_t022.spt
止めるな。,Don't stop.,romfs\story\spt\f06_250_000_10_t022.spt
言い出してんのよこのオンナ。,"I'm just saying, this onna.",romfs\story\spt\f06_250_000_10_t022.spt
みなさんはどうですか？,How about you all?,romfs\story\spt\f06_250_000_10_t023.spt
システムが落ちました！,The system failed!,romfs\story\spt\f06_250_000_10_t023.spt
これは端末の問題じゃないね。,This isn't a terminal problem.,romfs\story\spt\f06_250_000_10_t024.spt
ぼくもだ。,Me too.,romfs\story\spt\f06_250_000_10_t024.spt
オレのもダメ。,Mine is no good.,romfs\story\spt\f06_250_000_10_t024.spt
探知システム以外は異常ないな。,I don't see anything unusual except for the detection system.,romfs\story\spt\f06_250_000_10_t024.spt
接続の問題ではなさそうだ。,It does not appear to be a connection problem.,romfs\story\spt\f06_250_000_10_t024.spt
部室に戻って確かめよう。,Let's go back to the clubroom and find out.,romfs\story\spt\f06_250_000_10_t024.spt
ＰＣかな…,PC or...,romfs\story\spt\f06_250_000_10_t024.spt
あった！,There were!,romfs\story\spt\f06_250_342_00_t011.spt
これ、メダリアですよね？,"This is a medallion, right?",romfs\story\spt\f06_250_342_00_t011.spt
教頭先生,vice principal,romfs\story\spt\f06_260_161_00.spt
校長先生,school principal,romfs\story\spt\f06_260_161_00.spt
相談したい人は…,If you would like to discuss...,romfs\story\spt\f06_260_161_00.spt
あっ！,Ah!,romfs\story\spt\f06_260_161_00_t011.spt
だれだっ？,Who is it?,romfs\story\spt\f06_260_161_00_t012.spt
なにをした…,What are you...,romfs\story\spt\f06_260_161_00_t012.spt
…ふん。,...hmmm.,romfs\story\spt\f06_260_161_00_t013.spt
あくまで自力と言い張るか。,Do you insist on being self-reliant?,romfs\story\spt\f06_260_161_00_t013.spt
うそをつくな。,Don't lie.,romfs\story\spt\f06_260_161_00_t013.spt
おそらくは鉱山が生きていた時代のものでしょう。,Probably from the period when the mine was still alive.,romfs\story\spt\f06_260_161_00_t013.spt
ごまかすな。,Don't cheat.,romfs\story\spt\f06_260_161_00_t013.spt
どうやって反応を取得したっ！,How did we get a response?,romfs\story\spt\f06_260_161_00_t013.spt
まあいい。,Oh well.,romfs\story\spt\f06_260_161_00_t013.spt
ウソじゃないです！,I'm not lying!,romfs\story\spt\f06_260_161_00_t013.spt
メダリア探知システムの設計図を見つけました。,I found the blueprints for the medallion detection system.,romfs\story\spt\f06_260_161_00_t013.spt
俺が聞いているのは、メダリア反応の取得方法だ。,What I'm asking is how to get a medallion response.,romfs\story\spt\f06_260_161_00_t013.spt
学院が倉庫として使っている古い建物の地下で,In the basement of an old building used by the academy as a warehouse.,romfs\story\spt\f06_260_161_00_t013.spt
干渉に左右されずに反応の取得が可能です。,Acquisition of reactions is possible without being affected by interference.,romfs\story\spt\f06_260_161_00_t013.spt
干渉波形を消す計算処理を追加しました。,Added calculation process to eliminate interference waveforms.,romfs\story\spt\f06_260_161_00_t013.spt
干渉波形を解析しました。,Interference waveforms were analyzed.,romfs\story\spt\f06_260_161_00_t013.spt
探知は正常に働きます。,Detection works normally.,romfs\story\spt\f06_260_161_00_t013.spt
正しくは,Correct.,romfs\story\spt\f06_260_161_00_t013.spt
確認が必要なら、どうぞご自由に――,"If you need confirmation, feel free to--",romfs\story\spt\f06_260_161_00_t013.spt
答えろ！,Answer!,romfs\story\spt\f06_260_161_00_t013.spt
自前の探知システムを利用しています。,We use our own detection system.,romfs\story\spt\f06_260_161_00_t013.spt
設計データの入ったメモリークリスタルですが。,It is a memory crystal with design data.,romfs\story\spt\f06_260_161_00_t013.spt
設計図などどうでもいい。,I don't care about blueprints.,romfs\story\spt\f06_260_161_00_t013.spt
ＰＣ横のラックに入ってますよ。,It's in the rack next to the PC.,romfs\story\spt\f06_260_161_00_t013.spt
それ、ハードディスク…,"That, hard disk...",romfs\story\spt\f06_260_161_00_t014.spt
わかったな！,You get it!,romfs\story\spt\f06_260_161_00_t014.spt
探知システムとやらの使用はコンリンザイ許さん。,Conlinzai does not allow the use of detection systems or anything like that.,romfs\story\spt\f06_260_161_00_t014.spt
違反者は即刻退学とする。,Violators will be expelled immediately.,romfs\story\spt\f06_260_161_00_t014.spt
ああ…,Oh...,romfs\story\spt\f06_260_161_00_t021.spt
あの口ぶりだと、忍び込んだところを,"The way he was talking, I'd say he'd just snuck in.",romfs\story\spt\f06_260_161_00_t021.spt
どうしてバレたんだろうな。,I wonder how they found out.,romfs\story\spt\f06_260_161_00_t021.spt
なんにせよ、言い訳の余地はなさそうだ。,"Whatever the case, there seems to be no excuse.",romfs\story\spt\f06_260_161_00_t021.spt
ぼくらの行動から気づいたのか、あるいは――,"You may have noticed it from our behavior, or--",romfs\story\spt\f06_260_161_00_t021.spt
メダリア探しも、もう終わりか…,I guess my search for medallias is over...,romfs\story\spt\f06_260_161_00_t021.spt
主人子,hostess,romfs\story\spt\f06_260_161_00_t021.spt
結局こうなるのね…,So this is what happens in the end...,romfs\story\spt\f06_260_161_00_t021.spt
見られたわけではなさそうだね。,It doesn't sound like you were seen.,romfs\story\spt\f06_260_161_00_t021.spt
あれ、探知アプリ以外にも,"Oh, that, besides the detection app.",romfs\story\spt\f06_260_161_00_t022.spt
い、１日とか…,"No, one day or...",romfs\story\spt\f06_260_161_00_t022.spt
いろいろ大事なデータが入ってたんだよねー。,There was a lot of important data in there!,romfs\story\spt\f06_260_161_00_t022.spt
じゃあ返してもらえないと,Then you have to give it back.,romfs\story\spt\f06_260_161_00_t022.spt
そういうものか。,So that's how it is.,romfs\story\spt\f06_260_161_00_t022.spt
そう困る。,So troubling.,romfs\story\spt\f06_260_161_00_t022.spt
そこはあっさりなんだ？,Is it easy there?,romfs\story\spt\f06_260_161_00_t022.spt
だってもう完成しましたから。,Because it's already finished.,romfs\story\spt\f06_260_161_00_t022.spt
だれに？,To whom?,romfs\story\spt\f06_260_161_00_t022.spt
でも困ったな。,But I'm in trouble.,romfs\story\spt\f06_260_161_00_t022.spt
どうしてですかぁ？,Why?,romfs\story\spt\f06_260_161_00_t022.spt
どうしようか。,What shall we do?,romfs\story\spt\f06_260_161_00_t022.spt
なにが。,What.,romfs\story\spt\f06_260_161_00_t022.spt
ねー。,Hey.,romfs\story\spt\f06_260_161_00_t022.spt
む～っ。,Mmm~.,romfs\story\spt\f06_260_161_00_t022.spt
やめておこうよマインちゃん。,"Let's not do this, Mine.",romfs\story\spt\f06_260_161_00_t022.spt
やめますー。,I'll stop.,romfs\story\spt\f06_260_161_00_t022.spt
サーバはわたしのＰＣで代用できます。,The server can be substituted with my PC.,romfs\story\spt\f06_260_161_00_t022.spt
スマホからセッティングできないってこと？,You mean I can't set it up from my phone?,romfs\story\spt\f06_260_161_00_t022.spt
ハードディスクね。,Hard disk.,romfs\story\spt\f06_260_161_00_t022.spt
バレたら今度こそ本当に退学になっちゃうよ。,"If they find out, you'll really be expelled this time.",romfs\story\spt\f06_260_161_00_t022.spt
パーツボックスの転送管理システムとか。,Like a parts box transfer management system.,romfs\story\spt\f06_260_161_00_t022.spt
フィールドワーク大好きだもんねリョウマくん。,"You love fieldwork, don't you, Ryoma?",romfs\story\spt\f06_260_161_00_t022.spt
ロマンは完成まで、そっからはオマケだよねー。,"Romance is only until completion, and then it's a bonus!",romfs\story\spt\f06_260_161_00_t022.spt
俺はメダリア探索ができなくなって残念だが…,Too bad I'll never get to explore Medaglia...,romfs\story\spt\f06_260_161_00_t022.spt
同感だよマインちゃん。,"I agree with you, Mine.",romfs\story\spt\f06_260_161_00_t022.spt
困ります！,I am in trouble!,romfs\story\spt\f06_260_161_00_t022.spt
校長先生が引っこ抜いて持ってっちゃった,The principal pulled it out and took it.,romfs\story\spt\f06_260_161_00_t022.spt
楽しかったですから！,Because it was fun!,romfs\story\spt\f06_260_161_00_t022.spt
相談しましょう！,Let's discuss!,romfs\story\spt\f06_260_161_00_t022.spt
設計の仕組みはカンペキに覚えました。,I learned the mechanics of the design process in campy.,romfs\story\spt\f06_260_161_00_t022.spt
１日あればリカバリ可能ですー。,Recovery is possible in one day.,romfs\story\spt\f06_260_161_00_t022.spt
うっ,"ick (used when recalling forgotten information, suddenly changing the subject, etc.)",romfs\story\spt\f06_260_161_00_t031.spt
うんないね。,"No, I don't.",romfs\story\spt\f06_260_161_00_t031.spt
こっちから与えてどうすんのよバカ。,"What are you going to do if we give it to you, you idiot?",romfs\story\spt\f06_260_161_00_t031.spt
じゃ、じゃあ…,"Well, then...",romfs\story\spt\f06_260_161_00_t031.spt
それはない。,It doesn't.,romfs\story\spt\f06_260_161_00_t031.spt
ないない。,"No, no, no, no.",romfs\story\spt\f06_260_161_00_t031.spt
ゼッコーの廃部ネタを,I've been working on a story about the abolition of the Zecco club.,romfs\story\spt\f06_260_161_00_t031.spt
あのケンマクで怒鳴られたばかりよ？,"I just got yelled at in that Kenmak, remember?",romfs\story\spt\f06_260_161_00_t041.spt
う…,U...,romfs\story\spt\f06_260_161_00_t041.spt
じゃあ…,"Well, then...",romfs\story\spt\f06_260_161_00_t041.spt
そ、そうかな。,"Well, I don't know.",romfs\story\spt\f06_260_161_00_t041.spt
もうちょっとこうクッションというか…　ねえ。,It's a little more like a cushion... hey.,romfs\story\spt\f06_260_161_00_t041.spt
確かにそれは正論だが…,"That's certainly a fair point, but...",romfs\story\spt\f06_260_161_00_t041.spt
うん、それで終わりにしよう。,"Yeah, let's end with that.",romfs\story\spt\f06_260_161_00_t051.spt
ま、妥当ね。,"Well, that's fair.",romfs\story\spt\f06_260_161_00_t051.spt
教頭先生か…,The vice principal...,romfs\story\spt\f06_260_161_00_t051.spt
教頭先生に相談して、今までのことも正直に話して…,I talked to the vice principal and told him honestly what I've been...,romfs\story\spt\f06_260_161_00_t051.spt
…うん？,...Yeah?,romfs\story\spt\f06_270_112_00_t011.spt
ああ、きみたちか。,"Oh, it's you guys.",romfs\story\spt\f06_270_112_00_t011.spt
こんどはなんだね？,What is it this time?,romfs\story\spt\f06_270_112_00_t011.spt
実は…,Actually...,romfs\story\spt\f06_270_112_00_t011.spt
あ、言っておくけど,"Oh, let me tell you something.",romfs\story\spt\f06_270_112_00_t021.spt
うん,yeah,romfs\story\spt\f06_270_112_00_t021.spt
きみたちは残り少ない夏休みを楽しんでくれたまえ。,I hope you all enjoy the rest of your summer vacation.,romfs\story\spt\f06_270_112_00_t021.spt
しかし、ずいぶん早かったねバレるのが。,But they found out too soon.,romfs\story\spt\f06_270_112_00_t021.spt
すみません、なんどもご迷惑を。,"Sorry, I'm sorry to bother you again and again.",romfs\story\spt\f06_270_112_00_t021.spt
では少し時間をもらおうか。,Then let's have a little time.,romfs\story\spt\f06_270_112_00_t021.spt
ぼくはなにも話してないからね。,I didn't tell them anything.,romfs\story\spt\f06_270_112_00_t021.spt
わかった、その大切なデータくらいは,"Okay, at least that important data.",romfs\story\spt\f06_270_112_00_t021.spt
わかっています。,I understand.,romfs\story\spt\f06_270_112_00_t021.spt
校長先生が、そんなことを…,The principal said that the...,romfs\story\spt\f06_270_112_00_t021.spt
校長先生のことは、ぼくに任せて,I'll take care of the principal.,romfs\story\spt\f06_270_112_00_t021.spt
構わんさ。,I don't care.,romfs\story\spt\f06_270_112_00_t021.spt
返してもらえるよう、ぼくから頼んでみるよ。,I'll ask him to return it.,romfs\story\spt\f06_270_112_00_t021.spt
…はは。,...haha.,romfs\story\spt\f06_270_600_10_t011.spt
あ…　けっこう本格的。,Ah...very authentic.,romfs\story\spt\f06_270_600_10_t011.spt
あっという間だったな。,That didn't take long.,romfs\story\spt\f06_270_600_10_t011.spt
いやあ、でもいい夏休みだったよ。,"Well, but it was a nice summer vacation.",romfs\story\spt\f06_270_600_10_t011.spt
お、始まったな。,"Oh, it's starting.",romfs\story\spt\f06_270_600_10_t011.spt
おホシさまより教頭先生に、じゃないの？,Isn't it more to the vice principal than to Ohoshi-sama?,romfs\story\spt\f06_270_600_10_t011.spt
か～ぎや～！,Kaga~ya~!,romfs\story\spt\f06_270_600_10_t011.spt
がんばりすぎだよ。,You're trying too hard.,romfs\story\spt\f06_270_600_10_t011.spt
きみが来たあたりからだね。,It started around the time you arrived.,romfs\story\spt\f06_270_600_10_t011.spt
ここ最近のあんた、別人みたいに動いていたからな。,You've been moving like a different person these days.,romfs\story\spt\f06_270_600_10_t011.spt
こればかりは、おホシさまに祈るしかないね。,I have to pray to Hoshi for this one.,romfs\story\spt\f06_270_600_10_t011.spt
さあね。,I don't know.,romfs\story\spt\f06_270_600_10_t011.spt
それを聞くと、少しほっとする。,It is a bit of a relief to hear that.,romfs\story\spt\f06_270_600_10_t011.spt
た～まや～！,Ta~maya~!,romfs\story\spt\f06_270_600_10_t011.spt
だな。,Right.,romfs\story\spt\f06_270_600_10_t011.spt
な、なんです急に？,"What, suddenly?",romfs\story\spt\f06_270_600_10_t011.spt
なにがオレのせいですって！？,What's my fault?,romfs\story\spt\f06_270_600_10_t011.spt
なんのジュモン？,What Jumon?,romfs\story\spt\f06_270_600_10_t011.spt
ねえ、ちゃんとした打ち上げ花火じゃないの。,"Hey, it's not a proper fireworks display.",romfs\story\spt\f06_270_600_10_t011.spt
は？　それなに？,Huh?　What's that?,romfs\story\spt\f06_270_600_10_t011.spt
やるもんだねー。,"You do it, don't you?",romfs\story\spt\f06_270_600_10_t011.spt
スリルあり達成感ありで大満足。,Very satisfying with thrills and a sense of accomplishment.,romfs\story\spt\f06_270_600_10_t011.spt
内心ぼくもすごい違和感でさ。,I was also very uncomfortable with it.,romfs\story\spt\f06_270_600_10_t011.spt
夏休みも終わりかあ…,Summer vacation is over...,romfs\story\spt\f06_270_600_10_t011.spt
廃部危機とか、探知機をめぐる大冒険とかさー。,"The crisis of the abolition of the club, the great adventure over the detector, and so on.",romfs\story\spt\f06_270_600_10_t011.spt
思えば,thinking back,romfs\story\spt\f06_270_600_10_t011.spt
昔の有名な花火師の屋号だそうです。,It is said to be the trade name of a famous old-time fireworks master.,romfs\story\spt\f06_270_600_10_t011.spt
校長先生、許してくれるかなあ。,I wonder if the principal will forgive me.,romfs\story\spt\f06_270_600_10_t011.spt
花火にそう叫べっておじいちゃんに教わりました。,My grandfather taught me to shout that to the fireworks.,romfs\story\spt\f06_270_600_10_t011.spt
２学期からは、なんにもしないからねーぼく。,I won't be doing anything from the second semester.,romfs\story\spt\f06_270_600_10_t011.spt
あっ、どうも見たことあると思ったら,"Oh, thanks, I thought I'd seen it before.",romfs\story\spt\f06_270_600_10_t012.spt
あっ、開き直りやがったな,"Oh, he's reopened the door.",romfs\story\spt\f06_270_600_10_t012.spt
このドロボウ！,You slob!,romfs\story\spt\f06_270_600_10_t012.spt
しないよそんなこと。,I wouldn't do that.,romfs\story\spt\f06_270_600_10_t012.spt
しらばっくれてんじゃねーよ。,Don't be soppy.,romfs\story\spt\f06_270_600_10_t012.spt
そんなに大事なスイカなら、なんで放っとくんだよ。,"If the watermelon is so important, why leave it alone?",romfs\story\spt\f06_270_600_10_t012.spt
だいたい――,alternative--,romfs\story\spt\f06_270_600_10_t012.spt
てめえのメダロットか,Your medallion.,romfs\story\spt\f06_270_600_10_t012.spt
どうしたんだ、そのスイカ。,What's wrong with that watermelon?,romfs\story\spt\f06_270_600_10_t012.spt
なにをー！,What are you doing?,romfs\story\spt\f06_270_600_10_t012.spt
まちがって持ってきちゃったみたいなんだ。,I think I brought the wrong one.,romfs\story\spt\f06_270_600_10_t012.spt
カギかけて金庫にでも大事にしまっとけよ！,Lock it up and keep it in a safe or something!,romfs\story\spt\f06_270_600_10_t012.spt
パートナーを使って盗みを働くとは,How dare you use your partner to steal from me.,romfs\story\spt\f06_270_600_10_t012.spt
命令なんてするもんか！,I don't give orders!,romfs\story\spt\f06_270_600_10_t012.spt
待ちやがれコラー！,"Wait for me, Korra!",romfs\story\spt\f06_270_600_10_t012.spt
悪かったよ返すよ。,"I'm sorry, I'll give it back.",romfs\story\spt\f06_270_600_10_t012.spt
拾った。,Picked up.,romfs\story\spt\f06_270_600_10_t012.spt
拾ったぁ？,Picked up?,romfs\story\spt\f06_270_600_10_t012.spt
盗み？,Stealing?,romfs\story\spt\f06_270_600_10_t012.spt
自分が命令したクセによー！,I gave the order myself!,romfs\story\spt\f06_270_600_10_t012.spt
見下げはてた最低ヤローだぜ！,What a despicable asshole!,romfs\story\spt\f06_270_600_10_t012.spt
間違って、だと…？,"By mistake, you say...?",romfs\story\spt\f06_270_600_10_t012.spt
…うむ、それで良い。,"...Mm, that's fine.",romfs\story\spt\f06_270_600_10_t013.spt
あはは、はははは！,Ha ha ha ha!,romfs\story\spt\f06_270_600_10_t013.spt
あわわわかりました！,"Aww, I understand!",romfs\story\spt\f06_270_600_10_t013.spt
おっ、おとなしくします！,"Whoa, I'll be quiet!",romfs\story\spt\f06_270_600_10_t013.spt
おとなしくしてくれぬか。,Will you please be quiet?,romfs\story\spt\f06_270_600_10_t013.spt
せ、生徒会長…,I'm the president of the student council...,romfs\story\spt\f06_270_600_10_t013.spt
だれだっ！,Who is it?,romfs\story\spt\f06_270_600_10_t013.spt
できぬと言うなら、力ずくでも構わぬが。,"If you say you can't do it, I don't care if you have to do it by force.",romfs\story\spt\f06_270_600_10_t013.spt
スイカがっ？,Watermelon?,romfs\story\spt\f06_270_600_10_t013.spt
周りの生徒たちに迷惑だ。,It's a nuisance to the students around me.,romfs\story\spt\f06_270_600_10_t013.spt
花火は静かに見上げるものだ。,Fireworks are meant to be looked up quietly.,romfs\story\spt\f06_270_600_10_t013.spt
過ぎ行く夏を惜しみつつな。,I'll miss the passing summer.,romfs\story\spt\f06_270_600_10_t013.spt
というわけで,therefore,romfs\story\spt\f07_010_130_00_t011.spt
初日にひとつ,One on the first day,romfs\story\spt\f07_010_130_00_t011.spt
本日から２学期となりますが――,Today marks the start of the second semester--,romfs\story\spt\f07_010_130_00_t011.spt
残念なお知らせをしなければなりません。,I must give you some unfortunate news.,romfs\story\spt\f07_010_130_00_t011.spt
しばらく島を離れて療養することとなりました。,He will be away from the island for a while to recuperate.,romfs\story\spt\f07_010_130_00_t012.spt
校長先生が体調をくずされ,The principal has been ill.,romfs\story\spt\f07_010_130_00_t012.spt
ええ、それでは次に――,"Yeah, well, next--",romfs\story\spt\f07_010_130_00_t013.spt
そして、校長先生の一刻も早い回復を祈りましょう。,And let us wish the principal a speedy recovery.,romfs\story\spt\f07_010_130_00_t013.spt
ぼくからのあいさつは以上です。,That's all from me.,romfs\story\spt\f07_010_130_00_t013.spt
みなさんは普段と変わることなく,You are all the same as usual.,romfs\story\spt\f07_010_130_00_t013.spt
勉学にはげんでください。,Good luck with your studies.,romfs\story\spt\f07_010_130_00_t013.spt
校長先生が不在の間は,While the principal is away.,romfs\story\spt\f07_010_130_00_t013.spt
非力ながらぼく教頭が代行を務めます。,"I, the vice principal, will be acting in his place, though I am not able to do so.",romfs\story\spt\f07_010_130_00_t013.spt
校長先生が…,The principal...,romfs\story\spt\f07_010_130_00_t014.spt
じゃんけん,"rock, paper, scissors game",romfs\story\spt\f07_010_161_10.spt
パスワード公開の前にやるゲームは…,The game to play before the password disclosure is...,romfs\story\spt\f07_010_161_10.spt
ロボトル,Robottle,romfs\story\spt\f07_010_161_10.spt
腕相撲,arm wrestling,romfs\story\spt\f07_010_161_10.spt
てことは、回収は望み薄？,Does this mean that recovery is unlikely?,romfs\story\spt\f07_010_161_10_t011.spt
ないらしい。,It seems that there is no such thing.,romfs\story\spt\f07_010_161_10_t011.spt
セッティングデータどうすんのよ。,What are you going to do with the setting data?,romfs\story\spt\f07_010_161_10_t011.spt
教頭先生からの連絡は？,Have you heard from the vice principal?,romfs\story\spt\f07_010_161_10_t011.spt
面倒といえば…,Talk about a hassle...,romfs\story\spt\f07_010_161_10_t011.spt
面倒なことになったな。,It's a messy mess.,romfs\story\spt\f07_010_161_10_t011.spt
驚いたな。,Amazing.,romfs\story\spt\f07_010_161_10_t011.spt
あるんですか！？,Is there?,romfs\story\spt\f07_010_161_10_t012.spt
こんどはなにしたの？,What did you do this time?,romfs\story\spt\f07_010_161_10_t012.spt
どうせ文化祭のことだろう。,It's probably a cultural festival anyway.,romfs\story\spt\f07_010_161_10_t012.spt
始業式で言ってたじゃない。,You said it at the opening ceremony.,romfs\story\spt\f07_010_161_10_t012.spt
文化祭！,Cultural Festival!,romfs\story\spt\f07_010_161_10_t012.spt
聞いてなかったの？,Didn't you hear?,romfs\story\spt\f07_010_161_10_t012.spt
部長、また怒られてますねー。,"Sir, you're getting angry again.",romfs\story\spt\f07_010_161_10_t012.spt
ごめん,dismissal,romfs\story\spt\f07_010_161_10_t013.spt
校長先生のこと考えてて――,I was thinking about the principal and--,romfs\story\spt\f07_010_161_10_t013.spt
はいはい。,"Yes, yes, yes.",romfs\story\spt\f07_010_161_10_t014.spt
期限は今日中。,The deadline is today.,romfs\story\spt\f07_010_161_10_t014.spt
うん、なんか――,"Yeah, it's kind of--",romfs\story\spt\f07_010_161_10_t021.spt
こんどはなんだ？,What's this time?,romfs\story\spt\f07_010_161_10_t021.spt
めんどくさいなー,What a pain in the ass!,romfs\story\spt\f07_010_161_10_t021.spt
失礼するよ。,Excuse me.,romfs\story\spt\f07_010_161_10_t021.spt
きみに渡したいものがあるんだ。,I have something for you.,romfs\story\spt\f07_010_161_10_t031.spt
これを――,Here--,romfs\story\spt\f07_010_161_10_t031.spt
みんないるね、ちょうどよかった。,"There you are guys, just in time.",romfs\story\spt\f07_010_161_10_t031.spt
これは？,What's this?,romfs\story\spt\f07_010_161_10_t041.spt
さて、残っているということは,"Now, the fact that it remains",romfs\story\spt\f07_010_161_10_t041.spt
では、わたしはこれで。,"Well, I'll leave it at that.",romfs\story\spt\f07_010_161_10_t041.spt
はい、確かにうちのハードディスクです。,"Yes, it is indeed our hard drive.",romfs\story\spt\f07_010_161_10_t041.spt
使用が認められたということじゃないかな。,I think it means that the use is approved.,romfs\story\spt\f07_010_161_10_t041.spt
探知アプリもそっくり残っていますが,"The detection application remains exactly the same, but",romfs\story\spt\f07_010_161_10_t041.spt
校長先生が持って行かれたものに間違いありません。,I am sure it was taken by the principal.,romfs\story\spt\f07_010_161_10_t041.spt
ああ…　うん。,Oh... yeah.,romfs\story\spt\f07_010_161_10_t042.spt
あのメダリア探知アプリのことだけど…,About that medallion detection app...,romfs\story\spt\f07_010_161_10_t042.spt
いいですよ。,All right.,romfs\story\spt\f07_010_161_10_t042.spt
いっそ全校生徒に公開してみては。,Why not open it up to the whole school?,romfs\story\spt\f07_010_161_10_t042.spt
ええっ？,Eh?,romfs\story\spt\f07_010_161_10_t042.spt
おいて、これは大きすぎるアドバンテージだ。,This is too big an advantage.,romfs\story\spt\f07_010_161_10_t042.spt
お礼なら校長先生におっしゃってくれ。,"If you want to thank me, tell the principal.",romfs\story\spt\f07_010_161_10_t042.spt
さっそく準備にとりかかってくれたまえ。,Please get started on your preparations.,romfs\story\spt\f07_010_161_10_t042.spt
しかし、全校生徒に公開すれば、探す努力しだいで,"However, if you make it available to the entire school, you can make an effort to look for it.",romfs\story\spt\f07_010_161_10_t042.spt
そ、そうか。,"Oh, yeah.",romfs\story\spt\f07_010_161_10_t042.spt
そう言ってくれると思ってたよ。,I knew you would say that.,romfs\story\spt\f07_010_161_10_t042.spt
だれしも同じ土俵に立てるようになる。,Everyone will be on the same playing field.,romfs\story\spt\f07_010_161_10_t042.spt
では。,Then.,romfs\story\spt\f07_010_161_10_t042.spt
どうだろう。,I wonder.,romfs\story\spt\f07_010_161_10_t042.spt
ははははは。,Ha ha ha.,romfs\story\spt\f07_010_161_10_t042.spt
まずはお礼を。,"First of all, thank you.",romfs\story\spt\f07_010_161_10_t042.spt
わざわざありがとうございました。,Thank you for taking the time to do this.,romfs\story\spt\f07_010_161_10_t042.spt
メダロットが深く関わる我が校のカリキュラムに,Medalot is deeply involved in the curriculum of our school.,romfs\story\spt\f07_010_161_10_t042.spt
今後多くのメダリアを手に入れることになるだろう。,We will be getting many medallions in the future.,romfs\story\spt\f07_010_161_10_t042.spt
公開手順はきみたちに任せるよ。,I'll leave the publication procedure to you guys.,romfs\story\spt\f07_010_161_10_t042.spt
実はね――,As a matter of fact...,romfs\story\spt\f07_010_161_10_t042.spt
少し言いすぎたと反省されていたよ。,He was sorry he said a little too much.,romfs\story\spt\f07_010_161_10_t042.spt
島を離れる前に、校長先生のほうから連絡があって,"Before I left the island, I was contacted by the principal.",romfs\story\spt\f07_010_161_10_t042.spt
待ってください。,Please wait.,romfs\story\spt\f07_010_161_10_t042.spt
探知システムを自由に使えるとなれば、きみたちは,"With the detection system at your disposal, you",romfs\story\spt\f07_010_161_10_t042.spt
提案があるんだ。,I have a suggestion.,romfs\story\spt\f07_010_161_10_t042.spt
教育という観点から見れば、困ったことだ。,"From an educational perspective, this is troubling.",romfs\story\spt\f07_010_161_10_t042.spt
格差が生まれてしまうわけだから。,So there will be a disparity.,romfs\story\spt\f07_010_161_10_t042.spt
考えてもらえないだろうか。,Could you please think about it?,romfs\story\spt\f07_010_161_10_t042.spt
言い忘れるところだった。,I almost forgot to mention that.,romfs\story\spt\f07_010_161_10_t042.spt
返してやれとソレを渡されたんだ。,He gave me the sole to give it back to him.,romfs\story\spt\f07_010_161_10_t042.spt
部長。,Director.,romfs\story\spt\f07_010_161_10_t042.spt
いいこと考えちゃった。,I just thought of a good idea.,romfs\story\spt\f07_010_161_10_t051.spt
いいじゃない。,That's good.,romfs\story\spt\f07_010_161_10_t051.spt
それはそうと――,"Well, that's the thing.",romfs\story\spt\f07_010_161_10_t051.spt
それよりも、部の功績アップに利用したほうが,"Instead, it's better to use it to improve the department's accomplishments.",romfs\story\spt\f07_010_161_10_t051.spt
ためこんでもしょうがないよ。,It's no use hoarding.,romfs\story\spt\f07_010_161_10_t051.spt
なんだか慌ただしいですね教頭先生。,"It's kind of hectic, vice principal.",romfs\story\spt\f07_010_161_10_t051.spt
アプリ公開って、本気なの？,Are you serious about releasing the app?,romfs\story\spt\f07_010_161_10_t051.spt
今後のためにはよっぽどいい。,Much better for the future.,romfs\story\spt\f07_010_161_10_t051.spt
使い切れない量のメダリアなんて,I can't believe we're going to run out of medallions.,romfs\story\spt\f07_010_161_10_t051.spt
学校のおスミ付きをいただけたと思えばさ。,Think of it as getting the school's stamp of approval.,romfs\story\spt\f07_010_161_10_t051.spt
本気だよ。,I'm serious.,romfs\story\spt\f07_010_161_10_t051.spt
校長の代理で頭がいっぱいなんだろう。,He must be preoccupied with the principal's deputy.,romfs\story\spt\f07_010_161_10_t051.spt
部の功績アップ…？,Improving the department's achievements...?,romfs\story\spt\f07_010_161_10_t051.spt
え、またオレですかあ？,"Oh, it's me again?",romfs\story\spt\f07_010_161_10_t052.spt
くん、考えてよ。,"Kun, think about it.",romfs\story\spt\f07_010_161_10_t052.spt
さあ、なんだろうねえ。,I wonder what it is.,romfs\story\spt\f07_010_161_10_t052.spt
なにか簡単なゲームをしてさ。,We'll play a simple game.,romfs\story\spt\f07_010_161_10_t052.spt
はあ？,Huh?,romfs\story\spt\f07_010_161_10_t052.spt
わかりましたよ、う～ん…,"Okay, ummm...",romfs\story\spt\f07_010_161_10_t052.spt
勝ったらパスワード進呈、みたいな感じで…,"If you win, we'll give you a password, or something like that...",romfs\story\spt\f07_010_161_10_t052.spt
探知アプリのパスワード公開を,The password for the detection application is to be made public.,romfs\story\spt\f07_010_161_10_t052.spt
文化祭の出し物にしよう。,Let's make it a festival presentation.,romfs\story\spt\f07_010_161_10_t052.spt
簡単なゲームってなんだ？,What's the easy game?,romfs\story\spt\f07_010_161_10_t052.spt
つまんなそー。,Boring.,romfs\story\spt\f07_010_161_10_t061.spt
女子も？,And the girls?,romfs\story\spt\f07_010_161_10_t071.spt
絶対イヤがると思うけど？,I'm sure you're not going to like it.,romfs\story\spt\f07_010_161_10_t071.spt
…ねえ。,...Hey.,romfs\story\spt\f07_010_161_10_t081.spt
いいよロボトル。,"Okay, Lobottle.",romfs\story\spt\f07_010_161_10_t081.spt
いちばんアピール力あると思うし,I think it's the most appealing.,romfs\story\spt\f07_010_161_10_t081.spt
いや、それではショーとして問題あるだろう。,"No, that would be a problem for the show.",romfs\story\spt\f07_010_161_10_t081.spt
うん、いいよこれで。キマリね。,"Yeah, that's good. That's good.",romfs\story\spt\f07_010_161_10_t081.spt
かえって難しいんですが。,"It's rather difficult, though.",romfs\story\spt\f07_010_161_10_t081.spt
ころあいを見計らって接待モードに移行しよう。,Let's move into the entertainment mode when the time is right.,romfs\story\spt\f07_010_161_10_t081.spt
じゃこうしよう。,Let's do it this way.,romfs\story\spt\f07_010_161_10_t081.spt
じゃテキトーかつ本気で。,"Then, I'm serious about textile.",romfs\story\spt\f07_010_161_10_t081.spt
すばらしい。,Wonderful.,romfs\story\spt\f07_010_161_10_t081.spt
ずいぶんやる気じゃない。,I'm not very motivated.,romfs\story\spt\f07_010_161_10_t081.spt
たくさんあるから、あれを使って――,"There's a lot of it, so use that--",romfs\story\spt\f07_010_161_10_t081.spt
ただのロボトルじゃあの生徒会長がなにを言うか…,What would the president of the student council say if I just bottled it...,romfs\story\spt\f07_010_161_10_t081.spt
なにより準備がラクそうなところが,The best part is that the preparation seems to be easy.,romfs\story\spt\f07_010_161_10_t081.spt
なんだかんだいって、うちの生徒を釣るには,What a great way to catch our students!,romfs\story\spt\f07_010_161_10_t081.spt
ふう、終わったおわった。,"Phew, it's over and done with.",romfs\story\spt\f07_010_161_10_t081.spt
ま、最初はちゃんと本気でやろう。,"Well, let's do it right the first time and be serious.",romfs\story\spt\f07_010_161_10_t081.spt
ますます楽でいいね。,It's getting easier and easier.,romfs\story\spt\f07_010_161_10_t081.spt
より多くのターゲットを破壊できたら参加者の勝ち。,The participant wins if more targets are destroyed.,romfs\story\spt\f07_010_161_10_t081.spt
わざと全員に負けるってこと？,You mean losing to all of them on purpose?,romfs\story\spt\f07_010_161_10_t081.spt
んー,grunting,romfs\story\spt\f07_010_161_10_t081.spt
アンチョクのキワミ。,Anchok kiwami.,romfs\story\spt\f07_010_161_10_t081.spt
カンタンそうなのに落ち着いてよかったなあ。,I'm glad I settled for something that looks easy.,romfs\story\spt\f07_010_161_10_t081.spt
ジャンク置き場にロボトル練習用のターゲットが,robattle practice target in junk yard.,romfs\story\spt\f07_010_161_10_t081.spt
ターゲットを何体倒せるかを競うゲームにしよう。,Make it a game to see how many targets can be killed.,romfs\story\spt\f07_010_161_10_t081.spt
ラクにもホドがあるぞ。,You've got to be careful what you say.,romfs\story\spt\f07_010_161_10_t081.spt
今のうちに手に入れときたいだけよ。,I just want to get it while I can.,romfs\story\spt\f07_010_161_10_t081.spt
仮にも大会で優勝してるんだぞ、うちは。,"Even if we were to win the competition, we are.",romfs\story\spt\f07_010_161_10_t081.spt
全員にパスワード公開しなきゃいけないんでしょ？,"You have to disclose the password to everyone, right?",romfs\story\spt\f07_010_161_10_t081.spt
別に。他人に取られるくらいなら,Nothing. I'd rather someone else take it.,romfs\story\spt\f07_010_161_10_t081.spt
勝ったらパスワード進呈…　と。,"If you win, we'll give you the password..."".",romfs\story\spt\f07_010_161_10_t081.spt
対戦相手はぼくたち。,Our opponent is us.,romfs\story\spt\f07_010_161_10_t081.spt
時間あまってるなら,If you have time to spare.,romfs\story\spt\f07_010_161_10_t081.spt
残ってるメダリア探索クエスト行っておかない？,Why don't we go on the remaining medallion search quests?,romfs\story\spt\f07_010_161_10_t081.spt
縁日の射的みたいなノリでね。,It's like a shooting match at a fair.,romfs\story\spt\f07_010_161_10_t081.spt
～～～～～っ。,～～～～～.,romfs\story\spt\f07_010_161_10_t081.spt
教頭室前,In front of the vice principal's office,romfs\story\spt\f07_015_109_00.spt
いない…,No...,romfs\story\spt\f07_015_109_00_t011.spt
なんだろ、これ…,What is this...,romfs\story\spt\f07_015_109_00_t012.spt
こんなものが、どうしてここに…？,How did this thing get here...?,romfs\story\spt\f07_015_109_00_t021.spt
なんかへんだな。,Something's wrong.,romfs\story\spt\f07_015_109_00_t021.spt
のっぺりしてて、なにメダルかもわからない…,I can't even tell what medal it is because it's so flimsy...,romfs\story\spt\f07_015_109_00_t021.spt
ひょっとして模造メダル？,Is it an imitation medal by any chance?,romfs\story\spt\f07_015_109_00_t021.spt
メダルだ！,Medals!,romfs\story\spt\f07_015_109_00_t021.spt
やっぱりお留守か…,I knew you were away...,romfs\story\spt\f07_015_109_00_t031.spt
…忘れたんですか？,...you forgot?,romfs\story\spt\f07_030_161_10_t011.spt
あっさり？　…あれがか？,Easy?　Is that it?,romfs\story\spt\f07_030_161_10_t011.spt
そういや忘れてたけど、ミオ,"Well, I forgot to mention that Mio.",romfs\story\spt\f07_030_161_10_t011.spt
そうですよね。,"Yes, that's right.",romfs\story\spt\f07_030_161_10_t011.spt
そうなんだ？,Really?,romfs\story\spt\f07_030_161_10_t011.spt
の割には、あんがいあっさり引き受けましたよね。,I think I took on the project rather easily for a company that was already in the process.,romfs\story\spt\f07_030_161_10_t011.spt
へー。,Heh.,romfs\story\spt\f07_030_161_10_t011.spt
まあ覚えてるほうがビックリですけど。,"Well, I'd be surprised if you remember.",romfs\story\spt\f07_030_161_10_t011.spt
アイドル部かー。,Idol club.,romfs\story\spt\f07_030_161_10_t011.spt
ケンカして飛び出したとか言ってたような…,I think he said he got into a fight and jumped out...,romfs\story\spt\f07_030_161_10_t011.spt
元アイドル部だったんでしたっけ。,I remember you used to be in the idol club.,romfs\story\spt\f07_030_161_10_t011.spt
意外だなー。,That's surprising.,romfs\story\spt\f07_030_161_10_t011.spt
確か、円満な退部ではなかったはずだが…,"As I recall, it wasn't an amicable exit from the club...",romfs\story\spt\f07_030_161_10_t011.spt
別に…,I don't...,romfs\story\spt\f07_030_161_30.spt
気になる,be on one's mind,romfs\story\spt\f07_030_161_30.spt
あ、そういう…,"Oh, that kind of...",romfs\story\spt\f07_030_161_30_t011.spt
あるいは、入学前から名が知られていたとか――,Or that the name was known even before they were admitted--,romfs\story\spt\f07_030_161_30_t011.spt
あれを「あっさり」と表現するのは無理がある。,"It is impossible to describe that as ""easy.",romfs\story\spt\f07_030_161_30_t011.spt
あんがい、うれしかったのかもしれん。,Maybe he was happy.,romfs\story\spt\f07_030_161_30_t011.spt
あんたは、なにもしないように聞こえるが。,Sounds like you're not going to do anything.,romfs\story\spt\f07_030_161_30_t011.spt
うちが困ったことにはならないか？,Won't our house be in trouble?,romfs\story\spt\f07_030_161_30_t011.spt
きみと,you and me,romfs\story\spt\f07_030_161_30_t011.spt
くんとマインちゃん,Mr. and Ms. Mine,romfs\story\spt\f07_030_161_30_t011.spt
さあな、よほどの才能があったんだろう。,"I don't know, he must have been very talented.",romfs\story\spt\f07_030_161_30_t011.spt
せいぜい２週間かそこらでしょ？,"Two weeks or so at most, right?",romfs\story\spt\f07_030_161_30_t011.spt
それもフシギです。,It is also fushigi.,romfs\story\spt\f07_030_161_30_t011.spt
そんなことないよー。,That's not true!,romfs\story\spt\f07_030_161_30_t011.spt
そんなことより、いいのか？,That's not what I'm talking about. Are you sure?,romfs\story\spt\f07_030_161_30_t011.spt
だけどもう少しゴネると思ってましたよ。,But I thought it would be a bit more of a goner.,romfs\story\spt\f07_030_161_30_t011.spt
だってミオがアイドル部にいたのって,Because Mio was in the idol club.,romfs\story\spt\f07_030_161_30_t011.spt
どうしてあそこまで頼られるんでしょう。,How can they rely on us so much?,romfs\story\spt\f07_030_161_30_t011.spt
どっちかといえば困るけど。,"Which is troubling, though.",romfs\story\spt\f07_030_161_30_t011.spt
ぼくだってがんばりますよ、はっはっは。,"I'll do my best too, ha ha ha.",romfs\story\spt\f07_030_161_30_t011.spt
ま、まあ確かに…,"Well, well, sure...",romfs\story\spt\f07_030_161_30_t011.spt
ミオをアイドル部にとられたら,If Mio is taken by the idol club.,romfs\story\spt\f07_030_161_30_t011.spt
頼られてな。,I'm being depended on.,romfs\story\spt\f07_030_161_30_t011.spt
３人ががんばってくれれば、なんとかなるでしょ。,"If the three of you work hard, you can make it work.",romfs\story\spt\f07_030_161_30_t011.spt
はは。,Ha.,romfs\story\spt\f07_030_161_30_t012.spt
まさか、このまま帰ってこなかったりとか。,I don't think so. I don't think he's going to come back.,romfs\story\spt\f07_030_161_30_t012.spt
今ごろアイドル部で練習してるんでしょうかねー。,I wonder if they are practicing in the idol club now.,romfs\story\spt\f07_030_161_30_t012.spt
気になるか？,Do you care?,romfs\story\spt\f07_030_161_30_t012.spt
すごいケンマクで追い返されそうな気もしますが…,I have a feeling I'll be turned away with a great kenmak...,romfs\story\spt\f07_030_161_30_t021.spt
ひやかしに行ってみるか。,Let's go for a sneak peek.,romfs\story\spt\f07_030_161_30_t021.spt
そうか？,Really?,romfs\story\spt\f07_030_161_30_t031.spt
ならいいが…,I don't care if it's...,romfs\story\spt\f07_030_161_30_t031.spt
…ほう。,...Hou.,romfs\story\spt\f07_030_161_30_t041.spt
へえ？,Huh?,romfs\story\spt\f07_030_161_30_t041.spt
もう生産してない脚部ですね。,It's a leg that is no longer in production.,romfs\story\spt\f07_030_161_30_t041.spt
わたし行きたいです！,I want to go!,romfs\story\spt\f07_030_161_30_t041.spt
アイドル部に行きましょう！,Let's go to the idol club!,romfs\story\spt\f07_030_161_30_t041.spt
マインちゃん、興味あるの？,"Mine, are you interested?",romfs\story\spt\f07_030_161_30_t041.spt
レアです。,Rare.,romfs\story\spt\f07_030_161_30_t041.spt
壊れた脚部パーツに興味があります。,I am interested in broken leg parts.,romfs\story\spt\f07_030_161_30_t041.spt
調べてみました。,I looked into it.,romfs\story\spt\f07_030_161_30_t041.spt
近くで見てみたいですー。,I would like to see it up close!,romfs\story\spt\f07_030_161_30_t041.spt
お願い…？,Please...?,romfs\story\spt\f07_030_168_00_t011.spt
お願いがあるんです、聞いてくれますかっ？,"I have a favor to ask, will you listen?",romfs\story\spt\f07_030_168_00_t011.spt
すいません、あのっ,"Excuse me, sir.",romfs\story\spt\f07_030_168_00_t011.spt
すいません！,I'm sorry!,romfs\story\spt\f07_030_168_00_t011.spt
は、はい実は――,"Yes, yes, actually--",romfs\story\spt\f07_030_168_00_t011.spt
探検部のみなさんですよね？,"You are all from the exploration club, right?",romfs\story\spt\f07_030_168_00_t011.spt
あたしのところに来たってわけ？,So you came to me?,romfs\story\spt\f07_030_168_00_t012.spt
あのダンスプログラムは今年の目玉だし,And that dance program is the highlight of the year.,romfs\story\spt\f07_030_168_00_t012.spt
あのプログラムをこなすのは無理みたいで…,I don't think I could handle that program...,romfs\story\spt\f07_030_168_00_t012.spt
さすがのフローラも、馴れない別の脚部で,"Flora, as you would expect, with another leg that is unfamiliar to her.",romfs\story\spt\f07_030_168_00_t012.spt
それで困って,That's why I'm in trouble.,romfs\story\spt\f07_030_168_00_t012.spt
だけど、あのプログラムを踊れる部員なんて,But I can't imagine anyone in the club being able to dance that program.,romfs\story\spt\f07_030_168_00_t012.spt
だけど、あんたなら――,But you can--,romfs\story\spt\f07_030_168_00_t012.spt
だけど、ほかに方法が見つからないの。,But I can't find another way.,romfs\story\spt\f07_030_168_00_t012.spt
アオイたちのほかには、いなくて、それで…,"There were no others besides the aoi and their friends, so...",romfs\story\spt\f07_030_168_00_t012.spt
アオイのパートナーが故障しちゃったのよ。,Aoi's partner has broken down.,romfs\story\spt\f07_030_168_00_t012.spt
フローラが…,Flora...,romfs\story\spt\f07_030_168_00_t012.spt
久しぶり。,Long time no see.,romfs\story\spt\f07_030_168_00_t012.spt
今さら変えることなんて、できないよ。,You can't change it now.,romfs\story\spt\f07_030_168_00_t012.spt
元気そうね、ミオ。,"You look great, Mio.",romfs\story\spt\f07_030_168_00_t012.spt
勝手なのは、わかってる。,"Selfish, I know.",romfs\story\spt\f07_030_168_00_t012.spt
脚部パーツの部品が壊れちゃったみたい。,It looks like a part of the leg part has broken.,romfs\story\spt\f07_030_168_00_t012.spt
頼みというのは、あんたになの。,I'm asking you for a favor.,romfs\story\spt\f07_030_168_00_t012.spt
お願いミオ。,Please Mio.,romfs\story\spt\f07_030_168_00_t013.spt
アイドル部を助けてほしいの！,I need your help with the idol club!,romfs\story\spt\f07_030_168_00_t013.spt
文化祭で踊ってくれないかな。,I hope they dance at the festival.,romfs\story\spt\f07_030_168_00_t013.spt
あたしからプログラム奪ったくせにリタイアとか。,You took my program away from me and now you're retiring.,romfs\story\spt\f07_030_168_20_t011.spt
あたしと,with me,romfs\story\spt\f07_030_168_20_t011.spt
ざまぁないわねアオイ。,"That's not very nice, Aoi.",romfs\story\spt\f07_030_168_20_t011.spt
とりあえず、部室に行けばいいのね？,"In the meantime, I should just go to the club room, right?",romfs\story\spt\f07_030_168_20_t011.spt
のカンペキな,The campy of the,romfs\story\spt\f07_030_168_20_t011.spt
ふふ、ふふふ。,"Hmmm, hmmm.",romfs\story\spt\f07_030_168_20_t011.spt
わかったわ。,I understand.,romfs\story\spt\f07_030_168_20_t011.spt
パフォーマンス、あいつに見せつけてやるわ！,"Performance, I'm going to show that guy!",romfs\story\spt\f07_030_168_20_t011.spt
回想,reminiscence,romfs\story\spt\f07_040_163_00.spt
おつかれ,thank you,romfs\story\spt\f07_040_163_00_t011.spt
カンペキじゃないの…！,It's not campy..!,romfs\story\spt\f07_040_163_00_t011.spt
ブランクがあるなんて、信じられない！,I can't believe there are blanks!,romfs\story\spt\f07_040_163_00_t011.spt
久しぶりにしては動けたよね～。,You were able to move for the first time in a long time!,romfs\story\spt\f07_040_163_00_t011.spt
生徒女2年_B,"Student Woman, 2nd year_B",romfs\story\spt\f07_040_163_00_t011.spt
…ごめんねミオ。,...Sorry Mio.,romfs\story\spt\f07_040_163_00_t012.spt
あたしは反対！,I disagree!,romfs\story\spt\f07_040_163_00_t012.spt
あのコには、わたしからよく話しておくから。,I'll talk to her about it.,romfs\story\spt\f07_040_163_00_t012.spt
あるなら言ってくれれば直すけど？,"If you have it, just tell me and I'll fix it.",romfs\story\spt\f07_040_163_00_t012.spt
ううん、ない。,"No, no.",romfs\story\spt\f07_040_163_00_t012.spt
こんなのおかしいです！,This is not right!,romfs\story\spt\f07_040_163_00_t012.spt
すごく良かった。,It was very good.,romfs\story\spt\f07_040_163_00_t012.spt
だってもう、ミオは――,Because Mio is already--,romfs\story\spt\f07_040_163_00_t012.spt
で、どうするの？,So what are you going to do?,romfs\story\spt\f07_040_163_00_t012.spt
なにか問題ある？,What's the problem?,romfs\story\spt\f07_040_163_00_t012.spt
もう練習なんて必要ないってわかるでしょ。,You know you don't need to practice anymore.,romfs\story\spt\f07_040_163_00_t012.spt
やめなさいフウカ！,"Stop it, Fuca!",romfs\story\spt\f07_040_163_00_t012.spt
フウカ！,Fuca!,romfs\story\spt\f07_040_163_00_t012.spt
ミオはアイドル部じゃありません！,Mio is not an idol club!,romfs\story\spt\f07_040_163_00_t012.spt
ミオは気にせず練習を続けて。,Mio didn't mind and kept practicing.,romfs\story\spt\f07_040_163_00_t012.spt
久しぶりにふたりのダンスが,It's been a long time since I've seen the two of you dance.,romfs\story\spt\f07_040_163_00_t012.spt
今の見てなかったの？,Did you not see that?,romfs\story\spt\f07_040_163_00_t012.spt
帰るわ。,I'm leaving.,romfs\story\spt\f07_040_163_00_t012.spt
生徒女2年_E,"Student Woman, 2nd year_E",romfs\story\spt\f07_040_163_00_t012.spt
生徒女3年_B,"Student Woman, 3rd year_B",romfs\story\spt\f07_040_163_00_t012.spt
見られてうれしいよ。,Glad to see it.,romfs\story\spt\f07_040_163_00_t012.spt
部のピンチは部でなんとかすべきです！,The pinch in the department should be managed by the department!,romfs\story\spt\f07_040_163_00_t012.spt
こっちの都合で好きにしていいはずだけど？,I'm supposed to be able to do whatever I want at my convenience.,romfs\story\spt\f07_040_163_00_t013.spt
ちょっとその、…見学に。,"I'm just, uh...visiting.",romfs\story\spt\f07_040_163_00_t013.spt
なんでだよっ。,Why?,romfs\story\spt\f07_040_163_00_t013.spt
なんの用？,What do you want?,romfs\story\spt\f07_040_163_00_t013.spt
やらし～。,"Oh, no, it's not.",romfs\story\spt\f07_040_163_00_t013.spt
文化祭が終わるまでは,Until the festival is over.,romfs\story\spt\f07_040_163_00_t013.spt
部の用事じゃないよ。,It's not for the department.,romfs\story\spt\f07_040_163_00_t013.spt
ああ、えっと――,"Oh, uh--",romfs\story\spt\f07_050_163_00_t011.spt
あまりジロジロ見ないでくださいな。,Please don't stare too closely.,romfs\story\spt\f07_050_163_00_t011.spt
あらいやだ、おじょうさん。,"Oh no, sweetie.",romfs\story\spt\f07_050_163_00_t011.spt
こうですか？,Like this?,romfs\story\spt\f07_050_163_00_t011.spt
この子はマインちゃんっていって、その…,"This girl is called Mine, and she's...",romfs\story\spt\f07_050_163_00_t011.spt
じ～～～～～っ。,See ～～～～～.,romfs\story\spt\f07_050_163_00_t011.spt
そ、それはわからないけど…,"Well, I don't know about that...",romfs\story\spt\f07_050_163_00_t011.spt
そうでしたの。,It was.,romfs\story\spt\f07_050_163_00_t011.spt
そんなものを見てどうするんですか？,What are you going to do when you see something like that?,romfs\story\spt\f07_050_163_00_t011.spt
ちょっと歩いてください。,Please walk a little.,romfs\story\spt\f07_050_163_00_t011.spt
でしたらどうぞ、ごらんになって。,"If so, please take a look.",romfs\story\spt\f07_050_163_00_t011.spt
どこが壊れてますか？,What is broken?,romfs\story\spt\f07_050_163_00_t011.spt
む～～～～～っ。,You can find more information at ～～～～～.,romfs\story\spt\f07_050_163_00_t011.spt
パーツにとってもくわしいんだ。,I'm very knowledgeable about parts.,romfs\story\spt\f07_050_163_00_t011.spt
故障しているのは脚部パーツですよ。,It's the leg parts that are malfunctioning.,romfs\story\spt\f07_050_163_00_t011.spt
直せるんですか！？,Can you fix it!,romfs\story\spt\f07_050_163_00_t011.spt
興味があります！,I am interested!,romfs\story\spt\f07_050_163_00_t011.spt
見たいです！,I would like to see it!,romfs\story\spt\f07_050_163_00_t011.spt
見ます。,See.,romfs\story\spt\f07_050_163_00_t011.spt
あたしに聞かないでくださいな。,Please don't ask me.,romfs\story\spt\f07_050_163_00_t012.spt
あんたが悪いんじゃない。,It's not your fault.,romfs\story\spt\f07_050_163_00_t012.spt
おかしな音がします。,Sounds funny.,romfs\story\spt\f07_050_163_00_t012.spt
おそらく、中のベアリングがすりへって,Perhaps the bearing inside is worn out.,romfs\story\spt\f07_050_163_00_t012.spt
ここのユニットが怪しいです。,The unit here is suspect.,romfs\story\spt\f07_050_163_00_t012.spt
これはジャイロスコープだ。,This is a gyroscope.,romfs\story\spt\f07_050_163_00_t012.spt
これは寿命だ。,This is a lifetime.,romfs\story\spt\f07_050_163_00_t012.spt
ごめんなさい。,I'm sorry.,romfs\story\spt\f07_050_163_00_t012.spt
ごめんねフローラ。,Sorry Flora.,romfs\story\spt\f07_050_163_00_t012.spt
しかし、ほかもあちこちガタがきている。,"However, others are also rattled here and there.",romfs\story\spt\f07_050_163_00_t012.spt
しばらく前からこうなんですよ。,It's been this way for a while now.,romfs\story\spt\f07_050_163_00_t012.spt
そうとう古いタイプだ。,It is a very old type.,romfs\story\spt\f07_050_163_00_t012.spt
そうなんです。,That's right.,romfs\story\spt\f07_050_163_00_t012.spt
なめらかに回らなくなっているんだろう。,It's probably not turning smoothly anymore.,romfs\story\spt\f07_050_163_00_t012.spt
まあな、ソフト面じゃマインにはとてもかなわないが,"Well, yeah, I'm not quite as good as Mine in terms of software.",romfs\story\spt\f07_050_163_00_t012.spt
もっと大事にしてあげられなくて…,I couldn't take better care of him...,romfs\story\spt\f07_050_163_00_t012.spt
わたし、フローラと踊りたいんです！,I want to dance with Flora!,romfs\story\spt\f07_050_163_00_t012.spt
わたしったら、なに勝手なこと――,I'm so selfish...,romfs\story\spt\f07_050_163_00_t012.spt
コレなんですか？,What is this?,romfs\story\spt\f07_050_163_00_t012.spt
ダンスは母の夢でもあるんです。,Dancing is also my mother's dream.,romfs\story\spt\f07_050_163_00_t012.spt
ハードのことなら、多少はな…,"If you're talking about hardware, you can't help but think of it as...",romfs\story\spt\f07_050_163_00_t012.spt
パーツもです。,Parts also.,romfs\story\spt\f07_050_163_00_t012.spt
フローラは母の形見なんです。,Flora is a memento of my mother.,romfs\story\spt\f07_050_163_00_t012.spt
ホイール形式のな。,In wheel form.,romfs\story\spt\f07_050_163_00_t012.spt
マインが知らなくても無理はない。,It's not surprising that Mine doesn't know about it.,romfs\story\spt\f07_050_163_00_t012.spt
今のフローラとじゃないとダメなんです！,It has to be with Flora now!,romfs\story\spt\f07_050_163_00_t012.spt
動けているのが不思議なくらいだ。,It's a wonder I can move.,romfs\story\spt\f07_050_163_00_t012.spt
同時に複雑な動きができなくなりましてねえ。,"At the same time, it is impossible to make complex movements.",romfs\story\spt\f07_050_163_00_t012.spt
新しいパーツじゃダメなの？,Why not new parts?,romfs\story\spt\f07_050_163_00_t012.spt
普段はいいにしても…,"Normally it's fine, but...",romfs\story\spt\f07_050_163_00_t012.spt
母はダンサーで、いつもフローラと踊ってました。,My mother was a dancer and always danced with Flora.,romfs\story\spt\f07_050_163_00_t012.spt
気づきましたか。,Did you notice that?,romfs\story\spt\f07_050_163_00_t012.spt
見たことないカタチです。,I have never seen this shape before.,romfs\story\spt\f07_050_163_00_t012.spt
詳しいですねー。,You are very knowledgeable!,romfs\story\spt\f07_050_163_00_t012.spt
あのメダロットの脚部パーツだ。,It's the leg parts of that medallion.,romfs\story\spt\f07_060_167_00_t011.spt
あの場で口にはできなかったが…,"I couldn't say it right then and there, but...",romfs\story\spt\f07_060_167_00_t011.spt
あれが手に入れば、なんとかなるかもしれん。,"If we can get that one, we might be able to make it work.",romfs\story\spt\f07_060_167_00_t011.spt
どこで見たんですか？,Where did you see this?,romfs\story\spt\f07_060_167_00_t011.spt
なんとかなるかもしれんぞ。,You might be able to work something out.,romfs\story\spt\f07_060_167_00_t011.spt
めずらしいパーツだから印象に残っている。,"It is a rare part, so it left an impression on me.",romfs\story\spt\f07_060_167_00_t011.spt
以前、あれと同型のパーツをつけている,I've worn parts of the same type as that one before.,romfs\story\spt\f07_060_167_00_t011.spt
確か、水車小屋のあたりだったか…,I think it was around the water mill...,romfs\story\spt\f07_060_167_00_t011.spt
確信は持てないので,I can't be sure.,romfs\story\spt\f07_060_167_00_t011.spt
野良メダロットを見たことがある。,I have seen stray medallions.,romfs\story\spt\f07_060_167_00_t011.spt
あ、でも…,"Oh, but...",romfs\story\spt\f07_060_167_00_t012.spt
あくまで文化祭期間の話ですって。,He said he was only talking about the cultural festival period.,romfs\story\spt\f07_060_167_00_t012.spt
お祭りが終われば、とうぜん戻って――,"Once the festivities are over, we'll be back, of course--",romfs\story\spt\f07_060_167_00_t012.spt
がっかりしているのは,I'm disappointed because,romfs\story\spt\f07_060_167_00_t012.spt
がっかりするだろうなあ。,I'm sure they will be disappointed.,romfs\story\spt\f07_060_167_00_t012.spt
きますよね？,"You're going to come, aren't you?",romfs\story\spt\f07_060_167_00_t012.spt
や、やだなそんなの当たり前じゃないですか。,"Oh, no, that's not a surprise.",romfs\story\spt\f07_060_167_00_t012.spt
フローラの足が直ったら,When Flora's leg is fixed.,romfs\story\spt\f07_060_167_00_t012.spt
ミオ。,Mio.,romfs\story\spt\f07_060_167_00_t012.spt
ミオはもう探検部の一員だぞ。,Mio is already part of the exploration team.,romfs\story\spt\f07_060_167_00_t012.spt
ミオは踊れなくなっちゃうんですよね。,Mio will not be able to dance.,romfs\story\spt\f07_060_167_00_t012.spt
俺に聞くな。,Don't ask me.,romfs\story\spt\f07_060_167_00_t012.spt
戻って…,Go back...,romfs\story\spt\f07_060_167_00_t012.spt
探検部にいてくれないと困る。,I need you to be in the exploration department.,romfs\story\spt\f07_060_167_00_t012.spt
水車小屋っていうと…,Water mill...,romfs\story\spt\f07_060_167_00_t012.spt
行きますー！,I'll be there!,romfs\story\spt\f07_060_167_00_t012.spt
行ってみるか。,Let's go.,romfs\story\spt\f07_060_167_00_t012.spt
踊れなくなったアイドル部員のほうだろう。,It would be the idol club members who can no longer dance.,romfs\story\spt\f07_060_167_00_t012.spt
霧の樹海を渓流沿いに上った先だ。,It is just up along the mountain stream through a misty sea of trees.,romfs\story\spt\f07_060_167_00_t012.spt
あんたは反対か？,You disagree?,romfs\story\spt\f07_060_167_00_t021.spt
ぼく？　まさかあ。,Me?　No way.,romfs\story\spt\f07_060_167_00_t021.spt
もちろん賛成ですよ。,Of course I agree.,romfs\story\spt\f07_060_167_00_t021.spt
行こう行こう。,"Let's go, let's go.",romfs\story\spt\f07_060_167_00_t021.spt
マイン2,Mine2,romfs\story\spt\f07_065_343_00.spt
小屋のぞき,"peeping (e.g. through a hole, narrow gap)",romfs\story\spt\f07_065_343_00.spt
。平気よ。,I'm fine. I'm fine.,romfs\story\spt\f07_065_343_00_t011.spt
おもしろいです！,Interesting!,romfs\story\spt\f07_065_343_00_t011.spt
おもしろくない…,Not interesting...,romfs\story\spt\f07_065_343_00_t011.spt
くすん。,Sniff.,romfs\story\spt\f07_065_343_00_t011.spt
そう！　偶然よ！,"Yes, it's a coincidence!　Coincidence!",romfs\story\spt\f07_065_343_00_t011.spt
たかがパーツひとつくらい、すぐにわたしが――,"It's just one part, and soon I'll be--",romfs\story\spt\f07_065_343_00_t011.spt
っ！！,I'm not sure what you mean!,romfs\story\spt\f07_065_343_00_t011.spt
と言われても…,I've been told...,romfs\story\spt\f07_065_343_00_t011.spt
どういうことだ…？,What do you mean...?,romfs\story\spt\f07_065_343_00_t011.spt
どうしてこんなところにいるんだ？,Why are you here?,romfs\story\spt\f07_065_343_00_t011.spt
なっ、なによ！,What?,romfs\story\spt\f07_065_343_00_t011.spt
なんとな～く歩いてたら、なんとな～くここに来てて,"I was just kind of walking around, and somehow I ended up here.",romfs\story\spt\f07_065_343_00_t011.spt
ねえミオどうしよ～！,"Hey Mio, what should we do~?",romfs\story\spt\f07_065_343_00_t011.spt
ほほう、脚部パーツを取りに来たら,"Hoho, when I came to pick up the leg parts.",romfs\story\spt\f07_065_343_00_t011.spt
わ、わたしは、つまり、その――,"I mean, I'm not, you know...",romfs\story\spt\f07_065_343_00_t011.spt
わあ～ん！,Wow!,romfs\story\spt\f07_065_343_00_t011.spt
ミオこそ,mio-,romfs\story\spt\f07_065_343_00_t011.spt
偶然なんとな～く小屋を覗いてみたら…,I happened to take a casual peek into the hut and...,romfs\story\spt\f07_065_343_00_t011.spt
脚とられちゃったの…,They took my legs...,romfs\story\spt\f07_065_343_00_t011.spt
脚部パーツを盗られちゃったのか。,Did they steal the leg parts?,romfs\story\spt\f07_065_343_00_t011.spt
落ち着きなさいよ,Calm the fuck down.,romfs\story\spt\f07_065_343_00_t011.spt
覗いたら？,Why don't you take a peek?,romfs\story\spt\f07_065_343_00_t011.spt
パームス脚部,Palms Legs,romfs\story\spt\f07_070_343_00.spt
ボス,boss,romfs\story\spt\f07_070_343_00.spt
ボス1,Boss 1.,romfs\story\spt\f07_070_343_00.spt
マイン3,Mine 3,romfs\story\spt\f07_070_343_00.spt
ラピス1,Lapis1,romfs\story\spt\f07_070_343_00.spt
小屋から,From the Shed,romfs\story\spt\f07_070_343_00.spt
小屋内,inside a shed,romfs\story\spt\f07_070_343_00.spt
なにか見える？,What do you see?,romfs\story\spt\f07_070_343_00_t011.spt
ん～と…,Hmmm...,romfs\story\spt\f07_070_343_00_t011.spt
なにかゴチャゴチャいっぱい置いてあるけど。,There is a lot of stuff on the floor.,romfs\story\spt\f07_070_343_00_t012.spt
おかしなメダロットが急に襲ってきたのよ。,A funny medallion attacked me out of the blue.,romfs\story\spt\f07_070_343_00_t013.spt
で、負けて脚部パーツをとられたと。,"So, he lost and the leg parts were taken.",romfs\story\spt\f07_070_343_00_t013.spt
ほほう。,Hohoho.,romfs\story\spt\f07_070_343_00_t013.spt
パーツです！,Parts!,romfs\story\spt\f07_070_343_00_t013.spt
脚部パーツが山積みです！,Leg parts are piled up!,romfs\story\spt\f07_070_343_00_t013.spt
がショック受けてて,was in shock.,romfs\story\spt\f07_070_343_00_t014.spt
さあ、,"Come on,",romfs\story\spt\f07_070_343_00_t014.spt
じゃなきゃあんなヤツ…！,"Otherwise, that guy...!",romfs\story\spt\f07_070_343_00_t014.spt
そいつはどこに？,Where is he?,romfs\story\spt\f07_070_343_00_t014.spt
それどころじゃなかったから――,I was too busy--,romfs\story\spt\f07_070_343_00_t014.spt
ミツケタ,mitsuketa,romfs\story\spt\f07_070_343_00_t014.spt
不意打ちだったのよ！,It was a surprise!,romfs\story\spt\f07_070_343_00_t014.spt
小屋にはいないようだが。,They don't seem to be in the shed.,romfs\story\spt\f07_070_343_00_t014.spt
おい、俺の言うことがわかるか？,"Hey, you know what I mean?",romfs\story\spt\f07_070_343_00_t015.spt
だったらひとつ頼みがあるんだが――,Then do me a favor--,romfs\story\spt\f07_070_343_00_t015.spt
どうやら話の通じる相手じゃないらしい。,"Apparently, it's not someone you can talk to.",romfs\story\spt\f07_070_343_00_t015.spt
なるほど…　こいつが犯人だね。,I see... this is the culprit.,romfs\story\spt\f07_070_343_00_t015.spt
まだ口がきけるみたいだな。,Looks like you can still talk.,romfs\story\spt\f07_070_343_00_t015.spt
アシ,assistant,romfs\story\spt\f07_070_343_00_t015.spt
アシ　オイテケ,assistant assistant,romfs\story\spt\f07_070_343_00_t015.spt
オイテケ,oily person,romfs\story\spt\f07_070_343_00_t015.spt
ムダだよリョウマくん。,"It's not worth it, Ryoma-kun.",romfs\story\spt\f07_070_343_00_t015.spt
脚部パーツを集めていたのはお前か？,Was it you who was collecting leg parts?,romfs\story\spt\f07_070_343_00_t015.spt
野良メダロットか。,A stray medallion.,romfs\story\spt\f07_070_343_00_t015.spt
オイテケ～～～～～！！,Oitheke ～～～～～!,romfs\story\spt\f07_070_343_00_t016.spt
なくした脚部パーツをさがし続けているの！,I keep looking for lost leg parts!,romfs\story\spt\f07_070_343_00_t021.spt
わかった！,I understand!,romfs\story\spt\f07_070_343_00_t021.spt
彼なりの事情があったんだろうねきっと。,I'm sure he had his own circumstances.,romfs\story\spt\f07_070_343_00_t021.spt
結局なんだったんだ、あいつは。,"What was he after all, that guy?",romfs\story\spt\f07_070_343_00_t021.spt
それはきっとマスターとの大切な思い出のパーツで,It must be a part of your precious memories with the master.,romfs\story\spt\f07_070_343_00_t022.spt
だから自分が壊れてしまったあとも彼はずっと――,"So even after his own breakdown, he was always--",romfs\story\spt\f07_070_343_00_t022.spt
ロマンチックな妄想はそこまで。,So much for romantic fantasies.,romfs\story\spt\f07_070_343_00_t022.spt
あったわホラ。,"There it is, Hola.",romfs\story\spt\f07_070_343_00_t023.spt
わあ、わたしの脚…！,"Wow, my legs...!",romfs\story\spt\f07_070_343_00_t024.spt
あと,after,romfs\story\spt\f07_070_343_00_t025.spt
ついでにこれも見つけたけど？,"And while I'm at it, I also found this?",romfs\story\spt\f07_070_343_00_t025.spt
あっ、これは…,"Oh, this is...",romfs\story\spt\f07_070_343_00_t026.spt
これならすぐにでも使えそうだ。,This would work right away.,romfs\story\spt\f07_070_343_00_t026.spt
フローラの脚部パーツです。,Flora leg parts.,romfs\story\spt\f07_070_343_00_t026.spt
状態は――　ああ思ったよりもだいぶいい。,"The condition is--oh, much better than I expected.",romfs\story\spt\f07_070_343_00_t026.spt
じゃもうここに用はないわね、帰りましょ。,"Then I have no more use for this place, let's go home.",romfs\story\spt\f07_070_343_00_t027.spt
へ～そうなのよかったじゃない。,"Oh, I'm glad to hear that.",romfs\story\spt\f07_070_343_00_t027.spt
あのステージのほうにいるの,I'm over there on that stage.,romfs\story\spt\f07_080_130_00_t011.spt
いいから！,Just because!,romfs\story\spt\f07_080_130_00_t011.spt
ここじゃないわ。,Not here.,romfs\story\spt\f07_080_130_00_t011.spt
ほら早く！,"Come on, come on!",romfs\story\spt\f07_080_130_00_t011.spt
アイドル部の人たちじゃ――,They're not from the idol club--,romfs\story\spt\f07_080_130_00_t011.spt
先にアイドル部の部室に行くの！,I'm going to the idol club room first!,romfs\story\spt\f07_080_130_00_t011.spt
アオイ呼び止め,Calling Aoi to a halt,romfs\story\spt\f07_090_163_00.spt
フローラ歩き1,Flora walk 1,romfs\story\spt\f07_090_163_00.spt
あんたこそ、ここでなにしてんの？,What are you doing here?,romfs\story\spt\f07_090_163_00_t011.spt
う、うん、そうだよ。,"Uh, yeah, yeah.",romfs\story\spt\f07_090_163_00_t011.spt
せめて、少しくらいは役に立ちたいから――,"I want to be at least a little bit helpful, so--",romfs\story\spt\f07_090_163_00_t011.spt
ちょっといじれば、だいぶ変わるかなあと思って。,"I thought if I tweaked it a little, it might change a lot.",romfs\story\spt\f07_090_163_00_t011.spt
つまり裏方ってわけ。,"In other words, they are behind the scenes.",romfs\story\spt\f07_090_163_00_t011.spt
ふん,excrement,romfs\story\spt\f07_090_163_00_t011.spt
みんな、体育館でリハーサル中だよ？,"Guys, we're rehearsing in the gym, okay?",romfs\story\spt\f07_090_163_00_t011.spt
わたし？,Me?,romfs\story\spt\f07_090_163_00_t011.spt
ショウコさんの衣装直し。,Shoko's costume change.,romfs\story\spt\f07_090_163_00_t011.spt
ミオちゃんも、早く行かないと…！,"Mio, I have to go soon...!",romfs\story\spt\f07_090_163_00_t011.spt
ミオちゃん！,Mio!,romfs\story\spt\f07_090_163_00_t011.spt
リボンが、少しほつれてるの。,The ribbon is a little frayed.,romfs\story\spt\f07_090_163_00_t011.spt
今までなにしてたの！？,What have you been doing all this time!,romfs\story\spt\f07_090_163_00_t011.spt
ほら。,Voila.,romfs\story\spt\f07_090_163_00_t012.spt
受け取りなさいよ。,Take it.,romfs\story\spt\f07_090_163_00_t012.spt
ああも～イライラする！,Oh my gosh - it's frustrating!,romfs\story\spt\f07_090_163_00_t013.spt
これはっ！？,What is this?,romfs\story\spt\f07_090_163_00_t013.spt
さっさと試しなさいよっ！,Try it now!,romfs\story\spt\f07_090_163_00_t013.spt
それなら文句ないでしょ？,"Then you have no complaints, right?",romfs\story\spt\f07_090_163_00_t013.spt
まあ、あたしの脚…！,"Well, my legs...!",romfs\story\spt\f07_090_163_00_t013.spt
あたしまた、あんたと踊れるのよ…！,I get to dance with you again...!,romfs\story\spt\f07_090_163_00_t014.spt
ねえ見てアオイ！　元どおりよ！,"Hey, look at that, Aoi!　It's back to normal!",romfs\story\spt\f07_090_163_00_t014.spt
フローラ…,Flora...,romfs\story\spt\f07_090_163_00_t014.spt
体が軽い！,Body is light!,romfs\story\spt\f07_090_163_00_t014.spt
思い通りに動けるわ！,I can move as I wish!,romfs\story\spt\f07_090_163_00_t014.spt
ミオ入室拒否,Mio Denial of Entry,romfs\story\spt\f07_100_163_00.spt
校門カメラ,School gate camera,romfs\story\spt\f07_100_163_00.spt
あ、ありがとう。,"Oh, thank you.",romfs\story\spt\f07_100_163_00_t012.spt
しょうがないでしょ。,It can't be helped.,romfs\story\spt\f07_100_163_00_t012.spt
たまたま拾っちゃったんだから。,I picked it up by accident.,romfs\story\spt\f07_100_163_00_t012.spt
でも、どうして…？,But why...?,romfs\story\spt\f07_100_163_00_t012.spt
というわけだから、わたしの出番はなし。,"Therefore, I am out of the picture.",romfs\story\spt\f07_100_163_00_t012.spt
ほら、さっさと体育館に行きなさいよ。,"Come on, get your ass to the gym.",romfs\story\spt\f07_100_163_00_t012.spt
あ～あ。,Ahhhh.,romfs\story\spt\f07_100_163_00_t013.spt
お人よしよね～あたしって。,"I'm a good-natured person, aren't I?",romfs\story\spt\f07_100_163_00_t013.spt
せっかく舞台で好き勝手やろうと思ってたのに。,I was going to do whatever I wanted on stage.,romfs\story\spt\f07_100_163_00_t013.spt
わたしと――,I and--,romfs\story\spt\f07_100_163_00_t013.spt
待ってよミオ、お願いがあるの！,"Wait, Mio, I need a favor!",romfs\story\spt\f07_100_163_00_t013.spt
おもしろいよね、あいかわらず。,"Interesting, as usual.",romfs\story\spt\f07_100_163_00_t021.spt
ほう他部の見学か。,"Oh, a visit to another department?",romfs\story\spt\f07_100_163_00_t021.spt
ガンコだなあ。,That's gunky.,romfs\story\spt\f07_100_163_00_t021.spt
おや、これはこれは。,"Oh, well, well, well.",romfs\story\spt\f07_100_163_00_t031.spt
その言葉そっくりお前に返そう。,I'm going to return those words exactly the same way to you.,romfs\story\spt\f07_100_163_00_t031.spt
ところで探検部のブースが手つかずのようだが。,"By the way, the Exploration Department booth looks untouched.",romfs\story\spt\f07_100_163_00_t031.spt
どこにでも現れますねえ。,"They appear everywhere, don't they?",romfs\story\spt\f07_100_163_00_t031.spt
徹夜で準備か？　大変だな。,All night to get ready?　That's a lot of work.,romfs\story\spt\f07_100_163_00_t031.spt
文化祭は明日だぞ。,The festival is tomorrow.,romfs\story\spt\f07_100_163_00_t031.spt
体育館へ,To the gymnasium,romfs\story\spt\f07_120_160_00.spt
引き,pull,romfs\story\spt\f07_120_160_00.spt
武道場_out,Budojo_out,romfs\story\spt\f07_120_160_00.spt
生徒女1年_F,"Student Woman, 1st year_F",romfs\story\spt\f07_120_160_00.spt
生徒女1年_F_メダ,Student Woman 1st_Year_F_Med.,romfs\story\spt\f07_120_160_00.spt
観客,audience,romfs\story\spt\f07_120_160_00.spt
観客1,Audience 1,romfs\story\spt\f07_120_160_00.spt
観客1_メダ,Audience 1_Meda,romfs\story\spt\f07_120_160_00.spt
観客1_メダ位置,Audience 1_Median position,romfs\story\spt\f07_120_160_00.spt
観客1位置,Spectator 1 position,romfs\story\spt\f07_120_160_00.spt
観客2,Audience 2,romfs\story\spt\f07_120_160_00.spt
観客2位置,Spectator 2 position,romfs\story\spt\f07_120_160_00.spt
観客3,Audience 3,romfs\story\spt\f07_120_160_00.spt
観客3位置,Spectator 3 position,romfs\story\spt\f07_120_160_00.spt
観客4,Audience 4,romfs\story\spt\f07_120_160_00.spt
観客4位置,Spectator 4 position,romfs\story\spt\f07_120_160_00.spt
観客5,Audience 5,romfs\story\spt\f07_120_160_00.spt
観客5位置,Spectator 5 position,romfs\story\spt\f07_120_160_00.spt
雲,cloud,romfs\story\spt\f07_120_160_00.spt
おお！,Oh!,romfs\story\spt\f07_120_160_00_t011.spt
このままでいいのか？,Are you sure you want to keep it that way?,romfs\story\spt\f07_120_160_00_t011.spt
さすがの洞察力だねリョウマくん。,"That's a great insight, Ryoma-kun.",romfs\story\spt\f07_120_160_00_t011.spt
ただ机並べただけだし、な～んの宣伝もしてないし。,I just laid out the desks and didn't advertise anything.,romfs\story\spt\f07_120_160_00_t011.spt
だれでもわかる。,Anyone can understand.,romfs\story\spt\f07_120_160_00_t011.spt
だれも来ませんねー。,No one is coming.,romfs\story\spt\f07_120_160_00_t011.spt
どうせノルマがあるんだろ？,"You have a quota anyway, right?",romfs\story\spt\f07_120_160_00_t011.spt
ぼくに言ってるの？,Are you talking to me?,romfs\story\spt\f07_120_160_00_t011.spt
ぼんやりつっ立ってるだけにしか見えんだろうな。,It would look like they're just standing there in a daze.,romfs\story\spt\f07_120_160_00_t011.spt
よう！,Yo!,romfs\story\spt\f07_120_160_00_t011.spt
事実よジジツ。,"It's a fact, Jiji.",romfs\story\spt\f07_120_160_00_t011.spt
何度目だ。,How many times.,romfs\story\spt\f07_120_160_00_t011.spt
実際ぼんやりつっ立ってるだけじゃないの。,"In fact, it's not just standing there in a daze.",romfs\story\spt\f07_120_160_00_t011.spt
当たり前でしょ。,It's obvious.,romfs\story\spt\f07_120_160_00_t011.spt
時間なかったからなあ。,I didn't have time.,romfs\story\spt\f07_120_160_00_t011.spt
達成できなきゃ廃部をチラつかされているんだろ？,"If they don't achieve it, they're flirting with closing the club, aren't they?",romfs\story\spt\f07_120_160_00_t011.spt
…えっ？,...What?,romfs\story\spt\f07_120_160_00_t012.spt
…マト当てだよ。,...mato guess.,romfs\story\spt\f07_120_160_00_t012.spt
いいよもう、これはただのゲームでロボトルとは――,"Okay, no more, this is just a game with Lobottle--",romfs\story\spt\f07_120_160_00_t012.spt
いつだったかの借り、きっちり返してやらねーとな。,I'll have to pay him back exactly what I owed him from when we met.,romfs\story\spt\f07_120_160_00_t012.spt
いらなそー！,I don't want it!,romfs\story\spt\f07_120_160_00_t012.spt
うん…　よし。,Yeah... okay.,romfs\story\spt\f07_120_160_00_t012.spt
おいおい、せっかくの文化祭だってのに,"Oh, come on, it's a cultural festival!",romfs\story\spt\f07_120_160_00_t012.spt
お客さまに失礼しちゃダメでしょ。,You can't be rude to customers.,romfs\story\spt\f07_120_160_00_t012.spt
ここ探検部のブースなの！？,This is the Exploration Department's booth!,romfs\story\spt\f07_120_160_00_t012.spt
こらこら,c'mon!,romfs\story\spt\f07_120_160_00_t012.spt
こんなスミっこでなにくつろいじゃってんだよ。,What are you doing relaxing in such a smelly place?,romfs\story\spt\f07_120_160_00_t012.spt
さすが部長さん、だれかとちがって話がわかるぜ。,"As expected of you, Mr. Director, you know what you're talking about unlike anyone else.",romfs\story\spt\f07_120_160_00_t012.spt
しかし、勝負ってのは気に入ったぜ。,"But I like the idea of competition, man.",romfs\story\spt\f07_120_160_00_t012.spt
しょぼっ！,Shabby!,romfs\story\spt\f07_120_160_00_t012.spt
それとも、だらけた部員の生態展示？,Or is it an ecological exhibit of slack-jawed club members?,romfs\story\spt\f07_120_160_00_t012.spt
なにやってるかくらい教えてくれよ。,You can at least tell me what you're doing.,romfs\story\spt\f07_120_160_00_t012.spt
なんにもねーじゃん！,That's nothing!,romfs\story\spt\f07_120_160_00_t012.spt
はあ…,Yes...,romfs\story\spt\f07_120_160_00_t012.spt
ほっとけ。,Leave it alone.,romfs\story\spt\f07_120_160_00_t012.spt
まあそう冷たくするなって。,"Well, don't be so cold.",romfs\story\spt\f07_120_160_00_t012.spt
またかよ。,Again.,romfs\story\spt\f07_120_160_00_t012.spt
わざとらしい…,It's deliberate...,romfs\story\spt\f07_120_160_00_t012.spt
ターゲット撃って、オレらよりたくさん撃ち落したら,If you shoot more targets than we do and miss more than we do...,romfs\story\spt\f07_120_160_00_t012.spt
休憩所？,Rest area?,romfs\story\spt\f07_120_160_00_t012.spt
便利なアプリ…,Useful apps...,romfs\story\spt\f07_120_160_00_t012.spt
喜んでお相手しなくちゃ。,I should be happy to oblige.,romfs\story\spt\f07_120_160_00_t012.spt
探――　便利なアプリをプレゼントすんの！,Search--I'm giving away a useful app!,romfs\story\spt\f07_120_160_00_t012.spt
用がないなら、あっち行けよ。,"If you don't need me, go away.",romfs\story\spt\f07_120_160_00_t012.spt
ああ、ごめんごめん。,"Oh, sorry, sorry.",romfs\story\spt\f07_120_160_00_t013.spt
あれ、気が進まない？,"Oh, you don't feel like it?",romfs\story\spt\f07_120_160_00_t013.spt
えっ、わざとですか！？,"What, on purpose!",romfs\story\spt\f07_120_160_00_t013.spt
おい、なにごちゃごちゃやってんだ？,"Hey, what are you messing around with?",romfs\story\spt\f07_120_160_00_t013.spt
この勝負、負けよう。,Let's lose this game.,romfs\story\spt\f07_120_160_00_t013.spt
それじゃあ行きますか。,Shall we go then?,romfs\story\spt\f07_120_160_00_t013.spt
だったら勝ってもいいことにしよう。,Then let's say you win.,romfs\story\spt\f07_120_160_00_t013.spt
やるなら早くしようぜー？,"If we're going to do this, let's do it fast, okay?",romfs\story\spt\f07_120_160_00_t013.spt
勝った場合は――,If you win--,romfs\story\spt\f07_120_160_00_t013.spt
営業ってやつだよ,It's called sales.,romfs\story\spt\f07_120_160_00_t013.spt
目的はアプリを渡すことなんだから,The goal is to give you the application.,romfs\story\spt\f07_120_160_00_t013.spt
あ、あれ…,"Oh, that...",romfs\story\spt\f07_120_160_00_t021.spt
いっ、今のはアレだ！　ちょっとした間違いだ！,"Oh, that's it!　Just a little mistake!",romfs\story\spt\f07_120_160_00_t021.spt
いやあ残念だったねー。,"Well, that's too bad!",romfs\story\spt\f07_120_160_00_t021.spt
うっそだろ…っ？,Oh no...?,romfs\story\spt\f07_120_160_00_t021.spt
きみは本日初めてのお客さまだからね。,You are our first customer today.,romfs\story\spt\f07_120_160_00_t021.spt
でも安心して。,But don't worry.,romfs\story\spt\f07_120_160_00_t021.spt
もう１回やらせてくれ頼む！,"Let me try one more time, please!",romfs\story\spt\f07_120_160_00_t021.spt
サービス…？,Service...?,romfs\story\spt\f07_120_160_00_t021.spt
出血サービスしちゃう。,I'll do a bleeding service.,romfs\story\spt\f07_120_160_00_t021.spt
いやあ、やられちゃったなあ。,"Oh no, I've been beaten.",romfs\story\spt\f07_120_160_00_t031.spt
っしゃあ―――――！,See -----!,romfs\story\spt\f07_120_160_00_t031.spt
やったぜ！！,We did it!,romfs\story\spt\f07_120_160_00_t031.spt
仕方ないや、それじゃあ約束どおり――,"Well, I don't have a choice. So, as promised--",romfs\story\spt\f07_120_160_00_t031.spt
あ～,Ah~,romfs\story\spt\f07_120_160_00_t032.spt
これをダウンロードすれば――,If you download this--,romfs\story\spt\f07_120_160_00_t032.spt
そういや、そんなイベントだったっけか…,"Well, I don't remember that event...",romfs\story\spt\f07_120_160_00_t032.spt
で、なんだって！？,And what did you say!,romfs\story\spt\f07_120_160_00_t032.spt
なにプレゼントだって！？,What present?,romfs\story\spt\f07_120_160_00_t032.spt
ダウンロード権をプレゼントするよ。,I'll give you the download rights.,romfs\story\spt\f07_120_160_00_t032.spt
メダリア探知アプリだよ。,It's a medallion detection application.,romfs\story\spt\f07_120_160_00_t032.spt
探検部が開発したスマホ用アプリケーションさ。,It's a smartphone application developed by the Exploration Department.,romfs\story\spt\f07_120_160_00_t032.spt
探検部専用、メダリア探知アプリの,"The Exploration Department's exclusive, medallion-detecting app for the",romfs\story\spt\f07_120_160_00_t032.spt
このパスワードを――,This password--,romfs\story\spt\f07_120_160_00_t041.spt
すげえっ！！,Amazing!,romfs\story\spt\f07_120_160_00_t041.spt
で、どうすりゃ使えるようになんの！？,"So, how do I get it to work?",romfs\story\spt\f07_120_160_00_t041.spt
なにっ！,What?,romfs\story\spt\f07_120_160_00_t041.spt
マジで！？,Seriously!,romfs\story\spt\f07_120_160_00_t041.spt
マジまじ大マジ。,"Seriously, seriously, big seriously.",romfs\story\spt\f07_120_160_00_t041.spt
メダリアのありかがわかるよーになるのっ？,I'll know where the medallions are?,romfs\story\spt\f07_120_160_00_t041.spt
島中探索しまくったら、いくらでも拾えちゃうよ。,You can pick up as many as you want if you search all over the island.,romfs\story\spt\f07_120_160_00_t041.spt
…終わった！,...done!,romfs\story\spt\f07_120_160_00_t051.spt
あちこち歩いてみれば、すぐにわかると思うよ。,Just walk around here and there and you'll see what I mean.,romfs\story\spt\f07_120_160_00_t051.spt
うん。起動しっぱなしにして,Yeah. Leave it running.,romfs\story\spt\f07_120_160_00_t051.spt
これでいいのか？,Is this what you want?,romfs\story\spt\f07_120_160_00_t051.spt
しゃあない…　ほらよ！,No wonder... Here you go!,romfs\story\spt\f07_120_160_00_t052.spt
やっぱダメだ。,I knew it.,romfs\story\spt\f07_120_160_00_t052.spt
それやるからオアイコだぜ。,"That's what I'm going to do, Oaico, man.",romfs\story\spt\f07_120_160_00_t053.spt
負けてサービスなんて、オレの性に合わねーや。,It's not in my nature to lose and serve.,romfs\story\spt\f07_120_160_00_t053.spt
…よし！,...OK!,romfs\story\spt\f07_120_160_00_t054.spt
へへっ、楽しみだなー！,"Hehe, I'm looking forward to it!",romfs\story\spt\f07_120_160_00_t054.spt
文化祭が終わったら、さっそくためしてみるぜ！,I'll give it a try after the festival!,romfs\story\spt\f07_120_160_00_t054.spt
ためしに、やってみるか…,Let's give it a try...,romfs\story\spt\f07_120_160_00_t061.spt
ちょっとほしいかも…,I might want some...,romfs\story\spt\f07_120_160_00_t061.spt
ホントかなあ…,I wonder if it's true...,romfs\story\spt\f07_120_160_00_t061.spt
メダリア探知だって。,He said it's a medallion detector.,romfs\story\spt\f07_120_160_00_t061.spt
たのもう！！,Thank you!,romfs\story\spt\f07_120_160_00_t062.spt
ようこそようこそ。,Welcome welcome welcome.,romfs\story\spt\f07_120_160_00_t062.spt
生徒男3年_C,"Student male, 3rd year_C",romfs\story\spt\f07_120_160_00_t062.spt
あそ。,So.,romfs\story\spt\f07_120_160_00_t063.spt
うまくいったね、はっはっは。,"It worked, haha.",romfs\story\spt\f07_120_160_00_t063.spt
こっちは人数足りてるしね。,We have enough people here.,romfs\story\spt\f07_120_160_00_t063.spt
さっきからソワソワ落ち着きないけど,I've been so restless since a while ago.,romfs\story\spt\f07_120_160_00_t063.spt
それじゃちょっとだけ失礼するわ。,"Well then, excuse me for a moment.",romfs\story\spt\f07_120_160_00_t063.spt
だったらいいけど。,I wish it were.,romfs\story\spt\f07_120_160_00_t063.spt
ところでミオくん。,"By the way, Mio.",romfs\story\spt\f07_120_160_00_t063.spt
なにかあるなら、しばらく抜けてもいいよ。,"If there's something wrong, you can leave for a while.",romfs\story\spt\f07_120_160_00_t063.spt
なによ。,What is it?,romfs\story\spt\f07_120_160_00_t063.spt
ふ～ん。,Hmmm.,romfs\story\spt\f07_120_160_00_t063.spt
別に。,Separately.,romfs\story\spt\f07_120_160_00_t063.spt
あ、たいへんお待たせしました。,"Oh, thank you very much for your patience.",romfs\story\spt\f07_120_160_00_t071.spt
い、いいんですか？,No. Are you sure?,romfs\story\spt\f07_120_160_00_t071.spt
いきま～す！,Let's go!,romfs\story\spt\f07_120_160_00_t071.spt
くんもどう？,How about you?,romfs\story\spt\f07_120_160_00_t071.spt
すぐ始めましょう。,Get started right away.,romfs\story\spt\f07_120_160_00_t071.spt
初めての文化祭だし、あちこち見たいでしょ？,"It's your first cultural festival, and you want to see all over the place, right?",romfs\story\spt\f07_120_160_00_t071.spt
３人いるからだいじょぶです！,"There are three of us, so it's fine!",romfs\story\spt\f07_120_160_00_t071.spt
これ、パスワードです！,This is the password!,romfs\story\spt\f07_120_160_00_t081.spt
はい、おめでとー。,"Yes, congratulations.",romfs\story\spt\f07_120_160_00_t081.spt
掲示板からダウンロードしてください！,Please download from the board!,romfs\story\spt\f07_120_160_00_t081.spt
あらら、残念でしたー。,"Oops, I'm sorry to hear that!",romfs\story\spt\f07_120_160_00_t091.spt
また挑戦してください！,Please try again!,romfs\story\spt\f07_120_160_00_t091.spt
待ってますー！,I'll be waiting!,romfs\story\spt\f07_120_160_00_t091.spt
ファイ！,Phi!,romfs\story\spt\f07_120_160_00_t101.spt
次はぼくたちだね。,We are next.,romfs\story\spt\f07_120_160_00_t101.spt
いくわよ～！,Let's go!,romfs\story\spt\f07_120_160_00_t111.spt
次はわたしたちね！,We are next!,romfs\story\spt\f07_120_160_00_t111.spt
いくよ～！,Let's go~!,romfs\story\spt\f07_120_160_00_t121.spt
待ちくたびれたよ～。,I'm tired of waiting!,romfs\story\spt\f07_120_160_00_t121.spt
どきどきするな…,Don't get excited...,romfs\story\spt\f07_120_160_00_t131.spt
いくぞ～！,Let's go!,romfs\story\spt\f07_120_160_00_t141.spt
いってらっしゃ～い！,Have a good day!,romfs\story\spt\f07_120_160_00_t151.spt
そ、それじゃオレ――,"Well, then, I--",romfs\story\spt\f07_120_160_00_t151.spt
カメラ流し,letting the camera drift away (e.g. to avoid detection),romfs\story\spt\f07_130_132_00.spt
ステージ左,Stage left,romfs\story\spt\f07_135_132_00.spt
あっ、ごめんなさい！,"Oh, I'm sorry!",romfs\story\spt\f07_135_132_00_t011.spt
ちょっとぉ！　リハーサル中です,"Hey, whoa!　We're rehearsing.",romfs\story\spt\f07_135_132_00_t011.spt
ステージに上がらないでほしいんですけどぉ！,I don't want you to go on stage!,romfs\story\spt\f07_135_132_00_t011.spt
ステージ右,Stage right,romfs\story\spt\f07_135_132_10.spt
…ミオたちのことが心配だ。,...I'm worried about Mio and the others.,romfs\story\spt\f07_135_132_１0_t011.spt
アオイ前,mallow plant (any plant of family Malvaceae),romfs\story\spt\f07_140_132_00.spt
ううん平気。,"No, I'm fine.",romfs\story\spt\f07_140_132_00_t012.spt
かえって助かっちゃった。,I was saved.,romfs\story\spt\f07_140_132_00_t012.spt
こ、こっちこそ。,"I'm here, too.",romfs\story\spt\f07_140_132_00_t012.spt
ごめんなさい、気がつかなくて…,"I'm sorry, I didn't realize...",romfs\story\spt\f07_140_132_00_t012.spt
さっきから止まらなくて困ってたの。,I was having trouble stopping earlier.,romfs\story\spt\f07_140_132_00_t012.spt
まだリハーサルだっていうのに…,We're still in rehearsal...,romfs\story\spt\f07_140_132_00_t012.spt
ミオちゃん、どうしてる？,"Mio, how are you doing?",romfs\story\spt\f07_140_132_00_t012.spt
リハーサル中なのに、ごめん。,"I'm sorry, I'm in the middle of rehearsal.",romfs\story\spt\f07_140_132_00_t012.spt
見て、手のふるえが止まってる。,"Look, the hands have stopped shaking.",romfs\story\spt\f07_140_132_00_t012.spt
あったのに…,There was a...,romfs\story\spt\f07_140_132_00_t021.spt
いっつもそうなの。,It's always the same.,romfs\story\spt\f07_140_132_00_t021.spt
ううん,groan,romfs\story\spt\f07_140_132_00_t021.spt
お礼もお詫びも…,"No thanks, no apologies...",romfs\story\spt\f07_140_132_00_t021.spt
そんなのどうでもいい。,I don't care about that.,romfs\story\spt\f07_140_132_00_t021.spt
わたし、ミオちゃんになにも言えてないの。,I haven't said anything to Mio.,romfs\story\spt\f07_140_132_00_t021.spt
サイテー。,Saitei.,romfs\story\spt\f07_140_132_00_t021.spt
本番までに、どうしても言わなくちゃいけないことが,I really need to say something before the show.,romfs\story\spt\f07_140_132_00_t021.spt
そんなこと言ってない,I didn't say that.,romfs\story\spt\f07_150_132_00.spt
もう戻る,I'm going back.,romfs\story\spt\f07_150_132_00.spt
アオイが待ってる,Aoi is waiting for you.,romfs\story\spt\f07_150_132_00.spt
ミオ_メダ1,Mio_Meda1,romfs\story\spt\f07_150_132_00.spt
ミオは悪くない,Mio is not a bad guy.,romfs\story\spt\f07_150_132_00.spt
ミオストップ,Myostop,romfs\story\spt\f07_150_132_00.spt
ミオ前,in front of Mio,romfs\story\spt\f07_150_132_00.spt
ミオ舞台へ,Go to Mio Stage,romfs\story\spt\f07_150_132_00.spt
抜けてきた,I'm out.,romfs\story\spt\f07_150_132_00.spt
なっ。,Nah.,romfs\story\spt\f07_150_132_00_t011.spt
なんであんたがここにいんのよっ？,Why are you here?,romfs\story\spt\f07_150_132_00_t011.spt
探検部はどうしたのっ？,What happened to the exploration club?,romfs\story\spt\f07_150_132_00_t011.spt
だから、なに？,"So, what?",romfs\story\spt\f07_150_132_00_t021.spt
探検部に戻らなくていいの？,Don't you have to go back to the exploration club?,romfs\story\spt\f07_150_132_00_t021.spt
だったら、あちこち見て歩けばいいじゃない。,Then why don't you just walk around and look here and there?,romfs\story\spt\f07_150_132_00_t031.spt
へ、へえそうなの。,"Heh, heh, I see.",romfs\story\spt\f07_150_132_00_t031.spt
わたしのことは、ほうっておいて。,Leave me alone.,romfs\story\spt\f07_150_132_00_t031.spt
だったら、早く戻ればいいでしょ。,Then why don't you just go back as soon as possible?,romfs\story\spt\f07_150_132_00_t036.spt
あたしが悪いって言いたいんでしょ？,"You want to say it's my fault, don't you?",romfs\story\spt\f07_150_132_00_t041.spt
あ～はいはい、わかってるわよ。,"Oh, yes, yes, I know.",romfs\story\spt\f07_150_132_00_t041.spt
それ、アオイがあんたに頼んだわけ？,Did Aoi ask you to do that?,romfs\story\spt\f07_150_132_00_t041.spt
ていうか――,I mean--,romfs\story\spt\f07_150_132_00_t041.spt
なにそれ？,What's that?,romfs\story\spt\f07_150_132_00_t041.spt
なんで自分で言わないわけ？,Why don't you tell me yourself?,romfs\story\spt\f07_150_132_00_t041.spt
アイツらしいわ。,It's just like him.,romfs\story\spt\f07_150_132_00_t041.spt
カンケーないでしょあんたにはっ,You don't care about that.,romfs\story\spt\f07_150_132_00_t041.spt
自分はなにもしないで周りばっかり利用して――,You're not doing anything yourself. You're just taking advantage of everyone around you.,romfs\story\spt\f07_150_132_00_t041.spt
あんたになにがわかるのよ。,What do you know?,romfs\story\spt\f07_150_132_00_t071.spt
うるさい！,Noisy!,romfs\story\spt\f07_150_132_00_t071.spt
そうじゃないって！,He said it wasn't!,romfs\story\spt\f07_150_132_00_t071.spt
それをなんであんたに――,I don't know why I'm giving it to you.,romfs\story\spt\f07_150_132_00_t071.spt
だから！,So!,romfs\story\spt\f07_150_132_00_t071.spt
なによ,What is it?,romfs\story\spt\f07_150_132_00_t071.spt
もーわかったってば！,I've got it now!,romfs\story\spt\f07_150_132_00_t071.spt
わ、わからないよ。,"Wow, I don't know.",romfs\story\spt\f07_150_132_00_t071.spt
アオイが言ってたんだ。,Aoi said.,romfs\story\spt\f07_150_132_00_t071.spt
オレが言いたいのは――,What I'm trying to say is--,romfs\story\spt\f07_150_132_00_t071.spt
ミオが言わせなかったんじゃないの？,I thought Mio didn't let you say that.,romfs\story\spt\f07_150_132_00_t071.spt
ミオに伝えたいことがあるって。,He has something he wants to tell Mio.,romfs\story\spt\f07_150_132_00_t071.spt
今までもずっと伝えようとしてたんじゃないの？,Haven't you been trying to tell them all this time?,romfs\story\spt\f07_150_132_00_t071.spt
結局あたしが悪いんじゃないの。,It's not my fault after all.,romfs\story\spt\f07_150_132_00_t071.spt
言おうとしたんじゃないかな。,I think he was trying to say.,romfs\story\spt\f07_150_132_00_t071.spt
つ、通じた…？,Did you get through...?,romfs\story\spt\f07_150_132_00_t081.spt
な？,Hey?,romfs\story\spt\f07_150_132_00_t081.spt
よくわかんないな、女の子って…,"I don't know, girls...",romfs\story\spt\f07_150_132_00_t081.spt
ステージ中央,Stage center,romfs\story\spt\f07_160_132_00.spt
フィナーレ,finale,romfs\story\spt\f07_160_132_00.spt
ミオ_アイドル服,Mio_Idol Clothes,romfs\story\spt\f07_160_132_00.spt
右舞台袖_out,Offstage right_out,romfs\story\spt\f07_160_132_00.spt
舞台袖,offstage,romfs\story\spt\f07_160_132_00.spt
あっそ！,"Oh, yeah!",romfs\story\spt\f07_160_132_00_t011.spt
いっ,"(after a noun, adjective-stem or plain verb) just keeps",romfs\story\spt\f07_160_132_00_t011.spt
いっしょに踊ろう、ミオ。,"Dance with me, Mio.",romfs\story\spt\f07_160_132_00_t011.spt
うふふ、わたし知ってたもん。,I knew it.,romfs\story\spt\f07_160_132_00_t011.spt
さっさと出しなさいよ。,Get it out of there.,romfs\story\spt\f07_160_132_00_t011.spt
しっ、失礼しました！,"Shh, excuse me!",romfs\story\spt\f07_160_132_00_t011.spt
すぐ出番なんでしょ？,"You'll be on soon, right?",romfs\story\spt\f07_160_132_00_t011.spt
ずっと言おうとしてたんだけど…,I've been trying to tell you...,romfs\story\spt\f07_160_132_00_t011.spt
ずっと言おうと思ってたの。,I've been meaning to tell you.,romfs\story\spt\f07_160_132_00_t011.spt
だからなによ？,So what?,romfs\story\spt\f07_160_132_00_t011.spt
ちょっといつまでそこにいる気？,"Hey, how long are you going to stay there?",romfs\story\spt\f07_160_132_00_t011.spt
わたしたち４人のプログラムなんだから！,It's a program for the four of us!,romfs\story\spt\f07_160_132_00_t011.spt
ジョウダンじゃない！,It's not a jodhpur!,romfs\story\spt\f07_160_132_00_t011.spt
ジョーダンやめてよ。,"Jordan, please stop.",romfs\story\spt\f07_160_132_00_t011.spt
ミオがアイドル部にいるときから,Since Mio has been in the idol club.,romfs\story\spt\f07_160_132_00_t011.spt
今さらでごめん。,Sorry it's too late.,romfs\story\spt\f07_160_132_00_t011.spt
今さらなに？,What now?,romfs\story\spt\f07_160_132_00_t011.spt
元々これは,Originally this was,romfs\story\spt\f07_160_132_00_t011.spt
悪いんだけどさ、,"I'm sorry,",romfs\story\spt\f07_160_132_00_t011.spt
振り付けだって、コンビ用のじゃなくて,Even the choreography is not for a combination.,romfs\story\spt\f07_160_132_00_t011.spt
着替えたいんですけど！,I need to change my clothes!,romfs\story\spt\f07_160_132_00_t011.spt
絶対こうなるって。,"He said, ""I'm sure this will happen.",romfs\story\spt\f07_160_132_00_t011.spt
衣装。,Costume.,romfs\story\spt\f07_160_132_00_t011.spt
衣装だって、ちゃんと用意してある！,We even have the costumes ready for you!,romfs\story\spt\f07_160_132_00_t011.spt
言いたいことがあるなら、はっきり言いなさいよ！,"If you have something to say, say it clearly!",romfs\story\spt\f07_160_132_00_t011.spt
４人バージョンのでずっと練習してたんだよ。,I've been practicing with the four-person version for a long time.,romfs\story\spt\f07_160_132_00_t011.spt
この舞台が終わったら、すぐに探検部に戻る。,"As soon as this stage is over, I will return to the Exploration Department.",romfs\story\spt\f07_160_132_00_t021.spt
だってあたしもう…,Because I'm already...,romfs\story\spt\f07_160_132_00_t021.spt
今だけだからね。,It's just for now.,romfs\story\spt\f07_160_132_00_t021.spt
探検部の一員だから。,I'm a member of the exploration club.,romfs\story\spt\f07_160_132_00_t021.spt
マイン_メダ1,Mine_Meda1,romfs\story\spt\f07_170_132_00.spt
リョウマ_メダ1,Ryoma_Meda1,romfs\story\spt\f07_170_132_00.spt
探検部長_メダ1,Director of Exploration_Meda1,romfs\story\spt\f07_170_132_00.spt
生徒女3年_F_メダ,Student Woman 3_F_Meda,romfs\story\spt\f07_170_132_00.spt
は～い、みなさん,"Hi, everyone!",romfs\story\spt\f07_170_132_00_t011.spt
今年のＭＥＤＡ学アイドルフェスティバルも,This year's MEDA Gaku Idol Festival is also,romfs\story\spt\f07_170_132_00_t011.spt
声援ありがと～！,Thanks for the cheer!,romfs\story\spt\f07_170_132_00_t011.spt
楽しんでもらえてたら、手元のウチワを――,"If you enjoyed it, the Uchiwa in your hand--",romfs\story\spt\f07_170_132_00_t011.spt
楽しんでもらえてますか～？,Are you having fun~?,romfs\story\spt\f07_170_132_00_t011.spt
残すところ１曲となりました～！,There is only one song left~!,romfs\story\spt\f07_170_132_00_t011.spt
やあ、うまくやったみたいだね。,"Hey, looks like you did well.",romfs\story\spt\f07_170_132_00_t012.spt
あっちはもう大丈夫なんですか？,Is everything OK over there now?,romfs\story\spt\f07_170_132_00_t013.spt
これでまた、しばらくはもつでしょー。,This will last for a while again.,romfs\story\spt\f07_170_132_00_t013.spt
それはごくろうさまでした。,That was very good.,romfs\story\spt\f07_170_132_00_t013.spt
ちょうど１２８人にパスワード渡しましたー！,Just 128 people have been given the password!,romfs\story\spt\f07_170_132_00_t013.spt
どうかな、明日になったら忘れてるかもしれんな。,"I don't know, maybe tomorrow I'll have forgotten.",romfs\story\spt\f07_170_132_00_t013.spt
なんかそれ、つい最近も,"Something like that, just recently.",romfs\story\spt\f07_170_132_00_t013.spt
へえ～。,Heh.,romfs\story\spt\f07_170_132_00_t013.spt
ぼくはどっちでもいいけどね。,I don't care either way.,romfs\story\spt\f07_170_132_00_t013.spt
ま、とりあえず実績は作れたから。,"Well, at least we've made an achievement.",romfs\story\spt\f07_170_132_00_t013.spt
みんな使いますかねー。,I wonder if people will use it.,romfs\story\spt\f07_170_132_00_t013.spt
ロボトルなしで配りまくっちゃったよ。,I handed them out all over the place without robottles.,romfs\story\spt\f07_170_132_00_t013.spt
ロマンチックなこと言うねえ。,That's a romantic thing to say.,romfs\story\spt\f07_170_132_00_t013.spt
夜店でとった景品みたいにな。,Like the prizes you get at night stalls.,romfs\story\spt\f07_170_132_00_t013.spt
大人気すぎてキリがないから,It's too popular and there's no end to it.,romfs\story\spt\f07_170_132_00_t013.spt
聞いた気がするんですけど――,I think I heard--,romfs\story\spt\f07_170_132_00_t013.spt
いよいよか。,Finally.,romfs\story\spt\f07_170_132_00_t014.spt
マト当てなしで配りまくっちゃったよ。,I gave out a lot of money without any mato guesses.,romfs\story\spt\f07_170_132_00_t113.spt
生徒女1年_D退室,"Student Woman, 1st year_D Exit",romfs\story\spt\f08_010_117_00.spt
生徒男1年_D退室,"Student male, 1st year_D, leaving the room",romfs\story\spt\f08_010_117_00.spt
それじゃあみんなー、また明日！,"Well then, everyone, I'll see you tomorrow!",romfs\story\spt\f08_010_117_00_t011.spt
はい、今日はここまでね。,"Yes, that's it for today.",romfs\story\spt\f08_010_117_00_t011.spt
わたしも急がなくっちゃ！,I have to hurry too!,romfs\story\spt\f08_010_117_00_t031.spt
ぼ、ぼくもー！,Me too!,romfs\story\spt\f08_010_117_00_t041.spt
ミオ付近1,Near Mio 1,romfs\story\spt\f08_020_117_00.spt
…さてと、あたしも部室に行こうかしら。,"Well, I think I'll go to the club room too.",romfs\story\spt\f08_020_117_00_t011.spt
あいつら全員メダリア探しに行く気でしょ？,"They're all going to go looking for medallions, aren't they?",romfs\story\spt\f08_020_117_00_t011.spt
あらら、あっという間にいなくなっちゃった…,"Oops, they were gone in a flash...",romfs\story\spt\f08_020_117_00_t011.spt
あんたも早く来なさいよね。,"You should come too, as soon as you can.",romfs\story\spt\f08_020_117_00_t011.spt
この分だと、すぐになくなっちゃうかもね～。,"At this rate, they may run out soon!",romfs\story\spt\f08_020_117_00_t011.spt
レスキュー部の近く,Near Rescue Dept.,romfs\story\spt\f08_040_333_00.spt
あいかわらずマジメだねえ。,You are as serious as ever.,romfs\story\spt\f08_040_333_00_t011.spt
いざというときの備えにな。,In case of emergency.,romfs\story\spt\f08_040_333_00_t011.spt
いや、登坂訓練中だ。,"No, he is training to climb hills.",romfs\story\spt\f08_040_333_00_t011.spt
きみたちもメダリア探し？,Are you guys looking for medallions too?,romfs\story\spt\f08_040_333_00_t011.spt
やあアインベッカーくん。,Hello Mr. Einbecker.,romfs\story\spt\f08_040_333_00_t011.spt
よう探検部。,"Yo, Exploratorium.",romfs\story\spt\f08_040_333_00_t011.spt
その言い草…,That's not what I meant...,romfs\story\spt\f08_045_320_00_t011.spt
そんなんロボトルに決まってんだろ？,"Of course that's what a robattle is for, right?",romfs\story\spt\f08_045_320_00_t011.spt
なにをだよ？,What?,romfs\story\spt\f08_045_320_00_t011.spt
ほら、さっさと始めようぜ！,"Come on, let's get started!",romfs\story\spt\f08_045_320_00_t011.spt
まあまあまあまあ、いいからさっそく始めようぜ。,"Well, well, well, well, just get on with it.",romfs\story\spt\f08_045_320_00_t011.spt
やっぱり来たかヒマ人め。,"I knew you'd come, you Himawari.",romfs\story\spt\f08_045_320_00_t011.spt
試したくてウズウズしてたんだよ。,I've been itching to try it.,romfs\story\spt\f08_045_320_00_t011.spt
こんどこそキッチリ結着つけてやるぜ！,"This time, I'm going to make sure it gets done right!",romfs\story\spt\f08_045_320_10_t011.spt
よ～し来いよ！,"Come on, come on!",romfs\story\spt\f08_045_320_10_t011.spt
しゃーない、また探すか。,"Oh well, let's look for it again.",romfs\story\spt\f08_045_320_10_t021.spt
せっかくスゲーの見つけたと思ったのによ…,I thought I found a great one...,romfs\story\spt\f08_045_320_10_t021.spt
ちぇ、なんだよ,Shit. What the hell?,romfs\story\spt\f08_045_320_10_t021.spt
てんで使えねーじゃねえか。,It's totally useless.,romfs\story\spt\f08_045_320_10_t021.spt
やるわ、これ。,I'll do it.,romfs\story\spt\f08_045_320_10_t021.spt
部長の目をぬすんでチマチマ探して,Look for the chiseled eyes of the director.,romfs\story\spt\f08_045_320_10_t021.spt
いいよなーお前は好きなだけメダリア探せてよ。,It's nice - you can look for as many medallions as you want.,romfs\story\spt\f08_045_320_10_t031.spt
この借りはぜってー返してやるからな！,I'll pay you back every penny I owe you!,romfs\story\spt\f08_045_320_10_t031.spt
だが見てろ。,But watch.,romfs\story\spt\f08_045_320_10_t031.spt
オレだって時間さえあれば…　くそ。,If I only had more time... Damn.,romfs\story\spt\f08_045_320_10_t031.spt
笑うな！,Don't laugh!,romfs\story\spt\f08_045_320_10_t031.spt
クレーター周辺,Around the crater,romfs\story\spt\f08_050_400_00.spt
メダリア回収,Medalia Recovery,romfs\story\spt\f08_050_400_00.spt
これもメダリア反応なのかっ？,Is this also a medallion reaction?,romfs\story\spt\f08_050_400_00_t011.spt
すごい数…,A lot of them...,romfs\story\spt\f08_050_400_00_t011.spt
なにこの音？,What's that sound?,romfs\story\spt\f08_050_400_00_t011.spt
なんだこれ…,What the hell...,romfs\story\spt\f08_050_400_00_t011.spt
または質…？,Or quality...?,romfs\story\spt\f08_050_400_00_t011.spt
わ…,Wa...,romfs\story\spt\f08_050_400_00_t011.spt
モニターを見てみろ。,Look at the monitor.,romfs\story\spt\f08_050_400_00_t011.spt
強力な発信源があるってことです。,It means there is a powerful source of transmission.,romfs\story\spt\f08_050_400_00_t011.spt
近くに、すごい数または質のメダリアがあります！,There are a great number or quality of medallias nearby!,romfs\story\spt\f08_050_400_00_t011.spt
クエストボス,quest boss,romfs\story\spt\f08_060_400_00.spt
マイン周回,Mine Circuit,romfs\story\spt\f08_060_400_00.spt
う～。,Umm~.,romfs\story\spt\f08_060_400_00_t012.spt
これだけ？,Is this all?,romfs\story\spt\f08_060_400_00_t012.spt
ちゃんと拾った？,Did you pick it up right?,romfs\story\spt\f08_060_400_00_t012.spt
へんだねー。,That's strange.,romfs\story\spt\f08_060_400_00_t012.spt
まだ残ってるんじゃないの？,I thought you still had some left.,romfs\story\spt\f08_060_400_00_t012.spt
反応が消えない…,Reaction won't go away...,romfs\story\spt\f08_060_400_00_t012.spt
故障かな。,I wonder if it's a malfunction.,romfs\story\spt\f08_060_400_00_t012.spt
…そんな感じだね。,...something like that.,romfs\story\spt\f08_060_400_00_t013.spt
どうするの？,What are you going to do?,romfs\story\spt\f08_060_400_00_t013.spt
地下かっ？,Underground?,romfs\story\spt\f08_060_400_00_t013.spt
掘ってみるとか？,Maybe try digging?,romfs\story\spt\f08_060_400_00_t013.spt
…おい。,...Hey.,romfs\story\spt\f08_060_400_00_t015.spt
あ？　…ああ、そうだ。,"Oh?　...Oh, yeah.",romfs\story\spt\f08_060_400_00_t015.spt
いくつかのポイントで反応を計測しました。,Responses were measured at several points.,romfs\story\spt\f08_060_400_00_t015.spt
ここがクレーターのほぼド真ん中になると思う。,I think this is almost the center of the crater.,romfs\story\spt\f08_060_400_00_t015.spt
ここって確かイン石の跡地――,I believe this is the site of an in-stone--,romfs\story\spt\f08_060_400_00_t015.spt
こんなに残ってるって、どういうことだ？,What do you mean there's so much left?,romfs\story\spt\f08_060_400_00_t015.spt
つまり…,I mean...,romfs\story\spt\f08_060_400_00_t015.spt
つまりクレーターだよね？,"I mean, it's a crater, right?",romfs\story\spt\f08_060_400_00_t015.spt
なのかもしれないね。,I guess it might be.,romfs\story\spt\f08_060_400_00_t015.spt
なるほど、なるほどー。,I see...I see.,romfs\story\spt\f08_060_400_00_t015.spt
ねえリョウマくん。,"Hey, Ryoma-kun.",romfs\story\spt\f08_060_400_00_t015.spt
ひゃ、ひゃくはちじゅうめ～とるって、あんた…,"You're the one who said, ""I'll take a hundred and eighty-five...",romfs\story\spt\f08_060_400_00_t015.spt
ひょっとしたら、これが…,Perhaps this is...,romfs\story\spt\f08_060_400_00_t015.spt
スコップごときじゃ、どうにもなんないですね。,A shovel won't help.,romfs\story\spt\f08_060_400_00_t015.spt
メダリア反応はこの真下または真上です。,The medallia reaction is directly below or above this.,romfs\story\spt\f08_060_400_00_t015.spt
メダリウム…,Medarium...,romfs\story\spt\f08_060_400_00_t015.spt
周囲の地形から察するに,The surrounding terrain suggests,romfs\story\spt\f08_060_400_00_t015.spt
大昔のだからそうはっきりしたものじゃないが…,"It was a long time ago, so it's not so clear cut, but...",romfs\story\spt\f08_060_400_00_t015.spt
差分から距離を計算しました。,Distance was calculated from the difference.,romfs\story\spt\f08_060_400_00_t015.spt
距離およそ１８０メートルです。,The distance is approximately 180 meters.,romfs\story\spt\f08_060_400_00_t015.spt
鉱山は枯渇したって話じゃなかったのか？,I thought you said the mine was depleted.,romfs\story\spt\f08_060_400_00_t015.spt
「あった」なのかは、わからないけどね。,"I don't know if it was ""there.""",romfs\story\spt\f08_060_400_00_t016.spt
「ある」なのか,"""Yes.""",romfs\story\spt\f08_060_400_00_t016.spt
さもなきゃ仮説が間違ってるか,Or else the hypothesis is wrong.,romfs\story\spt\f08_060_400_00_t016.spt
じゃあこれ、関係ないのかな、その――,Then I guess this doesn't have anything to do with the--,romfs\story\spt\f08_060_400_00_t016.spt
そう、そのメダリウムとは無関係の,"Yes, unrelated to that medallium.",romfs\story\spt\f08_060_400_00_t016.spt
その可能性を探る目的で研究開発されたらしいんだ。,I heard that it was researched and developed for the purpose of exploring this possibility.,romfs\story\spt\f08_060_400_00_t016.spt
それなら確かにいろいろとツジツマが…,"Well, then, there's certainly a lot to be said...",romfs\story\spt\f08_060_400_00_t016.spt
そんな大事なこと、なんで今まで黙ってたのよ。,Why didn't you tell me about such an important thing until now?,romfs\story\spt\f08_060_400_00_t016.spt
つまり、溶けだす元の――,"In other words, the original melting--",romfs\story\spt\f08_060_400_00_t016.spt
どっちかだろうと思ってたんだよ。,I figured it was one or the other.,romfs\story\spt\f08_060_400_00_t016.spt
な、なるほど,"Oh, I see.",romfs\story\spt\f08_060_400_00_t016.spt
ぼくらがメダリアと呼んでいるものは,What we call medalia,romfs\story\spt\f08_060_400_00_t016.spt
メダリアってのは本来、今ぼくらが知っているような,Medaglia is originally a kind of,romfs\story\spt\f08_060_400_00_t016.spt
メダリウム。,Medallium.,romfs\story\spt\f08_060_400_00_t016.spt
メモリークリスタルのドキュメントによれば――,According to the memory crystal documentation--,romfs\story\spt\f08_060_400_00_t016.spt
仮説が正しければ、とっくに掘りつくされてるし,"If the hypothesis were correct, it would have been dug up long ago.",romfs\story\spt\f08_060_400_00_t016.spt
何十年前の話だと思ってるの。,How many decades ago do you think it was?,romfs\story\spt\f08_060_400_00_t016.spt
再結晶化…,Recrystallization...,romfs\story\spt\f08_060_400_00_t016.spt
再結晶化したメダリアみたいなんだよ。,It's like a recrystallized medallia.,romfs\story\spt\f08_060_400_00_t016.spt
地下水に溶け出したメダリアの成分が,Medaria components dissolved in groundwater.,romfs\story\spt\f08_060_400_00_t016.spt
小さな丸い結晶ではないらしい。,They say they are not small round crystals.,romfs\story\spt\f08_060_400_00_t016.spt
少なくとも、この探知システムは,"At the very least, this detection system",romfs\story\spt\f08_060_400_00_t016.spt
探知機の設計図がおさめられていた,The blueprints for the detector were stored.,romfs\story\spt\f08_060_400_00_t016.spt
新しいメダリアの鉱脈だったり、とか…,"It could be a new medallion mine, or...",romfs\story\spt\f08_060_400_00_t016.spt
本体が島のどこかにある、と…？,"The main body is somewhere on the island, and...?",romfs\story\spt\f08_060_400_00_t016.spt
校長がひそかに埋めたとか！,The principal secretly buried it!,romfs\story\spt\f08_060_400_00_t016.spt
長い時間をかけ運ばれ集まり、再結晶化したものさ。,It is a recrystallized product that has been transported and collected over a long period of time.,romfs\story\spt\f08_060_400_00_t016.spt
い、いえ、なんでも…,"No, no, nothing...",romfs\story\spt\f08_060_400_00_t021.spt
だな…,I guess...,romfs\story\spt\f08_060_400_00_t021.spt
どうこうできる深さじゃないよ。,It's not a depth you can do anything about.,romfs\story\spt\f08_060_400_00_t021.spt
どっちみち、ここから掘って,"Either way, dig out of here.",romfs\story\spt\f08_060_400_00_t021.spt
戻ろうか。,Let's go back.,romfs\story\spt\f08_060_400_00_t021.spt
掘り出せるとしても、ここからじゃない。,"Even if we could dig it out, it wouldn't be from here.",romfs\story\spt\f08_060_400_00_t021.spt
鉱山…,Mine...,romfs\story\spt\f08_060_400_00_t021.spt
はい、クレーターで検知した強力な反応を差し引いて,"Yes, minus the strong reaction detected in the crater.",romfs\story\spt\f08_065_161_00_t011.spt
マインがまた有望なポイントを見つけたらしい。,Mine has found another promising point.,romfs\story\spt\f08_065_161_00_t011.spt
マインちゃんが？,Mine is?,romfs\story\spt\f08_065_161_00_t011.spt
メダリア探索クエストを追加しておいたぞ。,I've added a medallion exploration quest for you.,romfs\story\spt\f08_065_161_00_t011.spt
再計算しました。そしたら出てきました。,I recalculated. Then it came out.,romfs\story\spt\f08_065_161_00_t011.spt
マイン0,Mine0,romfs\story\spt\f08_070_339_00.spt
橋,bridge,romfs\story\spt\f08_070_339_00.spt
橋上,on a bridge,romfs\story\spt\f08_070_339_00.spt
橋崩,bridge collapse,romfs\story\spt\f08_070_339_00.spt
橋移動先,Bridge Movement Destination,romfs\story\spt\f08_070_339_00.spt
橋落下,bridge fall,romfs\story\spt\f08_070_339_00.spt
わっ！,Wow!,romfs\story\spt\f08_070_339_00_t011.spt
走れ！,Run!,romfs\story\spt\f08_070_339_00_t011.spt
あああああっ,aaah!,romfs\story\spt\f08_070_339_00_t012.spt
どっ、どうすんのっ？,What are you going to do?,romfs\story\spt\f08_070_339_00_t012.spt
ほかに戻れそうな道はないか調べてみよう。,Let's see if there is another way back.,romfs\story\spt\f08_070_339_00_t012.spt
メダリア入手,Medaglia obtained,romfs\story\spt\f08_080_339_00.spt
帰路探索Ａ,Return path search A,romfs\story\spt\f08_090_339_00.spt
この先は…,Beyond this point...,romfs\story\spt\f08_090_339_00_t011.spt
ものすごく下に川が見えるぞ。,You can see the river below the thing.,romfs\story\spt\f08_090_339_00_t011.spt
ダメかー。,"Oh, no.",romfs\story\spt\f08_090_339_00_t011.spt
崖か。,Cliffs.,romfs\story\spt\f08_090_339_00_t011.spt
落っこちたらバラバラになっちゃうぞ。,"If you fall off, you'll fall apart.",romfs\story\spt\f08_090_339_00_t011.spt
みんなはどうだろ、部長に相談してみようかな…,"How about you guys, I'll talk to the head of the department...",romfs\story\spt\f08_090_339_00_t021.spt
もう探すとこないなー。,I don't know where to look for it anymore.,romfs\story\spt\f08_090_339_00_t021.spt
帰路探索Ｂ,Return path search B,romfs\story\spt\f08_100_339_00.spt
あれ、ここまでしか行けないのか？,"Oh, that can only go so far?",romfs\story\spt\f08_100_339_00_t011.spt
とても登れそうにないな…,I don't think I could climb that...,romfs\story\spt\f08_100_339_00_t011.spt
目の前は岩壁…,In front of me is a rock wall...,romfs\story\spt\f08_100_339_00_t011.spt
集合,set,romfs\story\spt\f08_110_339_00.spt
えっ、ホントですか？,What? Really?,romfs\story\spt\f08_110_339_00_t011.spt
どこですっ！？,Where is it?,romfs\story\spt\f08_110_339_00_t011.spt
ほらコレ。,Here it is.,romfs\story\spt\f08_110_339_00_t011.spt
見つかったよ。,Found.,romfs\story\spt\f08_110_339_00_t011.spt
…って、ちがいます！,...and it's different!,romfs\story\spt\f08_110_339_00_t012.spt
あっ、やったあ！,"Ah, yay!",romfs\story\spt\f08_110_339_00_t012.spt
うんダメだね、どこも断崖絶壁だよ。,"Yeah no, it's a precipice everywhere.",romfs\story\spt\f08_110_339_00_t012.spt
で,"indicates certainty, emphasis, etc.",romfs\story\spt\f08_110_339_00_t012.spt
ほんのジョウダンだってば。,It's only a jodhpur.,romfs\story\spt\f08_110_339_00_t012.spt
やっぱりあの吊り橋しかないみたいだねー。,It looks like that suspension bridge is the only way to go after all!,romfs\story\spt\f08_110_339_00_t012.spt
わかってるよー,"I know, I know.",romfs\story\spt\f08_110_339_00_t012.spt
カンジンの道のほうはどうなんです？,What about the Kanjin road?,romfs\story\spt\f08_110_339_00_t012.spt
道が見つかったかどうかが知りたいんですけど！,I just want to know if you have found a way!,romfs\story\spt\f08_110_339_00_t012.spt
ああきみ、あそこの１年と,"Oh, honey, a year over there and",romfs\story\spt\f08_110_339_00_t022.spt
いやなの？,You don't like it?,romfs\story\spt\f08_110_339_00_t022.spt
こういうときのためのレスキュー部なんだから。,This is what the Rescue Department is for in times like this.,romfs\story\spt\f08_110_339_00_t022.spt
しかたないね、学校――,"Well, I guess I'll just have to go to school--",romfs\story\spt\f08_110_339_00_t022.spt
しょっちゅうやり合ってたもんねえ。,We were always fighting with each other.,romfs\story\spt\f08_110_339_00_t022.spt
ずっとオンビンだと思うよー。,I think it's on-bin all the way!,romfs\story\spt\f08_110_339_00_t022.spt
そ、そんなことないです、でも…,"Oh, no, it's not, but...",romfs\story\spt\f08_110_339_00_t022.spt
だけど状況が状況だしガマンしてよ。,"But it's a situation, and you've got to suck it up.",romfs\story\spt\f08_110_339_00_t022.spt
できれば自力で戻る方法をですね、その――,"The way to get back on your own, if you can, is to--",romfs\story\spt\f08_110_339_00_t022.spt
ですよねー。,Right?,romfs\story\spt\f08_110_339_00_t022.spt
オレ――,I'm--,romfs\story\spt\f08_110_339_00_t022.spt
スマホはつながるみたい。,The phone seems to be connected.,romfs\story\spt\f08_110_339_00_t022.spt
レスキュー部か…,Rescue Department...,romfs\story\spt\f08_110_339_00_t022.spt
レスキュー部に連絡とってみるかな。,Maybe I'll contact the Rescue Dept.,romfs\story\spt\f08_110_339_00_t022.spt
先生や生徒会に連絡とるよりも,Rather than contacting a teacher or the student council.,romfs\story\spt\f08_110_339_00_t022.spt
くんが呼んでるよ。,Mr. Kikugoro is calling for you.,romfs\story\spt\f08_110_339_00_t023.spt
行ってみたら？,Why don't you go?,romfs\story\spt\f08_110_339_00_t023.spt
ストップ,stop,romfs\story\spt\f08_120_339_00.spt
ここ見てみろ。,Look here.,romfs\story\spt\f08_120_339_00_t011.spt
道発見,road discovery,romfs\story\spt\f08_120_339_00_t011.spt
どこかにたどり着けるかも…,Maybe we can get somewhere...,romfs\story\spt\f08_120_339_00_t012.spt
ははあ、あっち側になだらかな場所があるな。,"Haha, there's a rolling area on that side.",romfs\story\spt\f08_120_339_00_t012.spt
目の前の岩場さえがんばって抜ければ,If only I could get past the rocky area in front of me.,romfs\story\spt\f08_120_339_00_t012.spt
行ってみようぜ！,Let's go!,romfs\story\spt\f08_120_339_00_t012.spt
行ってみるか？,You want to go?,romfs\story\spt\f08_120_339_00_t012.spt
じゃ、ちょっと待ってて,"Okay, I'll see you in a minute.",romfs\story\spt\f08_120_339_00_t013.spt
も～！！,Mo~!,romfs\story\spt\f08_120_339_00_t013.spt
オレ部長に――,I'm the head of the department.,romfs\story\spt\f08_120_339_00_t013.spt
待てって言ってるのに,I told you to wait.,romfs\story\spt\f08_120_339_00_t013.spt
お前も早く来い。,"You, too, come quickly.",romfs\story\spt\f08_120_339_00_t014.spt
早く来いよ～！,"Come on, come on!",romfs\story\spt\f08_120_339_00_t014.spt
岩場,rocky area,romfs\story\spt\f08_130_339_00.spt
岩場崩,cave collapse,romfs\story\spt\f08_130_339_00.spt
退路崩落,collapsing,romfs\story\spt\f08_130_339_00.spt
道崩落,road collapse,romfs\story\spt\f08_130_339_00.spt
セクター落下直後,Immediately after the sector drop,romfs\story\spt\f08_140_339_00.spt
主人公落下直後,Immediately after the fall of the protagonist,romfs\story\spt\f08_140_339_00.spt
地形,terrain,romfs\story\spt\f08_140_339_00.spt
地形崩,landslide,romfs\story\spt\f08_140_339_00.spt
地面崩落,landslide,romfs\story\spt\f08_140_339_00.spt
こら！,Hey there!,romfs\story\spt\f08_140_339_00_t011.spt
そのあとだよ！,After that!,romfs\story\spt\f08_140_339_00_t011.spt
だ、だって探検部だし…,Because we're an exploration club...,romfs\story\spt\f08_140_339_00_t011.spt
なんでお前がブチョーに相談するのだ？,Why are you consulting the bucho?,romfs\story\spt\f08_140_339_00_t011.spt
なんでお前がブチョーに相談するんだ？,Why are you consulting the bucho?,romfs\story\spt\f08_140_339_00_t011.spt
わかった、て聞こえたが？,"Okay, I heard that.",romfs\story\spt\f08_140_339_00_t011.spt
わかった、て聞こえたぞ？,"Okay, I heard that, didn't I?",romfs\story\spt\f08_140_339_00_t011.spt
オレはお前に相談したのだ。,I consulted you.,romfs\story\spt\f08_140_339_00_t011.spt
オレはお前に相談したんだぞ。,I consulted you.,romfs\story\spt\f08_140_339_00_t011.spt
勝手に行動すんな！,Don't act on your own!,romfs\story\spt\f08_140_339_00_t011.spt
勝手？,Selfish?,romfs\story\spt\f08_140_339_00_t011.spt
待てって言っただろー！,I told you to wait!,romfs\story\spt\f08_140_339_00_t011.spt
遅いぞ。,You're late.,romfs\story\spt\f08_140_339_00_t011.spt
部長に相談するから待てって言っただろ！,I told you to wait while I talked to the director!,romfs\story\spt\f08_140_339_00_t011.spt
って、そんなこと関係ないって。,"I mean, it doesn't matter.",romfs\story\spt\f08_140_339_00_t012.spt
どうやって戻るんだよ！,How do you go back?,romfs\story\spt\f08_140_339_00_t012.spt
もし強い野良メダだったらどうすんだよ！,What if it was a strong wild meda?,romfs\story\spt\f08_140_339_00_t012.spt
オマケに奥の草むらから、なんだかイヤな音するぞ。,And there's a strange sound coming from the grassy area in the back of the house.,romfs\story\spt\f08_140_339_00_t012.spt
今襲われたら、オレたちだけ――,"If they attack us now, we'll be the only ones--",romfs\story\spt\f08_140_339_00_t012.spt
危ないからだよ！,Because it's dangerous!,romfs\story\spt\f08_140_339_00_t012.spt
見ろよ来た道、ガケ崩れでふさがっちゃったぞ。,"Look, the road we came on has been blocked by a gully.",romfs\story\spt\f08_140_339_00_t012.spt
出たあっ！！,There it is!,romfs\story\spt\f08_140_339_00_t013.spt
なっ、なんだっ？,What the hell?,romfs\story\spt\f08_140_339_00_t014.spt
地面が…　崩っ！！,The ground... Collapse!,romfs\story\spt\f08_140_339_00_t014.spt
いってぇ…！,Ouch..!,romfs\story\spt\f08_140_339_00_t021.spt
あそこから落ちたのか…,You fell from there...,romfs\story\spt\f08_140_339_00_t022.spt
ロボトルの衝撃でガケが崩れたんだ。,The impact of the robottle caused the gake to collapse.,romfs\story\spt\f08_140_339_00_t022.spt
帰路探索Ｃ,Return path search C,romfs\story\spt\f08_150_339_00.spt
おっと、これ以上は進めない。,"Oops, I can't go any further.",romfs\story\spt\f08_150_339_00_t011.spt
流れが急すぎる…,The flow is too rapid...,romfs\story\spt\f08_150_339_00_t011.spt
帰路探索Ｄ,Return path search D,romfs\story\spt\f08_160_339_00.spt
うかつに入るとあっという間に流されそうだ…,"If you go in carelessly, you'll be swept away in no time...",romfs\story\spt\f08_160_339_00_t011.spt
うわ、急に深く落ち込んでるぞ。,"Wow, you're suddenly in a deep depression.",romfs\story\spt\f08_160_339_00_t011.spt
喧嘩,quarrel,romfs\story\spt\f08_170_339_00.spt
崖上,cliff top,romfs\story\spt\f08_170_339_00.spt
崖下,foot or base of a cliff,romfs\story\spt\f08_170_339_00.spt
見上げ,looking up,romfs\story\spt\f08_170_339_00.spt
ああも～、わかったよ！,Oh my gosh - I get it!,romfs\story\spt\f08_170_339_00_t011.spt
いっつも？,All the time?,romfs\story\spt\f08_170_339_00_t011.spt
お前のせいだ。,It's your fault.,romfs\story\spt\f08_170_339_00_t011.spt
お前のせいだぞ。,It's your fault.,romfs\story\spt\f08_170_339_00_t011.spt
くっついて歩かなくちゃいけないのか？,Do we have to stick together and walk?,romfs\story\spt\f08_170_339_00_t011.spt
だったらも～勝手にしろ！,Then do as you please!,romfs\story\spt\f08_170_339_00_t011.spt
なんだとー！,What the heck!,romfs\story\spt\f08_170_339_00_t011.spt
なんでいっつも,Why are you always doing this?,romfs\story\spt\f08_170_339_00_t011.spt
なんでお前の言うこと聞かなくちゃいけないのだ？,Why should I listen to you?,romfs\story\spt\f08_170_339_00_t011.spt
なんでお前の言うこと聞かなくちゃいけないんだ？,Why should I listen to you?,romfs\story\spt\f08_170_339_00_t011.spt
オレのせい？,Is it my fault?,romfs\story\spt\f08_170_339_00_t011.spt
オレはいっつもお前のうしろ,I'm always behind you.,romfs\story\spt\f08_170_339_00_t011.spt
セッシャはいっつもお前のうしろ,Sesha is always behind you.,romfs\story\spt\f08_170_339_00_t011.spt
マスターの言うこと聞かないんだよ！,They don't listen to the master!,romfs\story\spt\f08_170_339_00_t011.spt
ロボトルでもないのに,I'm not even a robattle.,romfs\story\spt\f08_170_339_00_t011.spt
勝手な行動したのはお前じゃないか！,You're the one who acted selfishly!,romfs\story\spt\f08_170_339_00_t011.spt
落ちたのは、お前がランボーに飛び跳ねたからだ。,I fell because you jumped on the Rambo.,romfs\story\spt\f08_170_339_00_t011.spt
落ちたのは、お前がランボーに飛び跳ねたからだぞ。,You fell off the roof because you jumped on the Rambo.,romfs\story\spt\f08_170_339_00_t011.spt
～～～くっ！,~~~~kk!,romfs\story\spt\f08_170_339_00_t011.spt
ああ、勝手に行動するぞ。,"Yeah, I'll act on my own.",romfs\story\spt\f08_170_339_00_t012.spt
ロボトルだって勝手にするんだからな！,Even robattles do it on their own!,romfs\story\spt\f08_170_339_00_t012.spt
いたら返事しろー！！,"If you're there, answer me!",romfs\story\spt\f08_170_339_00_t014.spt
だれかいるかー！？,Is anyone there!,romfs\story\spt\f08_170_339_00_t014.spt
おーい！！！,Hey!,romfs\story\spt\f08_170_339_00_t015.spt
スリング巻き付け完了！,Sling wrapping complete!,romfs\story\spt\f08_170_339_00_t016.spt
支点の確認！,Check the fulcrum!,romfs\story\spt\f08_170_339_00_t016.spt
救助開始！,Rescue begins!,romfs\story\spt\f08_170_339_00_t016.spt
遭難者発見！,A person in distress is found!,romfs\story\spt\f08_170_339_00_t016.spt
降下します！,Descending!,romfs\story\spt\f08_170_339_00_t016.spt
３点確保！,3 points secured!,romfs\story\spt\f08_170_339_00_t016.spt
だ、大丈夫です。,"No, it's okay.",romfs\story\spt\f08_170_339_00_t021.spt
では戻るぞ。,Now let's go back.,romfs\story\spt\f08_170_339_00_t021.spt
よし！,All right!,romfs\story\spt\f08_170_339_00_t021.spt
了解！,Copy!,romfs\story\spt\f08_170_339_00_t021.spt
怪我はないか？,Are you hurt?,romfs\story\spt\f08_170_339_00_t021.spt
しかしだ。,But.,romfs\story\spt\f08_180_113_00_t011.spt
レスキュー部に感謝するんだな。,You have the Rescue Department to thank for that.,romfs\story\spt\f08_180_113_00_t011.spt
全員ケガもなく無事でよかった。,I'm glad they were all safe and uninjured.,romfs\story\spt\f08_180_113_00_t011.spt
ひとつ。,One.,romfs\story\spt\f08_180_113_00_t012.spt
多く寄せられるようになった。,Many have been received.,romfs\story\spt\f08_180_113_00_t012.spt
最近、生徒たちを心配する先生がたの声が,"Recently, teachers are concerned about their students.",romfs\story\spt\f08_180_113_00_t012.spt
授業にも身が入っていない様子だが大丈夫かとの声。,He asked if it was okay that he didn't seem to be getting into the classroom.,romfs\story\spt\f08_180_113_00_t013.spt
生徒たちがメダリア探しに夢中で,The students were so engrossed in the search for the medallia,romfs\story\spt\f08_180_113_00_t013.spt
このままではなにか起こりはしないかと危ぶむ声。,Some people were concerned that something might happen if the situation continued as it was.,romfs\story\spt\f08_180_113_00_t014.spt
しかも騒ぎの元である探検部の遭難とは――,"And what's more, the source of all the commotion, the expedition team, is in distress.",romfs\story\spt\f08_180_113_00_t014.spt
そろそろなにか手を打たねばと頭を悩ませていた,I was thinking that it was time to do something about it.,romfs\story\spt\f08_180_113_00_t014.spt
危険な場所に入り込む生徒たちが増え,More and more students enter dangerous places.,romfs\story\spt\f08_180_113_00_t014.spt
矢先の、このアクシデントだ。,"Just then, this accident happened.",romfs\story\spt\f08_180_113_00_t014.spt
あきれて言葉も出ん。,I am speechless.,romfs\story\spt\f08_180_113_00_t015.spt
笑うな！！,Don't laugh!,romfs\story\spt\f08_180_113_00_t015.spt
えーっ。,Ew.,romfs\story\spt\f08_180_113_00_t016.spt
これ以上、元凶を野放しにしておくことはできん。,We cannot let the source go unchecked any longer.,romfs\story\spt\f08_180_113_00_t016.spt
ございません。,There is no such thing.,romfs\story\spt\f08_180_113_00_t016.spt
しかし、生徒たちの安全が脅かされる問題となれば,But if it becomes an issue that threatens the safety of students,romfs\story\spt\f08_180_113_00_t016.spt
それから――,And then--,romfs\story\spt\f08_180_113_00_t016.spt
わたしとて学生のひとりだ。,I am a student myself.,romfs\story\spt\f08_180_113_00_t016.spt
体育祭の準備には探検部も参加してもらう。,The exploration club will be asked to participate in the preparation of the gymnastic festival.,romfs\story\spt\f08_180_113_00_t016.spt
探知アプリの利用禁止を検討する。,Consider banning the use of detection applications.,romfs\story\spt\f08_180_113_00_t016.spt
正式な決定が下るまでアプリは使用禁止だ。,The app is off limits until a formal decision is made.,romfs\story\spt\f08_180_113_00_t016.spt
言いたいことはあるか？,Do you have anything to say?,romfs\story\spt\f08_180_113_00_t016.spt
話は別。,The story is different.,romfs\story\spt\f08_180_113_00_t016.spt
課外活動の選択肢を狭めることは本意ではない。,It is not our intention to limit the options for extracurricular activities.,romfs\story\spt\f08_180_113_00_t016.spt
黙れ。,Shut up.,romfs\story\spt\f08_180_113_00_t016.spt
このていどの奉仕活動は当然のこと。,This level of service is a given.,romfs\story\spt\f08_180_113_00_t017.spt
ただでさえ、メダリアラッシュとやらのせいで,Even just because of the medallion rush and all that.,romfs\story\spt\f08_180_113_00_t017.spt
はーい！,Hai!,romfs\story\spt\f08_180_113_00_t017.spt
体育祭の準備は大幅に遅れているのだ。,Preparations for the gymnasium are running far behind schedule.,romfs\story\spt\f08_180_113_00_t017.spt
加えてこの騒ぎ。,Plus all this fuss.,romfs\story\spt\f08_180_113_00_t017.spt
当日は早朝、開始時間の３０分前には,"Early in the morning on the day of the event, 30 minutes before the start time.",romfs\story\spt\f08_180_113_00_t017.spt
所定の場所に集合するように。,Please assemble at the designated location.,romfs\story\spt\f08_180_113_00_t017.spt
返事！,Reply!,romfs\story\spt\f08_180_113_00_t017.spt
遅刻は許さん。,No tardiness will be tolerated.,romfs\story\spt\f08_180_113_00_t017.spt
主人公_私服,Main character_Private Clothes,romfs\story\spt\f09_010_151_00.spt
起きなきゃ…,I gotta get up...,romfs\story\spt\f09_010_151_00_t011.spt
島表示,island display,romfs\story\spt\f09_020_102_00.spt
島非表示,island hiding,romfs\story\spt\f09_020_102_00.spt
早朝視点エンド,Early morning viewpoint end,romfs\story\spt\f09_020_102_00.spt
生徒会長_メダ,Student body president_meda,romfs\story\spt\f09_020_102_00.spt
資材箱,suggestion box,romfs\story\spt\f09_020_102_00.spt
ガムテ…,Gum Te...,romfs\story\spt\f09_020_102_00_t012.spt
ガムテないんですけど。,I don't have a gamete.,romfs\story\spt\f09_020_102_00_t012.spt
ガムテープなら、そこのハコだよ。,"If you're looking for gumdrops, there's a hacksaw right there.",romfs\story\spt\f09_020_102_00_t012.spt
見てみてよ。,Take a look.,romfs\story\spt\f09_020_102_00_t012.spt
…あれ、もうなくなっちゃったの？,"...Oh, is it gone already?",romfs\story\spt\f09_020_102_00_t013.spt
ないです。,There is no such thing.,romfs\story\spt\f09_020_102_00_t013.spt
ヒョウガ。,Hyoga.,romfs\story\spt\f09_020_102_00_t013.spt
早いなあ！,That was quick!,romfs\story\spt\f09_020_102_00_t013.spt
おや、そういえば。,"Oh, by the way.",romfs\story\spt\f09_020_102_00_t014.spt
お呼びでしょうか。,You wanted to see me?,romfs\story\spt\f09_020_102_00_t014.spt
しかたない、ぼくが取りに行きましょう。,"I have no choice, I'll go get it.",romfs\story\spt\f09_020_102_00_t014.spt
今は手が放せないんで、もう少ししたら――,"I can't let go right now, so in a little while--",romfs\story\spt\f09_020_102_00_t014.spt
注文した備品が見当たらない。,I cannot find the equipment I ordered.,romfs\story\spt\f09_020_102_00_t014.spt
用務員さんが届けてくれるはずなのですが…,The janitors are supposed to deliver them...,romfs\story\spt\f09_020_102_00_t014.spt
おい――,Hey--,romfs\story\spt\f09_020_102_00_t015.spt
ねえきみ、ぼくの代わりに港に行って,"Hey, you, go to the harbor for me.",romfs\story\spt\f09_020_102_00_t015.spt
ガムテープもその荷物に入ってるから、ついでにさ。,"Gummed tape is also in that package, just for the heck of it.",romfs\story\spt\f09_020_102_00_t015.spt
港ですね？,A port?,romfs\story\spt\f09_020_102_00_t015.spt
生徒会って言えば、すぐに渡してくれるよ。,"If you tell them you're a student, they'll give it to you right away.",romfs\story\spt\f09_020_102_00_t015.spt
用務員さんから荷物を受け取ってきてくれないか？,Could you pick up the package from the janitor?,romfs\story\spt\f09_020_102_00_t015.spt
ちぇ。,Chit.,romfs\story\spt\f09_020_102_00_t017.spt
どうしたんだい？,What's wrong?,romfs\story\spt\f09_020_102_00_t017.spt
まだ怒ってんのか、あいつ…,"You're still mad at him, that guy...",romfs\story\spt\f09_020_102_00_t017.spt
港でしたよね。,"It was a port, wasn't it?",romfs\story\spt\f09_020_102_00_t017.spt
行ってきま～す！,I'm off!,romfs\story\spt\f09_020_102_00_t017.spt
がいない…,There is no...,romfs\story\spt\f09_020_102_00_t021.spt
これじゃロボトルできないよ。,You can't robattle with this.,romfs\story\spt\f09_020_102_00_t021.spt
戻ろう。,Let's go back.,romfs\story\spt\f09_020_102_00_t021.spt
こっちはビーチか。,This one's a beach.,romfs\story\spt\f09_020_500_00_t011.spt
もいないのに,Even though there is no,romfs\story\spt\f09_020_500_00_t011.spt
行ってもしょうがないな…,I don't think I should go...,romfs\story\spt\f09_020_500_00_t011.spt
道前,roadside,romfs\story\spt\f09_025_230_00.spt
いちゃいちゃしてたんじゃないロボよ。,I wasn't flirting with a robot.,romfs\story\spt\f09_025_230_00_t011.spt
そうロボ。ここは通行止めロボ。,Yes Robo. This is a roadblock robot.,romfs\story\spt\f09_025_230_00_t011.spt
よい子はあっち行くロボ。,"Good kids go that way, robot.",romfs\story\spt\f09_025_230_00_t011.spt
わ、びっくりした。,"Wow, I was surprised.",romfs\story\spt\f09_025_230_00_t011.spt
セクシーなお姉さんとの約束ロボよ～。,I'm a promised robot with a sexy sister!,romfs\story\spt\f09_025_230_00_t011.spt
ロボロボ団ザコ女7,Rubberobo-Dan Zako-Woman 7,romfs\story\spt\f09_025_230_00_t011.spt
ロボロボ団ザコ男7,Rubberobo-Dan Zako-Man 7,romfs\story\spt\f09_025_230_00_t011.spt
交通整理のお仕事中ロボ。,Lobo at work in traffic control.,romfs\story\spt\f09_025_230_00_t011.spt
今朝の会議でそう決まったロボ。,"That's what was decided at the meeting this morning, Lobo.",romfs\story\spt\f09_025_230_00_t011.spt
ロボロボ団ザコ女1,Rubberobo-Dan Zako Woman 1,romfs\story\spt\f09_030_500_00.spt
ロボロボ団ザコ女2,Rubberobo-Dan Zako Woman 2,romfs\story\spt\f09_030_500_00.spt
ロボロボ団ザコ女3,Rubberobo-Dan Zako-Woman 3,romfs\story\spt\f09_030_500_00.spt
ロボロボ団ザコ男1,Rubberobo-Dan Zako-Man 1,romfs\story\spt\f09_030_500_00.spt
ロボロボ団ザコ男2,Rubberobo-Dan Zako-Man 2,romfs\story\spt\f09_030_500_00.spt
ロボロボ団鉱山へ,To Rubberobo Mine,romfs\story\spt\f09_030_500_00.spt
ロボロボ団長カメラ,Rubberobo Commander Camera,romfs\story\spt\f09_030_500_00.spt
ロボロボ整列1,Roborobo Alignment 1,romfs\story\spt\f09_030_500_00.spt
ロボロボ整列2,Roborobo Alignment 2,romfs\story\spt\f09_030_500_00.spt
ロボロボ整列4,Roborobo Alignment 4,romfs\story\spt\f09_030_500_00.spt
ロボロボ整列5,Roborobo Alignment 5,romfs\story\spt\f09_030_500_00.spt
ロボロボ整列6,Roborobo Alignment 6,romfs\story\spt\f09_030_500_00.spt
ロボロボ整列カメラ,Roborobo Alignment Camera,romfs\story\spt\f09_030_500_00.spt
ロボロボ船カメラ,Robo Robo Ship Camera,romfs\story\spt\f09_030_500_00.spt
上陸団員1,Landing party member 1,romfs\story\spt\f09_030_500_00.spt
上陸団員2,Landing party member 2,romfs\story\spt\f09_030_500_00.spt
上陸団員3,Landing party member 3,romfs\story\spt\f09_030_500_00.spt
上陸団員4,Landing party member 4,romfs\story\spt\f09_030_500_00.spt
上陸団員5,Landing party member 5,romfs\story\spt\f09_030_500_00.spt
上陸団員6,Landing party member 6,romfs\story\spt\f09_030_500_00.spt
上陸団員7,Landing party member 7,romfs\story\spt\f09_030_500_00.spt
教頭とロボロボ団,The vice principal and the Rubberobos,romfs\story\spt\f09_030_500_00.spt
教頭とロボロボ団スタート,Head teacher and Rubberobo group start,romfs\story\spt\f09_030_500_00.spt
教頭学校へ,Head teacher to school,romfs\story\spt\f09_030_500_00.spt
教頭学校へ始点,Starting point to the vice principal school,romfs\story\spt\f09_030_500_00.spt
金網_閉,Wire mesh_closed,romfs\story\spt\f09_030_500_00.spt
金網_開,Wire mesh _open,romfs\story\spt\f09_030_500_00.spt
あれ、は…,"Oh, that...",romfs\story\spt\f09_030_500_00_t012.spt
教頭先生！？,Head teacher!,romfs\story\spt\f09_030_500_00_t013.spt
あいつら前に見たことあるぞ。,I've seen those guys before.,romfs\story\spt\f09_030_500_00_t014.spt
あの船なんだろう？,What is that boat?,romfs\story\spt\f09_030_500_00_t014.spt
あの黒服たちはいったい――　いや。,What the heck were those black suits doing - no.,romfs\story\spt\f09_030_500_00_t014.spt
こんな朝早くに、なにやってるんだ？,What are you doing here so early in the morning?,romfs\story\spt\f09_030_500_00_t014.spt
ていうか…,I mean...,romfs\story\spt\f09_030_500_00_t014.spt
なに話してるんだろう？,What are they talking about?,romfs\story\spt\f09_030_500_00_t014.spt
確か――,As I recall--,romfs\story\spt\f09_030_500_00_t014.spt
あのポンコツにリベンジだロボ！,"Revenge on that clunker, Robo!",romfs\story\spt\f09_030_500_00_t022.spt
こんどこそ,this time,romfs\story\spt\f09_030_500_00_t022.spt
ロボ～！,Lobo~!,romfs\story\spt\f09_030_500_00_t022.spt
行くロボ！,A robot that goes!,romfs\story\spt\f09_030_500_00_t022.spt
あっちは鉱山かな？,Is it a mine over there?,romfs\story\spt\f09_030_500_00_t031.spt
すると、ポンコツロボっていうのは――,"And then, the clunker robot...",romfs\story\spt\f09_030_500_00_t031.spt
どこに行く気だろう？,Where do you think he's going?,romfs\story\spt\f09_030_500_00_t031.spt
メタビーのことかっ！？,You mean Metabee!,romfs\story\spt\f09_030_500_00_t032.spt
ロクショウのことかっ！？,You mean Rokusho!,romfs\story\spt\f09_030_500_00_t032.spt
鉱山口のメダロットかっ！？,Is that a medallion at the mouth of the mine?,romfs\story\spt\f09_030_500_00_t033.spt
港から学校へ,Port to School,romfs\story\spt\f09_040_102_00.spt
あ、探検部のみなさんでしたら――,"Oh, if you're in the exploration club...",romfs\story\spt\f09_040_102_00_t011.spt
い、いえあの――,"No, no, no.",romfs\story\spt\f09_040_102_00_t011.spt
うちの部員たちは、どこに？,Where are our club members?,romfs\story\spt\f09_040_102_00_t011.spt
おかえりなさ～い！,Welcome back!,romfs\story\spt\f09_040_102_00_t011.spt
おや、どうしたんだい？,"Oh, what's the matter?",romfs\story\spt\f09_040_102_00_t011.spt
きっとすぐ戻ってくると思いますよぉ～、はい。,"I'm sure they will be back soon, yes?",romfs\story\spt\f09_040_102_00_t011.spt
さ、さぁ、それはわからないけどぉ。,"Well, come on, I don't know about that.",romfs\story\spt\f09_040_102_00_t011.spt
すまない、荷物さっき届いちゃったんだ。,"Sorry, my package just arrived.",romfs\story\spt\f09_040_102_00_t011.spt
そろってどっかに出かけましたよぉ。,We went out somewhere together.,romfs\story\spt\f09_040_102_00_t011.spt
どこへ出かけたんですかっ？,Where did you go?,romfs\story\spt\f09_040_102_00_t011.spt
どっか…,Somewhere...,romfs\story\spt\f09_040_102_00_t011.spt
はい、あの――,"Yes, um--",romfs\story\spt\f09_040_102_00_t011.spt
怒っているのかい？,Are you angry?,romfs\story\spt\f09_040_102_00_t011.spt
港の店員さんが学校まで来てくれて――,The port clerk came to the school and--,romfs\story\spt\f09_040_102_00_t011.spt
生徒会長からなにか頼まれて,The student body president asked me to do something for him.,romfs\story\spt\f09_040_102_00_t011.spt
用務員さんに聞きました？,Did you ask the janitor?,romfs\story\spt\f09_040_102_00_t011.spt
部員たち…　はて。,Members of the club... hatchet.,romfs\story\spt\f09_040_102_00_t011.spt
メタビー停止,Metabee stop,romfs\story\spt\f09_050_230_00.spt
メタビー対ロボロボ団,Metabee vs. the Rubberobo Gang,romfs\story\spt\f09_050_230_00.spt
ロボロボ団ザコ女4,Rubberobo-Dan Zako Woman 4,romfs\story\spt\f09_050_230_00.spt
ロボロボ団ザコ女5,Rubberobo-Dan Zako Woman 5,romfs\story\spt\f09_050_230_00.spt
ロボロボ団ザコ女6,Rubberobo-Dan Zako-Woman 6,romfs\story\spt\f09_050_230_00.spt
ロボロボ団ザコ男3,Rubberobo-Dan Zako-Man 3,romfs\story\spt\f09_050_230_00.spt
ロボロボ団ザコ男4,Rubberobo-Dan Zako-Man 4,romfs\story\spt\f09_050_230_00.spt
ロボロボ団ザコ男5,Rubberobo-Dan Zako-Man 5,romfs\story\spt\f09_050_230_00.spt
ロボロボ団ザコ男6,Rubberobo-Dan Zako-Man 6,romfs\story\spt\f09_050_230_00.spt
物陰,hiding,romfs\story\spt\f09_050_230_00.spt
転入生の正体,Identity of the transfer student,romfs\story\spt\f09_050_230_00.spt
ロボ。,Robo.,romfs\story\spt\f09_050_230_00_t012.spt
久しぶりね。,It's been a while.,romfs\story\spt\f09_050_230_00_t012.spt
今回はそうカンタンにはいかないわよ？,"It's not going to be so easy this time, okay?",romfs\story\spt\f09_050_230_00_t012.spt
いくら倒されても変わりはいるもの作戦だロボ。,"No matter how many times they are defeated, there are always changes.",romfs\story\spt\f09_050_230_00_t013.spt
それだけじゃないロボ。,"That's not all, Robo.",romfs\story\spt\f09_050_230_00_t013.spt
メダロット技術の粋を集めた,The best of medallion technology,romfs\story\spt\f09_050_230_00_t013.spt
今回は予算たっぷりロボ。,"This time, a robot with plenty of budget.",romfs\story\spt\f09_050_230_00_t013.spt
強～い先生もお呼びしているロボ。,A strong teacher is also invited to the robot.,romfs\story\spt\f09_050_230_00_t013.spt
旧式ボディのお前に勝ち目はないんだロボ～！,"You don't stand a chance with your old body, Lobo~!",romfs\story\spt\f09_050_230_00_t013.spt
質でも量でも圧倒ロボ！,Overwhelming robot in both quality and quantity!,romfs\story\spt\f09_050_230_00_t013.spt
超最新式のロボトル特化メダロットだロボ。,"It's an ultra-modern, robattle-specific medallion, robot.",romfs\story\spt\f09_050_230_00_t013.spt
さっすが先生ロボ！,That's a great teacher robot!,romfs\story\spt\f09_050_230_00_t031.spt
めちゃくちゃ強いロボ～！,A very strong robot!,romfs\story\spt\f09_050_230_00_t031.spt
やったやった勝ったロボ～！,"Yay Yay Yay, we won, Lobo~!",romfs\story\spt\f09_050_230_00_t031.spt
リベンジ完了ロボ！,Revenge complete robot!,romfs\story\spt\f09_050_230_00_t032.spt
…ロボ？,...robot?,romfs\story\spt\f09_050_230_00_t033.spt
かくれているのは、わかってるのよ？,"I know you're hiding, okay?",romfs\story\spt\f09_050_230_00_t033.spt
そろそろ出てきたら？,It's about time you came out.,romfs\story\spt\f09_050_230_00_t033.spt
ロボ？,Lobo?,romfs\story\spt\f09_050_230_00_t033.spt
カメラ外,Off-Camera,romfs\story\spt\f09_060_230_00.spt
ストップ中央,stop center,romfs\story\spt\f09_060_230_00.spt
メタビー回想,Metabee Recollections,romfs\story\spt\f09_060_230_00.spt
ロボロボストップ,Rubberobot stop,romfs\story\spt\f09_060_230_00.spt
ロボロボ団長1,Rubberobo Commander 1,romfs\story\spt\f09_060_230_00.spt
ロボロボ団長_メダ,Rubberobo Commander_Meda,romfs\story\spt\f09_060_230_00.spt
ロボロボ接近,Roborobo approach,romfs\story\spt\f09_060_230_00.spt
ロボロボ転入生1,Roborobo transfer student 1,romfs\story\spt\f09_060_230_00.spt
一時退避,temporary evacuation,romfs\story\spt\f09_060_230_00.spt
偽装壁,false wall,romfs\story\spt\f09_060_230_00.spt
光,light,romfs\story\spt\f09_060_230_00.spt
坑道_in,Tunnel_in,romfs\story\spt\f09_060_230_00.spt
坑道前,Before Tunnel,romfs\story\spt\f09_060_230_00.spt
扉オープン,door open,romfs\story\spt\f09_060_230_00.spt
扉オープン注視点,Door open gazing point,romfs\story\spt\f09_060_230_00.spt
探知1,Detection 1,romfs\story\spt\f09_060_230_00.spt
探知2,Detection 2,romfs\story\spt\f09_060_230_00.spt
爆破地点,point of explosion,romfs\story\spt\f09_060_230_00.spt
爆破装置,detonator,romfs\story\spt\f09_060_230_00.spt
お――,Oh--,romfs\story\spt\f09_060_230_00_t011.spt
お前はいったいだれなんだ！？,Who the hell are you!,romfs\story\spt\f09_060_230_00_t011.spt
どうしてオレの名前を…,How do you know my name?,romfs\story\spt\f09_060_230_00_t011.spt
ふふふ…　ロボ。,Hmmm... lobo.,romfs\story\spt\f09_060_230_00_t011.spt
まだそんなこと言ってるの、おバカさん,"You're still talking like that, silly.",romfs\story\spt\f09_060_230_00_t011.spt
やっと出て来たわね。,"Well, it's finally coming out.",romfs\story\spt\f09_060_230_00_t011.spt
あははは！,Ha ha ha!,romfs\story\spt\f09_060_230_00_t021.spt
おもしろいものを見せてあげる。,I'll show you something interesting.,romfs\story\spt\f09_060_230_00_t021.spt
これが見たくて呼んでみたの！,I called them because I wanted to see this!,romfs\story\spt\f09_060_230_00_t021.spt
さっ、サイカ…　さん！？,Saika!,romfs\story\spt\f09_060_230_00_t021.spt
だってそんな――,Because that's not--,romfs\story\spt\f09_060_230_00_t021.spt
ふふ…,Hmmm...,romfs\story\spt\f09_060_230_00_t021.spt
まさかっ,You can't be serious.,romfs\story\spt\f09_060_230_00_t021.spt
思ったとおりステキな反応ね！,"As I expected, you have a lovely response!",romfs\story\spt\f09_060_230_00_t021.spt
楽しませてくれたお礼に,Thanks for entertaining me.,romfs\story\spt\f09_060_230_00_t021.spt
満足だわ～　ロボ。,I'm satisfied~ Robo.,romfs\story\spt\f09_060_230_00_t021.spt
メダリア反応――,Medarya reaction--,romfs\story\spt\f09_060_230_00_t022.spt
やった！,I did it!,romfs\story\spt\f09_060_230_00_t023.spt
転入生_冬服,Transfer student_Winter uniform,romfs\story\spt\f09_060_230_00_t023.spt
開いたロボー！,Open robo!,romfs\story\spt\f09_060_230_00_t023.spt
きっとメダリア反応ロボ。,Surely a medallion reaction robot.,romfs\story\spt\f09_060_230_00_t024.spt
てことは――,Which means--,romfs\story\spt\f09_060_230_00_t024.spt
な、なんの音ロボか？,What kind of sound robot is that?,romfs\story\spt\f09_060_230_00_t024.spt
ロボ！,Robo!,romfs\story\spt\f09_060_230_00_t024.spt
情報どおりね、目指すお宝はこの先にある…,"Just as the information says, the treasure we're after is just up ahead...",romfs\story\spt\f09_060_230_00_t024.spt
扉が開いて、奥の反応がより強くなったロボ。,"The door opened, and the robot reacted more strongly in the back.",romfs\story\spt\f09_060_230_00_t024.spt
それじゃお宝目指してどんどん行くロボー！,"Then, go on and on and on for the treasure, Robbo!",romfs\story\spt\f09_060_230_00_t025.spt
ちょっ、待ちなさい！,"Hey, wait a minute!",romfs\story\spt\f09_060_230_00_t025.spt
まだ決めゼリフが残って――,I still have a few choice words to say...,romfs\story\spt\f09_060_230_00_t025.spt
わ、わかったロボ！,"Wow, okay robot!",romfs\story\spt\f09_060_230_00_t025.spt
ロボロボー！,Roborobo!,romfs\story\spt\f09_060_230_00_t026.spt
…あら。,...Oh my.,romfs\story\spt\f09_060_230_00_t031.spt
あたしの名前はサイカ。,My name is Saika.,romfs\story\spt\f09_060_230_00_t031.spt
きみは――　きみたちはいったい何者なんだ？,Who are you-- who the hell are you people?,romfs\story\spt\f09_060_230_00_t031.spt
その正体は――,What it is...,romfs\story\spt\f09_060_230_00_t031.spt
まだいたの？,You're still here?,romfs\story\spt\f09_060_230_00_t031.spt
も～！,Moo~!,romfs\story\spt\f09_060_230_00_t031.spt
ロボロボ…？,Rubberobo...?,romfs\story\spt\f09_060_230_00_t031.spt
ロボロボ団。,Rubberobo group.,romfs\story\spt\f09_060_230_00_t031.spt
教えてくれよ。,Tell me about it.,romfs\story\spt\f09_060_230_00_t031.spt
転入生とは仮の姿！,A transfer student is a temporary form!,romfs\story\spt\f09_060_230_00_t031.spt
この島の隠しメダリアを狙う,I'm going after the hidden medallions on this island.,romfs\story\spt\f09_060_230_00_t041.spt
まーこっちも半信半疑だったんだけど…,"Well, I was skeptical too...",romfs\story\spt\f09_060_230_00_t041.spt
ウワサよ。,It's a rumor.,romfs\story\spt\f09_060_230_00_t041.spt
ロボロボ団の女幹部よ！！,I'm the female leader of the Rubberobo gang!,romfs\story\spt\f09_060_230_00_t041.spt
最初はね。,At first.,romfs\story\spt\f09_060_230_00_t041.spt
落ちぶれた鉱山関係者のホラ話。,A horror story of a fallen mining official.,romfs\story\spt\f09_060_230_00_t041.spt
隠し…　メダリア…,Hidden... medalia...,romfs\story\spt\f09_060_230_00_t041.spt
ここか…？,Here...?,romfs\story\spt\f09_060_230_00_t051.spt
ですロボ。,The robot is a robot that is a robot.,romfs\story\spt\f09_060_230_00_t051.spt
これが扉？,Is this the door?,romfs\story\spt\f09_060_230_00_t052.spt
ずいぶん物々しいわね。,That's a lot of stuff.,romfs\story\spt\f09_060_230_00_t052.spt
封印された鉱山の入り口か…,The entrance to a sealed mine or...,romfs\story\spt\f09_060_230_00_t052.spt
燃えるぜ。,It's gonna burn.,romfs\story\spt\f09_060_230_00_t052.spt
おうジェット！,Oh Jet!,romfs\story\spt\f09_060_230_00_t053.spt
お前のコブシでちょいとノックしてやってくれ。,Give him a little knock with your knob.,romfs\story\spt\f09_060_230_00_t053.spt
このどデカい扉な,This big door.,romfs\story\spt\f09_060_230_00_t053.spt
これメダロットかロボ？,Is this medallion or robot?,romfs\story\spt\f09_060_230_00_t053.spt
ジェット,jet,romfs\story\spt\f09_060_230_00_t053.spt
リョウカイ。,Ryokai.,romfs\story\spt\f09_060_230_00_t053.spt
壊れてるロボねー。,It's a broken robot!,romfs\story\spt\f09_060_230_00_t053.spt
な、んだと！？,What the heck?,romfs\story\spt\f09_060_230_00_t054.spt
バカなっ！,Stupid!,romfs\story\spt\f09_060_230_00_t054.spt
ビクともしないロボね。,It's a robot that doesn't even wiggle.,romfs\story\spt\f09_060_230_00_t054.spt
うるさい。,Noisy.,romfs\story\spt\f09_060_230_00_t055.spt
おおげさねー。,You're exaggerating.,romfs\story\spt\f09_060_230_00_t055.spt
このノッペリ広々としたコンクリ壁のどこに,Where is this nodding spacious concrete wall?,romfs\story\spt\f09_060_230_00_t055.spt
それこそ核弾頭が必要だな。はっはー！,That's exactly what we need a nuclear warhead for. Ha ha!,romfs\story\spt\f09_060_230_00_t055.spt
だが、どうやって？,But how?,romfs\story\spt\f09_060_230_00_t055.spt
どこかにロック機構があるはず。,There must be a locking mechanism somewhere.,romfs\story\spt\f09_060_230_00_t055.spt
なんてがんじょうなんだ！,What a cancer!,romfs\story\spt\f09_060_230_00_t055.spt
ははっ、そりゃ開くだろうよ。,"Haha, that would be open.",romfs\story\spt\f09_060_230_00_t055.spt
ま、確かに力づくじゃ無理そうだけど？,"Well, it sure seems impossible by force, doesn't it?",romfs\story\spt\f09_060_230_00_t055.spt
やっぱりビクともしないロボ。,The robot is still not scared.,romfs\story\spt\f09_060_230_00_t055.spt
ロック機構が眠ってるっていうんだハニーちゃん。,"The locking mechanism is asleep, honey.",romfs\story\spt\f09_060_230_00_t055.spt
力づくでダメなら、どうするんだよ。,"If force doesn't work, what will?",romfs\story\spt\f09_060_230_00_t055.spt
核シェルター並だぜ！,"It's like a nuclear shelter, man!",romfs\story\spt\f09_060_230_00_t055.spt
根こそぎ爆破して見つけるか？,Blow up the roots and find them?,romfs\story\spt\f09_060_230_00_t055.spt
突き止めて解除すれば、きっと…,"If we can track it down and unlock it, I'm sure we can...",romfs\story\spt\f09_060_230_00_t055.spt
突き止めて解除できさえすりゃあな。,If only we could track them down and disarm them.,romfs\story\spt\f09_060_230_00_t055.spt
色じかけか？,A coloring contest?,romfs\story\spt\f09_060_230_00_t055.spt
黙っててよ、今考えてるんだから！,"Shut up, I'm thinking about it right now!",romfs\story\spt\f09_060_230_00_t055.spt
わ、しゃべったロボ！,"Wow, a talking robot!",romfs\story\spt\f09_060_230_00_t056.spt
ダレ、ダ…,"Dare, da...",romfs\story\spt\f09_060_230_00_t056.spt
このオ,This o,romfs\story\spt\f09_060_230_00_t057.spt
このワ,This wa,romfs\story\spt\f09_060_230_00_t057.spt
ち、かづくやつはだ,The one that gets under your skin.,romfs\story\spt\f09_060_230_00_t057.spt
なに言ってるロボ？,"What are you talking about, robot?",romfs\story\spt\f09_060_230_00_t057.spt
れであろうが,may be,romfs\story\spt\f09_060_230_00_t057.spt
ソの、とびラ…　に近づく、な…,"So, Tobi La... get close to, no...",romfs\story\spt\f09_060_230_00_t057.spt
タシが,Tashi.,romfs\story\spt\f09_060_230_00_t057.spt
レが,drawing the illustration (as opposed to a panel in a comic),romfs\story\spt\f09_060_230_00_t057.spt
地の果て、ま,"The ends of the earth, to the end of the earth.",romfs\story\spt\f09_060_230_00_t057.spt
追いかけて,Chase.,romfs\story\spt\f09_060_230_00_t057.spt
追っかけて,Chase.,romfs\story\spt\f09_060_230_00_t057.spt
ぶっ倒す！,Knock it down!,romfs\story\spt\f09_060_230_00_t058.spt
成敗する！,Cure!,romfs\story\spt\f09_060_230_00_t058.spt
あなたたちには感謝してるわ。,I'm grateful to you guys.,romfs\story\spt\f09_060_230_00_t061.spt
いろいろ探ってたってわけか…,So you've been exploring all sorts of things...,romfs\story\spt\f09_060_230_00_t061.spt
おほほほほ！,Oh-ho-ho!,romfs\story\spt\f09_060_230_00_t061.spt
これはもう,This is it.,romfs\story\spt\f09_060_230_00_t061.spt
すべてはメダリア探知システムのおかげよ。,It's all thanks to the medallion detection system.,romfs\story\spt\f09_060_230_00_t061.spt
だから転入生として学院に潜入して,So I infiltrated the academy as a transfer student.,romfs\story\spt\f09_060_230_00_t061.spt
まだ学生で通用するトシでよかったわ～。,I'm glad I'm still a student and still an acceptable toshi!,romfs\story\spt\f09_060_230_00_t061.spt
事実と決まったようなもんでしょ？,"It's like it's been decided that it's true, right?",romfs\story\spt\f09_060_230_00_t061.spt
大げさなシェルターに,For exaggerated shelter.,romfs\story\spt\f09_060_230_00_t061.spt
意味深なポンコツメダロットとくれば…,If it comes to meaningful clunky medallions...,romfs\story\spt\f09_060_230_00_t061.spt
だから、そっとしておいてあげる。,So I'll leave you alone.,romfs\story\spt\f09_060_230_00_t062.spt
ジャマさえしなければね。,As long as they don't get in the way.,romfs\story\spt\f09_060_230_00_t062.spt
メタビー…,Metabee...,romfs\story\spt\f09_060_230_00_t071.spt
ロクショウ…,Roksho...,romfs\story\spt\f09_060_230_00_t071.spt
ここが反応のいちばん強い場所,This is where the response is strongest.,romfs\story\spt\f09_060_230_00_t123.spt
ここだわ。,Here it is.,romfs\story\spt\f09_060_230_00_t123.spt
つまりこの壁の向こうに――,"I mean, behind this wall--",romfs\story\spt\f09_060_230_00_t123.spt
爆破！,Explosion!,romfs\story\spt\f09_060_230_00_t124.spt
こいつがロック機構の動力源ね。,This is the power source of the locking mechanism.,romfs\story\spt\f09_060_230_00_t125.spt
ふふ…　あった。,Hmmm... there it is.,romfs\story\spt\f09_060_230_00_t125.spt
…あげるわコレ。,I'll give you this.,romfs\story\spt\f09_060_230_00_t131.spt
いちど解除すればもう用済みだしぃ,"Once you deactivate it, it's no longer needed.",romfs\story\spt\f09_060_230_00_t131.spt
あっ、なにするロボ,"Oh, what are you doing, robot?",romfs\story\spt\f09_060_230_00_t133.spt
おーっほほほほほほほほ！,Oh-ho-ho-ho!,romfs\story\spt\f09_060_230_00_t133.spt
これから大金を手に入れようってときに…,When you're about to get a lot of money...,romfs\story\spt\f09_060_230_00_t133.spt
そんな小銭を気にしてどうするのよ。,What do you care about such pennies?,romfs\story\spt\f09_060_230_00_t133.spt
でもでもロボ～,"But, but Robo~!",romfs\story\spt\f09_060_230_00_t133.spt
ほうっておくロボ。,A robot that is left alone.,romfs\story\spt\f09_060_230_00_t133.spt
もったいないロボ！　返すロボ～！,Mottainai Robo!　Return Robo~!,romfs\story\spt\f09_060_230_00_t133.spt
じゃんけんで負けちゃったロボ。,A robot that lost in a game of rock-paper-scissors-scissors.,romfs\story\spt\f09_060_230_10_t011.spt
みんなが戻ってくるまでここで通せんぼ係ロボ。,Here is a robot that will be a passerby until everyone returns.,romfs\story\spt\f09_060_230_10_t011.spt
鉱山口から学校へ,From the mine mouth to the school,romfs\story\spt\f09_075_102_00.spt
だれもいない…,Nobody's here...,romfs\story\spt\f09_075_102_00_t011.spt
探検部かな…,Maybe an exploration club...,romfs\story\spt\f09_075_102_00_t011.spt
……はっ。,...... ha.,romfs\story\spt\f09_080_161_00_t011.spt
おかえりなしゃい。,Welcome back.,romfs\story\spt\f09_080_161_00_t012.spt
それはメダロット一式ですね。,That is a set of medallions.,romfs\story\spt\f09_080_161_00_t012.spt
みんなは？,Where is everyone?,romfs\story\spt\f09_080_161_00_t012.spt
ミオちゃんは怒ってました。,Mio was angry.,romfs\story\spt\f09_080_161_00_t012.spt
倉庫に行ってしまいました。,It went to the warehouse.,romfs\story\spt\f09_080_161_00_t012.spt
力仕事なので、わたしは行かなくて良いそうです。,He says I don't have to go because it is hard work.,romfs\story\spt\f09_080_161_00_t012.spt
生徒会の人といっしょに,with the student council.,romfs\story\spt\f09_080_161_00_t012.spt
起こしてごめんねマインちゃん。,"Sorry to wake you up, Mine.",romfs\story\spt\f09_080_161_00_t012.spt
かわいそう…,Poor little thing...,romfs\story\spt\f09_080_161_00_t021.spt
ひどいです…,It's terrible...,romfs\story\spt\f09_080_161_00_t021.spt
ボロボロです…,It's falling apart...,romfs\story\spt\f09_080_161_00_t021.spt
鉱山口のメダロットさんです！,This is Mr. Medalot at the mouth of the mine!,romfs\story\spt\f09_080_161_00_t021.spt
そうだったね…,"Yes, you were right...",romfs\story\spt\f09_080_161_00_t022.spt
でも完全に壊れてなければ…,But if it's not completely broken...,romfs\story\spt\f09_080_161_00_t022.spt
人間にメダルは治せません。,Humans cannot cure medals.,romfs\story\spt\f09_080_161_00_t022.spt
治せる？,Can you fix it?,romfs\story\spt\f09_080_161_00_t022.spt
調べます！,Check!,romfs\story\spt\f09_080_161_00_t023.spt
…決めた。,...decided.,romfs\story\spt\f09_090_160_00_t011.spt
やっぱり教頭先生に会おう。,I still want to see the vice principal.,romfs\story\spt\f09_090_160_00_t011.spt
会って事情を聞かなくちゃ…！,I have to see him and ask him what's going on...!,romfs\story\spt\f09_090_160_00_t011.spt
教頭室か…　いらっしゃるかな？,The vice principal's office... is he in?,romfs\story\spt\f09_090_160_00_t011.spt
教頭室_out,Head teacher's office_out,romfs\story\spt\f09_100_109_00.spt
教頭室内,inside the vice principal's office,romfs\story\spt\f09_100_109_00.spt
い、いえ、そうじゃなくて、あのっ、,"No, no, it's not that,",romfs\story\spt\f09_100_109_00_t031.spt
おはよう、早いね。,"Good morning, you're early.",romfs\story\spt\f09_100_109_00_t031.spt
おや、きみは――,"Oh, you--",romfs\story\spt\f09_100_109_00_t031.spt
なにか話したいことがあるのかな？,Is there something you want to talk about?,romfs\story\spt\f09_100_109_00_t031.spt
は、はい,"Ha, yes.",romfs\story\spt\f09_100_109_00_t031.spt
ぼくの顔になにか？,What's wrong with my face?,romfs\story\spt\f09_100_109_00_t031.spt
入りなさい。,Come in.,romfs\story\spt\f09_100_109_00_t031.spt
教頭先生！,Head teacher!,romfs\story\spt\f09_100_109_00_t031.spt
港でのことなんですけど――,It was at the port--,romfs\story\spt\f09_100_109_00_t031.spt
あいつらは何者なんですか？,Who are these guys?,romfs\story\spt\f09_110_112_00_t011.spt
あとはわたしに任せてくれ。,Leave the rest to me.,romfs\story\spt\f09_110_112_00_t011.spt
いたずらに騒いで皆を不安にさせてはいかん。,Don't make everyone uneasy by making a lot of noise.,romfs\story\spt\f09_110_112_00_t011.spt
いや、やはり先に質問させてもらおう。,"No, I still have to ask the question first.",romfs\story\spt\f09_110_112_00_t011.spt
いろいろありすぎて説明がうまく…,Too many things to explain well...,romfs\story\spt\f09_110_112_00_t011.spt
いろいろ見聞きして混乱するのはわかる。,I know it's confusing to see and hear so much.,romfs\story\spt\f09_110_112_00_t011.spt
きみさっき、港…　と言っていたね。,You said earlier that the port...,romfs\story\spt\f09_110_112_00_t011.spt
きみはいつも通りの学生生活を送りたまえ。,You will continue your student life as usual.,romfs\story\spt\f09_110_112_00_t011.spt
ごぞんじのはずですが…,I'm sure you are familiar with...,romfs\story\spt\f09_110_112_00_t011.spt
さて、話を――,"Now, let's talk--",romfs\story\spt\f09_110_112_00_t011.spt
す、すいません。,I'm sorry.,romfs\story\spt\f09_110_112_00_t011.spt
すべては探知システムのおかげだって,He said it was all thanks to the detection system.,romfs\story\spt\f09_110_112_00_t011.spt
そう確か…　ロボロボ団と言っていたな…,"Yes, as I recall... they call it the Rubberobo Gang...",romfs\story\spt\f09_110_112_00_t011.spt
そっ、それじゃあ――,"Well, then--",romfs\story\spt\f09_110_112_00_t011.spt
それ…,It...,romfs\story\spt\f09_110_112_00_t011.spt
そんなはずないです、はっきり見ました。,"It can't be, I saw it clearly.",romfs\story\spt\f09_110_112_00_t011.spt
だが、きみが心配するようなことはない。,But there is nothing for you to worry about.,romfs\story\spt\f09_110_112_00_t011.spt
ってことはつまり、あのアプリは――,Which means that that app--,romfs\story\spt\f09_110_112_00_t011.spt
でっかい扉を開けて、中に入ってっちゃって――,You opened the big door and walked in...,romfs\story\spt\f09_110_112_00_t011.spt
なにがだね？,What is it?,romfs\story\spt\f09_110_112_00_t011.spt
なにも問題はない、ということさ。,There's nothing wrong with that.,romfs\story\spt\f09_110_112_00_t011.spt
へんです。,Odd.,romfs\story\spt\f09_110_112_00_t011.spt
ぼくら探検部が作った探知アプリのことですよね。,"You are talking about the detection application that we, the Exploration Department, created.",romfs\story\spt\f09_110_112_00_t011.spt
やつら財閥の関係者って言いましたよね？,"You said they were related to a zaibatsu, right?",romfs\story\spt\f09_110_112_00_t011.spt
わたしが？,Me?,romfs\story\spt\f09_110_112_00_t011.spt
サイカがリーダーみたいだった。,Saika was like a leader.,romfs\story\spt\f09_110_112_00_t011.spt
サイカが言ってました。,Saika said.,romfs\story\spt\f09_110_112_00_t011.spt
メタビーはやつらに倒されちゃって、それであいつら,"Metabee got beat up by them, and they",romfs\story\spt\f09_110_112_00_t011.spt
ロクショウはやつらに倒されて、それであいつら,"Rokusho was beaten by them, and then they",romfs\story\spt\f09_110_112_00_t011.spt
今日は体育祭だろう？,"It's gymnastics today, right?",romfs\story\spt\f09_110_112_00_t011.spt
彼らの行動は、ぼくらも把握している。,We know what they do.,romfs\story\spt\f09_110_112_00_t011.spt
教えてください。,Tell us about it.,romfs\story\spt\f09_110_112_00_t011.spt
教頭先生はあの黒服集団と――,The vice principal was with that group of guys in black.,romfs\story\spt\f09_110_112_00_t011.spt
教頭先生も港にいらっしゃったじゃないですか。,"The vice principal was at the port, wasn't he?",romfs\story\spt\f09_110_112_00_t011.spt
港でなにかあったのかね？,Did something happen at the port?,romfs\story\spt\f09_110_112_00_t011.spt
見まちがいではないのかね？,Are you sure you're not looking at the wrong thing?,romfs\story\spt\f09_110_112_00_t011.spt
黒服連中――　それはＷＭＳＳ財閥の関係者だ。,The black-clad guys--those are the WMSS conglomerate officials.,romfs\story\spt\f09_110_112_00_t011.spt
あいつらが探知アプリを探していると知っていて――,They knew these guys were looking for a detection app--,romfs\story\spt\f09_110_112_00_t021.spt
いえ、あいつらに使わせることを目的に,"No, I'm just trying to get those guys to use it.",romfs\story\spt\f09_110_112_00_t021.spt
このことを校長先生はご存知なんでしょうか。,Does the principal know about this?,romfs\story\spt\f09_110_112_00_t021.spt
この島で今、なにが起こっているんですか。,What is happening now on this island?,romfs\story\spt\f09_110_112_00_t021.spt
なぜアプリの使用許可を出してくれたんですか。,Why did you give us permission to use your app?,romfs\story\spt\f09_110_112_00_t021.spt
ひょっとしたら教頭先生は,Perhaps the vice principal,romfs\story\spt\f09_110_112_00_t021.spt
ロボロボ団は――　教頭先生や財閥の人たちは,The Rubberobo-- the vice principal and the zaibatsu people,romfs\story\spt\f09_110_112_00_t021.spt
公開を提案したんじゃないですか？,Didn't you propose to go public?,romfs\story\spt\f09_110_112_00_t021.spt
教えてください教頭先生。,"Please tell me, vice principal.",romfs\story\spt\f09_110_112_00_t021.spt
教頭先生は公開するようにおっしゃいました。,The vice principal told us to make it public.,romfs\story\spt\f09_110_112_00_t021.spt
校長先生は今どうしてらっしゃるんですか？,What is the principal doing now?,romfs\story\spt\f09_110_112_00_t021.spt
校長先生は禁止したのに、,"Even though the principal banned it,",romfs\story\spt\f09_110_112_00_t021.spt
病気って言ってるけど、本当は――,"You say you're sick, but the truth is--",romfs\story\spt\f09_110_112_00_t021.spt
鉱山を開いてなにをしようとしているんですか？,What are you trying to do by opening the mine?,romfs\story\spt\f09_110_112_00_t021.spt
入口付近5,Near the entrance5,romfs\story\spt\f09_120_161_00.spt
あとは生徒会がやる。,The student council will do the rest.,romfs\story\spt\f09_120_161_00_t011.spt
おかげで予定通り準備を終えることができた。,"Thanks to this, we were able to finish preparations on schedule.",romfs\story\spt\f09_120_161_00_t011.spt
資材の調達、ご苦労だった。,Thank you for your hard work in procuring materials.,romfs\story\spt\f09_120_161_00_t011.spt
開会式まで自由に過ごしてくれ。,You are free to stay until the opening ceremony.,romfs\story\spt\f09_120_161_00_t011.spt
あなたたち最近おかしいよ？,"You guys have been acting funny lately, haven't you?",romfs\story\spt\f09_120_161_00_t021.spt
いつもいっしょとは限らないし。,We are not always together.,romfs\story\spt\f09_120_161_00_t021.spt
お前のトコはお前のトコ,Your place is your place,romfs\story\spt\f09_120_161_00_t021.spt
お前の相棒だろうが。,I know I'm your partner.,romfs\story\spt\f09_120_161_00_t021.spt
だからって、なんでも知ってるわけじゃないし。,That doesn't mean I know everything.,romfs\story\spt\f09_120_161_00_t021.spt
なにがちょっとだけよ、何往復したと思ってんのよ。,"What's a little bit, do you know how many round trips I've made?",romfs\story\spt\f09_120_161_00_t021.spt
は結局戻ってこないし…,is not coming back after all...,romfs\story\spt\f09_120_161_00_t021.spt
ひどい目にあったよー。,I had a terrible time!,romfs\story\spt\f09_120_161_00_t021.spt
べっつにー。,Nothing.,romfs\story\spt\f09_120_161_00_t021.spt
やれやれ,exclamation of relief or disappointment,romfs\story\spt\f09_120_161_00_t021.spt
オレのトコはオレのトコだぞ。,My place is my place.,romfs\story\spt\f09_120_161_00_t021.spt
ケンカしちゃった？,Did we get into a fight?,romfs\story\spt\f09_120_161_00_t021.spt
セッシャのトコはセッシャのトコだ。,Sesha's toko is Sesha's toko.,romfs\story\spt\f09_120_161_00_t021.spt
少なくともオレんトコはいつもいっしょだぜ。,"At least at my place, we are always together.",romfs\story\spt\f09_120_161_00_t021.spt
本当になにも知らないのか,You really don't know anything.,romfs\story\spt\f09_120_161_00_t021.spt
知らない。,I don't know.,romfs\story\spt\f09_120_161_00_t021.spt
知らないぞ。,I don't know.,romfs\story\spt\f09_120_161_00_t021.spt
限るだろ。,You're limited.,romfs\story\spt\f09_120_161_00_t021.spt
います。,I am here.,romfs\story\spt\f09_120_161_00_t022.spt
いる？,Are you there?,romfs\story\spt\f09_120_161_00_t022.spt
くんを見た人,People who saw kun,romfs\story\spt\f09_120_161_00_t022.spt
しかし本当にどこ行っちゃったんだろうね。,But where did they really go?,romfs\story\spt\f09_120_161_00_t022.spt
それ以降で,Thereafter.,romfs\story\spt\f09_120_161_00_t022.spt
港に向かったのが、ぼくの見た最後の姿だけど…,The last I saw of him was when he headed for the harbor...,romfs\story\spt\f09_120_161_00_t022.spt
くんがこれを持ってきました。,"The ""kun"" brought this to me.",romfs\story\spt\f09_120_161_00_t023.spt
ずっと部室にいたと思ってたよ。,I thought you were in the club room the whole time.,romfs\story\spt\f09_120_161_00_t023.spt
ずっと部室にいました。,I was in the club room all the time.,romfs\story\spt\f09_120_161_00_t023.spt
マインちゃん見たの？,"Did you see that, Mine?",romfs\story\spt\f09_120_161_00_t023.spt
あ、これ――,"Oh, here--",romfs\story\spt\f09_120_161_00_t031.spt
が持ってきた,brought by,romfs\story\spt\f09_120_161_00_t031.spt
くんが持ってきました。,The kun brought it to us.,romfs\story\spt\f09_120_161_00_t031.spt
ここで考えててもしょうがないでしょ。,You can't even think about it here.,romfs\story\spt\f09_120_161_00_t031.spt
このメダロットのメダルは完全に壊れてます。,This medallion is completely broken.,romfs\story\spt\f09_120_161_00_t031.spt
これを,Here.,romfs\story\spt\f09_120_161_00_t031.spt
そ、それで？,"Well, so what?",romfs\story\spt\f09_120_161_00_t031.spt
それか、,"Or,",romfs\story\spt\f09_120_161_00_t031.spt
ということだね。,That's what I mean.,romfs\story\spt\f09_120_161_00_t031.spt
ということは…,Which means...,romfs\story\spt\f09_120_161_00_t031.spt
どうしてここにっ？,What are you doing here?,romfs\story\spt\f09_120_161_00_t031.spt
どっちにしろ,whichever one one chooses,romfs\story\spt\f09_120_161_00_t031.spt
なにかあった！？,Something happened!,romfs\story\spt\f09_120_161_00_t031.spt
メダルは人間には治せません…,Medals cannot be cured by humans...,romfs\story\spt\f09_120_161_00_t031.spt
メダロットを置いてまた出て行きました。,I left the medallion and left again.,romfs\story\spt\f09_120_161_00_t031.spt
最後に向かったはずの、港か…,"The last place I would have headed, the harbor...",romfs\story\spt\f09_120_161_00_t031.spt
治せないか見てくれと言われました。,He asked me to see if I could fix it.,romfs\story\spt\f09_120_161_00_t031.spt
無理です。,Impossible.,romfs\story\spt\f09_120_161_00_t031.spt
鉱山か。,Mining.,romfs\story\spt\f09_120_161_00_t031.spt
鉱山の前にいたアイツだっ！,It was that guy in front of the mine!,romfs\story\spt\f09_120_161_00_t031.spt
鉱山の前にいたアイツではないかっ！,Wasn't that the guy who was in front of the mine?,romfs\story\spt\f09_120_161_00_t031.spt
どうやらお留守みたいだね。,Looks like you're not home.,romfs\story\spt\f09_130_109_00_t011.spt
ロボロボストッパー,Rubberobo Stopper,romfs\story\spt\f09_140_230_00.spt
ロボロボストップ1,Rubberobo Stop 1,romfs\story\spt\f09_140_230_00.spt
ここは通行禁止ロボよ。,This is a no-passage robot.,romfs\story\spt\f09_140_230_00_t011.spt
こらこら、あっち行くロボ。,"Hey, hey, hey, hey, go away, robot.",romfs\story\spt\f09_140_230_00_t011.spt
…どうすんの？,What are you going to do?,romfs\story\spt\f09_140_230_00_t012.spt
いったい、どういうことだ？,What the hell is going on?,romfs\story\spt\f09_140_230_00_t012.spt
いつも寝起きみたいなポカンとしたカオしてて…,He always looks like he just woke up from sleep...,romfs\story\spt\f09_140_230_00_t012.spt
きっと壊れたメダロット持って戻って行ったロボー。,I am sure that Robo went back with a broken medallion.,romfs\story\spt\f09_140_230_00_t012.spt
これ以上の情報はサカダチしても出ないロボよ。,It's a robot that won't sakadach any more information than this.,romfs\story\spt\f09_140_230_00_t012.spt
しかたない。,It can't be helped.,romfs\story\spt\f09_140_230_00_t012.spt
すいません。,I'm sorry.,romfs\story\spt\f09_140_230_00_t012.spt
そう、ぼくと同じような。,"Yes, just like me.",romfs\story\spt\f09_140_230_00_t012.spt
そのコなら朝ここで会ったロボ。,That's the robot I met here this morning.,romfs\story\spt\f09_140_230_00_t012.spt
それだけロボ。,That's all Robo.,romfs\story\spt\f09_140_230_00_t012.spt
だったら最初からそう言えばいいロボよ。,"If that's the case, just say so from the beginning, Lobo.",romfs\story\spt\f09_140_230_00_t012.spt
つまり、きみと同じような？,"I mean, like you?",romfs\story\spt\f09_140_230_00_t012.spt
どういうこともなにも、こういうことだロボ。,"What does it mean? This is what it means, Robo.",romfs\story\spt\f09_140_230_00_t012.spt
なにがあった…,What happened...,romfs\story\spt\f09_140_230_00_t012.spt
なんでもいいから、さっさとそこを――,"Whatever it is, just get out of there--",romfs\story\spt\f09_140_230_00_t012.spt
はあ？　部外者はどっちなのよ。,Huh?　Which one of us is an outsider?,romfs\story\spt\f09_140_230_00_t012.spt
ほかっていうと、…港か。,"Other than that, I'd say...port.",romfs\story\spt\f09_140_230_00_t012.spt
ほかの場所をあたってみようか。,Let's look elsewhere.,romfs\story\spt\f09_140_230_00_t012.spt
ぼくたち、男子生徒をさがしてるんです。,We are looking for boys.,romfs\story\spt\f09_140_230_00_t012.spt
ぼくらと同じ制服を着てて,He wears the same uniform as us.,romfs\story\spt\f09_140_230_00_t012.spt
みたいですねー。,It looks like it!,romfs\story\spt\f09_140_230_00_t012.spt
リーダーとなにかお話してたロボ。,A robot who was talking to the leader about something.,romfs\story\spt\f09_140_230_00_t012.spt
心当たりありませんか？,Does this ring a bell?,romfs\story\spt\f09_140_230_00_t012.spt
急ぎましょう。,Let's hurry.,romfs\story\spt\f09_140_230_00_t012.spt
次にここ来たときには、もういなかったロボ。,"The next time I came here, the robot was already gone.",romfs\story\spt\f09_140_230_00_t012.spt
背格好はぼくよりかはやや小柄で,He is a little smaller than me.,romfs\story\spt\f09_140_230_00_t012.spt
部外者はあっち行くロボ！　ロボロボ！,"Outsiders go that way, Rubberobo!　Rubberobo!",romfs\story\spt\f09_140_230_00_t012.spt
青い髪を謎のポリシーでこう、ひとつにたばねてて,He had blue hair that was mysteriously tied up in a bun with a policy.,romfs\story\spt\f09_140_230_00_t012.spt
にはさすがに居ないよね。,You are indeed not in the,romfs\story\spt\f09_145_150_00_t011.spt
女子寮…,Women's dormitory...,romfs\story\spt\f09_145_150_00_t011.spt
ビーチ前,In front of the beach,romfs\story\spt\f09_145_500_00.spt
えーと,let's see,romfs\story\spt\f09_145_500_00_t011.spt
こっちはビーチだったっけ。,I remember this one was a beach.,romfs\story\spt\f09_145_500_00_t011.spt
やめておこう、今ちょっといそがしいし,I'd better not. I'm a little busy right now.,romfs\story\spt\f09_145_500_00_t011.spt
海水浴にはもう涼しすぎるからね。,It's already too cool for swimming.,romfs\story\spt\f09_145_500_00_t011.spt
トロッコから船へ,From trolley to ship,romfs\story\spt\f09_150_500_00.spt
トロッコイベント後,After the trolley event,romfs\story\spt\f09_150_500_00.spt
トロッコ下車,getting off the trolley,romfs\story\spt\f09_150_500_00.spt
トロッコ発見・港,"Trolley found, port",romfs\story\spt\f09_150_500_00.spt
出口矢印_トロッコ,Exit arrow_trolley,romfs\story\spt\f09_150_500_00.spt
箱1,Box 1,romfs\story\spt\f09_150_500_00.spt
箱1積み,Array of boxes,romfs\story\spt\f09_150_500_00.spt
箱2,Box 2,romfs\story\spt\f09_150_500_00.spt
箱2積み,2 piles of boxes,romfs\story\spt\f09_150_500_00.spt
あいつら、なんなの？,What are those guys?,romfs\story\spt\f09_150_500_00_t031.spt
あっ、ダメです。,"Oh, no.",romfs\story\spt\f09_150_500_00_t031.spt
そんなことより、ほら…,That's not what I'm talking about. Look...,romfs\story\spt\f09_150_500_00_t031.spt
言わないでくださいー。,Please don't say it!,romfs\story\spt\f09_150_500_00_t031.spt
黒いしどこにでも出てくるし、まるで――,"They're black, they appear everywhere, and they look like--",romfs\story\spt\f09_150_500_00_t031.spt
…可能性はあるけどね。,"...It's possible, though.",romfs\story\spt\f09_150_500_00_t032.spt
あんなの知ってた？,Did you know about that thing?,romfs\story\spt\f09_150_500_00_t032.spt
どこにつながってるのかしら。,I wonder where it leads.,romfs\story\spt\f09_150_500_00_t032.spt
のやつ…,The one in the...,romfs\story\spt\f09_150_500_00_t032.spt
まさかひとりでこの先に…,I didn't think I'd have to go alone...,romfs\story\spt\f09_150_500_00_t032.spt
トロッコよね、あれ…,"The trolley, right? That...",romfs\story\spt\f09_150_500_00_t032.spt
…乗ってみる？,...want to take a ride?,romfs\story\spt\f09_150_500_00_t041.spt
こいつを使って引っ張ろう。,Let's use this guy to pull it off.,romfs\story\spt\f09_150_500_00_t041.spt
こんなこともあろうかと思って調整しておいたんだ。,I've made adjustments in case something like this happens.,romfs\story\spt\f09_150_500_00_t041.spt
トロッコもあるね。,You also have a trolley.,romfs\story\spt\f09_150_500_00_t041.spt
ムリです。,It is impossible.,romfs\story\spt\f09_150_500_00_t041.spt
動力車がないです。,There is no power car.,romfs\story\spt\f09_150_500_00_t041.spt
線路です！,Railroad tracks!,romfs\story\spt\f09_150_500_00_t041.spt
エクスペ入場,Expo Admission,romfs\story\spt\f09_160_220_00.spt
エクスペ注視点,Expo gazing point,romfs\story\spt\f09_160_220_00.spt
スマホ前,In front of smart phone,romfs\story\spt\f09_160_220_00.spt
セクター3,Sector 3,romfs\story\spt\f09_160_220_00.spt
ターンテーブル1,Turntable 1,romfs\story\spt\f09_160_220_00.spt
ターンテーブル2,Turntable 2,romfs\story\spt\f09_160_220_00.spt
リョウマ3,Ryoma3,romfs\story\spt\f09_160_220_00.spt
リョウマ4,Ryoma4,romfs\story\spt\f09_160_220_00.spt
レバー1,Lever 1,romfs\story\spt\f09_160_220_00.spt
レバー2,Lever 2,romfs\story\spt\f09_160_220_00.spt
主人公スマホ,main character smartphone,romfs\story\spt\f09_160_220_00.spt
捜索カメラ,search camera,romfs\story\spt\f09_160_220_00.spt
新幹線,Shinkansen,romfs\story\spt\f09_160_220_00.spt
灯台周辺前,In front of the lighthouse area,romfs\story\spt\f09_160_220_00.spt
いったん部室に…　戻ってみる…？,I'll go back to the club room...?,romfs\story\spt\f09_160_220_00_t012.spt
おや？,Hmm?,romfs\story\spt\f09_160_220_00_t012.spt
くんの居場所ってイミですか？,Is it imi where kun is?,romfs\story\spt\f09_160_220_00_t012.spt
ここまで来ておいて今さらだが…,I've come this far and now it's too late...,romfs\story\spt\f09_160_220_00_t012.spt
これまで行けなかった場所に入ってみただけだ。,I just went into a place I had not been able to go before.,romfs\story\spt\f09_160_220_00_t012.spt
こんなことにはならなかったのだ…,This did not happen...,romfs\story\spt\f09_160_220_00_t012.spt
こんなことにはならなかったんだ…,This didn't happen...,romfs\story\spt\f09_160_220_00_t012.spt
じゃあどこだ？,Where then?,romfs\story\spt\f09_160_220_00_t012.spt
そうだよー。,That's right!,romfs\story\spt\f09_160_220_00_t012.spt
そうねえ、う～ん…,"Well, ummm...",romfs\story\spt\f09_160_220_00_t012.spt
そんなのわかってるのだ！,We know that!,romfs\story\spt\f09_160_220_00_t012.spt
どこ探せばいいのだっ？,Where do I look for it?,romfs\story\spt\f09_160_220_00_t012.spt
どこ探せばいいんだっ？,Where do I look?,romfs\story\spt\f09_160_220_00_t012.spt
まだ、ここに来たかどうかもわからないんだから。,We don't even know if they're here yet.,romfs\story\spt\f09_160_220_00_t012.spt
まるで見当ちがいのことをしているんじゃないのか？,It's as if you're looking in the wrong place.,romfs\story\spt\f09_160_220_00_t012.spt
もしかしたら俺たちは,Maybe we are.,romfs\story\spt\f09_160_220_00_t012.spt
やっぱりここに通じていたんだなあ。,I knew it was leading here.,romfs\story\spt\f09_160_220_00_t012.spt
わかってるよそんなの！,"I know, I know, that's not true!",romfs\story\spt\f09_160_220_00_t012.spt
オレがずっといっしょにいれば,If I'm with you all the way.,romfs\story\spt\f09_160_220_00_t012.spt
オレのせいだ。,It's my fault.,romfs\story\spt\f09_160_220_00_t012.spt
セッシャがずっとそばにいれば,If only Sesha were around all the time.,romfs\story\spt\f09_160_220_00_t012.spt
セッシャのせいだ。,It's Sesha's fault.,romfs\story\spt\f09_160_220_00_t012.spt
トロッコ駅跡ね。,The ruins of the trolley station.,romfs\story\spt\f09_160_220_00_t012.spt
フキツなこと言い出すのやめなさいよ。,Stop being so fukked up.,romfs\story\spt\f09_160_220_00_t012.spt
ワタシのマスターは悪くないワ。,My master is not bad.,romfs\story\spt\f09_160_220_00_t012.spt
俺たちは正解に近づいているのか？,Are we getting close to being right?,romfs\story\spt\f09_160_220_00_t012.spt
手がかりらしいものも特にない。,There is nothing in particular that seems to be a clue.,romfs\story\spt\f09_160_220_00_t012.spt
正解って？,What's the right answer?,romfs\story\spt\f09_160_220_00_t012.spt
落ち着いテ。,Calm down te.,romfs\story\spt\f09_160_220_00_t012.spt
ここへ来たのは確かみたいだね。,It sounds like you've been here for sure.,romfs\story\spt\f09_160_220_00_t013.spt
どうやら、,"Apparently,",romfs\story\spt\f09_160_220_00_t013.spt
あいつはひとりじゃなんにもできない。,He can't do anything by himself.,romfs\story\spt\f09_160_220_00_t014.spt
あいつひとりじゃなんにもできないんだ。,He can't do anything on his own.,romfs\story\spt\f09_160_220_00_t014.spt
ずっといっしょにいればよかったのだ。,We should have stayed together for a long time.,romfs\story\spt\f09_160_220_00_t014.spt
ずっといっしょにいればよかったんだ。,We should have stayed together all along.,romfs\story\spt\f09_160_220_00_t014.spt
そしたら今だってずっと――,"And then, and now, and forever...",romfs\story\spt\f09_160_220_00_t014.spt
わかってる。,I know.,romfs\story\spt\f09_160_220_00_t014.spt
オレが守ってやらなきゃダメだったのに…,I should have been there to protect him.,romfs\story\spt\f09_160_220_00_t014.spt
セッシャが守ってやらなきゃダメだったのに…,Sesha had to protect him...,romfs\story\spt\f09_160_220_00_t014.spt
悪いのはオレだ。,It's my fault.,romfs\story\spt\f09_160_220_00_t014.spt
悪いのはセッシャなのだ。,It is Sesha who is to blame.,romfs\story\spt\f09_160_220_00_t014.spt
あれ。,That.,romfs\story\spt\f09_160_220_00_t015.spt
あいつだ。,That's him.,romfs\story\spt\f09_160_220_00_t016.spt
がいる！,are present!,romfs\story\spt\f09_160_220_00_t016.spt
こっちだ！,This way!,romfs\story\spt\f09_160_220_00_t017.spt
扉か…,Door or...,romfs\story\spt\f09_160_220_00_t017.spt
…だね。,...I guess.,romfs\story\spt\f09_160_220_00_t018.spt
がこっちと言ってるんだ。,is saying this way.,romfs\story\spt\f09_160_220_00_t018.spt
だが、破れんこともない。,But it won't break the bank.,romfs\story\spt\f09_160_220_00_t018.spt
ちょっ,hey!,romfs\story\spt\f09_160_220_00_t018.spt
なら少々ムリする価値はある。,Then it's worth a little bit of effort.,romfs\story\spt\f09_160_220_00_t018.spt
エクスペ７で突破すればな。,If only we could break through at Expo 7.,romfs\story\spt\f09_160_220_00_t018.spt
カギかかってる…　よねえ？,It's locked... right?,romfs\story\spt\f09_160_220_00_t018.spt
スーパエクスペで突破すればな。,If only we could break through with a super expo.,romfs\story\spt\f09_160_220_00_t018.spt
決まりだ。,Deal.,romfs\story\spt\f09_160_220_00_t018.spt
ここ、どこだ？,Where am I?,romfs\story\spt\f09_170_800_00_t012.spt
急に暗くなって、そんで…,"Suddenly it got dark, and...",romfs\story\spt\f09_170_800_00_t012.spt
校長先生っ！？？？,Principal!,romfs\story\spt\f09_170_800_00_t013.spt
あの、,"Um,",romfs\story\spt\f09_170_800_00_t014.spt
校長先生…？,Principal...?,romfs\story\spt\f09_170_800_00_t014.spt
しっ,shh! (used to silence someone),romfs\story\spt\f09_170_800_00_t015.spt
わあっ！,Wow!,romfs\story\spt\f09_170_800_00_t015.spt
死んでる…っ？？？,Dead...?,romfs\story\spt\f09_170_800_00_t015.spt
到着後セクター,post-arrival sector,romfs\story\spt\f09_180_810_00.spt
こんなところが残ってたんだねえ。,I didn't realize there were still places like this.,romfs\story\spt\f09_180_810_00_t011.spt
だいじょぶですー。,It's all right!,romfs\story\spt\f09_180_810_00_t011.spt
ま、無事だったんだからよしとしようよ。,"Well, let's just say it's a good thing that they were safe.",romfs\story\spt\f09_180_810_00_t011.spt
ケガはないか？,Are you hurt?,romfs\story\spt\f09_180_810_00_t011.spt
危うくムチウチ症になりかけたわ…,I almost had whiplash...,romfs\story\spt\f09_180_810_00_t011.spt
来たことのない場所だな。,I've never been to this place.,romfs\story\spt\f09_180_810_00_t011.spt
外観,appearance,romfs\story\spt\f09_190_810_00.spt
外観カメラ,Exterior Camera,romfs\story\spt\f09_190_810_00.spt
灯台に接近,Approaching lighthouse,romfs\story\spt\f09_190_810_00.spt
この建物は…,This building is...,romfs\story\spt\f09_190_810_00_t011.spt
昔の灯台…　かな？,An old lighthouse...?,romfs\story\spt\f09_190_810_00_t012.spt
高い塔があるね。,You have a tall tower.,romfs\story\spt\f09_190_810_00_t012.spt
どんどん近くなってるぞ！,You're getting closer and closer!,romfs\story\spt\f09_190_810_00_t013.spt
わかる！,I understand!,romfs\story\spt\f09_190_810_00_t013.spt
きみら出会って間もないんでしょ。,I know you guys have only known each other for a short time.,romfs\story\spt\f09_190_810_00_t014.spt
これからどんどんわかり合っていけばいいよ。,We can understand each other more and more from now on.,romfs\story\spt\f09_190_810_00_t014.spt
どういうことだ？,What do you mean?,romfs\story\spt\f09_190_810_00_t014.spt
どうしてわかるのだ！？,How do you know!,romfs\story\spt\f09_190_810_00_t014.spt
どうしてわかるんだ！？,How do you know!,romfs\story\spt\f09_190_810_00_t014.spt
なんだよお前。,What the hell is wrong with you?,romfs\story\spt\f09_190_810_00_t014.spt
まあまあ。,So-so.,romfs\story\spt\f09_190_810_00_t014.spt
まず場所がわかるようになった。,"First of all, I know where it is now.",romfs\story\spt\f09_190_810_00_t014.spt
キモチ…,Kimochi...,romfs\story\spt\f09_190_810_00_t014.spt
キモチ？,Kimochi?,romfs\story\spt\f09_190_810_00_t014.spt
フシギだ！,Fushigi!,romfs\story\spt\f09_190_810_00_t014.spt
マスターの…,Master of...,romfs\story\spt\f09_190_810_00_t014.spt
マスターのいる場所もマスターのキモチもね。,"Where the master is, and what the master feels.",romfs\story\spt\f09_190_810_00_t014.spt
メダロットはマスターが近くにいればわかるものよ。,Medallions are something you can tell when the master is nearby.,romfs\story\spt\f09_190_810_00_t014.spt
今まで、わからなかったのか？,Didn't you ever figure it out?,romfs\story\spt\f09_190_810_00_t014.spt
大きな一歩だよコレは。,This is a big step forward.,romfs\story\spt\f09_190_810_00_t014.spt
ロボロボ団登場カメラ,Rubberobo-dan appearance camera,romfs\story\spt\f09_200_810_00.spt
灯台スタート,Lighthouse start,romfs\story\spt\f09_200_810_00.spt
部長メダ1,Director Meda 1,romfs\story\spt\f09_200_810_00.spt
どいてろ！,Move aside!,romfs\story\spt\f09_200_810_00_t012.spt
オレがやる！,I'll do it!,romfs\story\spt\f09_200_810_00_t012.spt
カギがかかってるなー。,I think it's locked...,romfs\story\spt\f09_200_810_00_t012.spt
セッシャの出番だ！,Cue the sesha!,romfs\story\spt\f09_200_810_00_t012.spt
おやあ？,Oh?,romfs\story\spt\f09_200_810_00_t013.spt
ネズミが入り込もうとしているなあ。,"Rats are trying to get in, aren't they?",romfs\story\spt\f09_200_810_00_t021.spt
胸さわぎがして、戻ってみれば案の定だぜ。,"I felt a stirring in my chest, and when I went back, sure enough, there it was.",romfs\story\spt\f09_200_810_00_t021.spt
操作1,Operation 1,romfs\story\spt\f09_210_800_00.spt
まずは落ち着いて、状況整理――,"First, let's calm down and get the situation straightened out--",romfs\story\spt\f09_210_800_00_t011.spt
落ち着け、落ち着くんだ。,"Calm down, calm down.",romfs\story\spt\f09_210_800_00_t011.spt
そのままにしておく,Leave it as it is.,romfs\story\spt\f09_220_800_00.spt
ハッチを開ける,Open the hatch.,romfs\story\spt\f09_220_800_00.spt
体を調べる,examine (investigate into) a person's health,romfs\story\spt\f09_220_800_00.spt
服を調べる,Check Clothing,romfs\story\spt\f09_220_800_00.spt
校長カメラ,Principal Camera,romfs\story\spt\f09_220_800_00.spt
模造メダルをはめてみる,Try to fit a replica medal.,romfs\story\spt\f09_220_800_00.spt
頭を調べる,examine (investigate into) a person's head,romfs\story\spt\f09_220_800_00.spt
こ、,"Ko,",romfs\story\spt\f09_220_800_00_t011.spt
し、失礼します。,Shall we? Excuse me.,romfs\story\spt\f09_220_800_00_t011.spt
してない、か。,"I didn't, huh?",romfs\story\spt\f09_220_800_00_t011.spt
ちょっと脈を…,I'm just trying to get a pulse...,romfs\story\spt\f09_220_800_00_t011.spt
息は…,Breath...,romfs\story\spt\f09_220_800_00_t011.spt
校長先生…　だよな。,Principal... right?,romfs\story\spt\f09_220_800_00_t011.spt
脈は…,Pulse is...,romfs\story\spt\f09_220_800_00_t011.spt
ていうか、これ…　この感触は…,"I mean, this... this feeling...",romfs\story\spt\f09_220_800_00_t012.spt
ない！,No!,romfs\story\spt\f09_220_800_00_t012.spt
ロボットじゃないか！,"It's a robot, isn't it?",romfs\story\spt\f09_220_800_00_t012.spt
人形、まるで――,"A doll, like a--",romfs\story\spt\f09_220_800_00_t012.spt
人間じゃないよ！,It's not human!,romfs\story\spt\f09_220_800_00_t012.spt
調べよう。まずは…,Let's find out. First...,romfs\story\spt\f09_220_800_00_t021.spt
堅くて冷たい。金属かな…,Hard and cold. I wonder if it's metal...,romfs\story\spt\f09_220_800_00_t031.spt
重くてとても動かせそうにないや。,It's so heavy that I don't think I can move it very much.,romfs\story\spt\f09_220_800_00_t031.spt
どこも破れたりすり切れたりはしてないな…,I don't see any tears or wear and tear anywhere...,romfs\story\spt\f09_220_800_00_t041.spt
最後に見たときと同じ、校長先生の服だ。,It's the same principal's outfit as the last time I saw him.,romfs\story\spt\f09_220_800_00_t041.spt
あ…　あれ、なんだろ。,Ah... I wonder what that is.,romfs\story\spt\f09_220_800_00_t051.spt
首のうしろに、ハッチがある。,There is a hatch at the back of the neck.,romfs\story\spt\f09_220_800_00_t051.spt
あ。,Ah.,romfs\story\spt\f09_220_800_00_t071.spt
ここにメダルを入れたら…,If you put the medal here...,romfs\story\spt\f09_220_800_00_t071.spt
まさかな、でも…,No way. But...,romfs\story\spt\f09_220_800_00_t071.spt
ティンペットのとそっくりだ。,It looks just like Tinpet's.,romfs\story\spt\f09_220_800_00_t071.spt
六角形の穴が開いてる。,Hexagonal holes.,romfs\story\spt\f09_220_800_00_t071.spt
あのときのメダル、まだ持ってる。,I still have the medal from that time.,romfs\story\spt\f09_220_800_00_t081.spt
もしかしたらこれが…,Maybe this is...,romfs\story\spt\f09_220_800_00_t081.spt
ティンペットの穴とそっくりだけど…,It looks exactly like a hole in a tin pet...,romfs\story\spt\f09_220_800_00_t091.spt
ハッチの奥に六角形の穴が開いてる。,There's a hexagonal hole in the back of the hatch.,romfs\story\spt\f09_220_800_00_t091.spt
ちがう。,"No, it's not.",romfs\story\spt\f09_220_800_00_t112.spt
ど、どういうことだろう。,What does that mean?,romfs\story\spt\f09_220_800_00_t112.spt
ぴったりだ！,Perfect for!,romfs\story\spt\f09_220_800_00_t112.spt
まさかこれは、校長先生型のメダロット…？,Don't tell me this is a principal-type medallion...?,romfs\story\spt\f09_220_800_00_t112.spt
わああっ！,Wow!,romfs\story\spt\f09_220_800_00_t112.spt
お前のことではない。,It's not about you.,romfs\story\spt\f09_220_800_00_t113.spt
お前も教頭にやられたか。,"You got beat up by the vice principal, too.",romfs\story\spt\f09_220_800_00_t113.spt
す、すみません…,I'm sorry...,romfs\story\spt\f09_220_800_00_t113.spt
バカなヤツだ。,He's an idiot.,romfs\story\spt\f09_220_800_00_t113.spt
さっさとつぶしておくべきだった。,I should have crushed it quickly.,romfs\story\spt\f09_220_800_00_t114.spt
どうにかして持ち出そうと画策した。,He planned to take it out somehow.,romfs\story\spt\f09_220_800_00_t114.spt
まさか探知システムを復活させ,I don't think it's possible to revive the detection system.,romfs\story\spt\f09_220_800_00_t114.spt
やつはメダリウムに目がくらんだ。,He was blinded by the medallium.,romfs\story\spt\f09_220_800_00_t114.spt
メダリウムほしさに外部のならず者を呼び込み,Inviting outside crooks to come in for medallium.,romfs\story\spt\f09_220_800_00_t114.spt
命令に従うだけの無害な男と,With a harmless man who just follows orders.,romfs\story\spt\f09_220_800_00_t114.spt
探検部か。,Exploration club.,romfs\story\spt\f09_220_800_00_t114.spt
油断していたのがまずかった。,It was a bad idea to let my guard down.,romfs\story\spt\f09_220_800_00_t114.spt
野望の後押しをするバカどもが現れるとはな。,I can't believe these idiots would show up to support their ambitions.,romfs\story\spt\f09_220_800_00_t114.spt
あ、あの模造メダル…,"Oh, that imitation medal...",romfs\story\spt\f09_220_800_00_t115.spt
お前がここまで届けてくれたということか。,You mean you delivered me here.,romfs\story\spt\f09_220_800_00_t115.spt
さて――,Well--,romfs\story\spt\f09_220_800_00_t115.spt
その…　教頭室の前で拾ったんです。,"Well, I... I picked it up in front of the vice principal's office.",romfs\story\spt\f09_220_800_00_t115.spt
たまたまです。,It just so happens.,romfs\story\spt\f09_220_800_00_t115.spt
ともあれ、助かったぞ。,"Anyway, thanks for the help.",romfs\story\spt\f09_220_800_00_t115.spt
ふん、バカどもがそのへんに放り出していたのを,"Huh, those idiots were throwing it out there.",romfs\story\spt\f09_220_800_00_t115.spt
メダルをどこで手に入れた？,Where did you get your medal?,romfs\story\spt\f09_220_800_00_t115.spt
俺を目覚めさせたのはお前ではないのか？,Wasn't it you who woke me up?,romfs\story\spt\f09_220_800_00_t115.spt
工業用のメダル電源だ。,It's an industrial medallion power supply.,romfs\story\spt\f09_220_800_00_t115.spt
正確には、あれは模造メダルではない。,"To be precise, those are not imitation medals.",romfs\story\spt\f09_220_800_00_t115.spt
生体部分はそう長くは維持できんからな。,The biological part can't be maintained for that long.,romfs\story\spt\f09_220_800_00_t115.spt
あいつとは、しばらく離れていたんです。,I've been away from that guy for a while.,romfs\story\spt\f09_220_800_00_t116.spt
お前はマスター失格だ。,You are not a master.,romfs\story\spt\f09_220_800_00_t116.spt
くだらない意地の張り合いごときで,It's just a stupid little battle of wills.,romfs\story\spt\f09_220_800_00_t116.spt
そうかお前は、あのときの…,"Well you, when you were...",romfs\story\spt\f09_220_800_00_t116.spt
その…　ここに連れて来られる直前も別行動で…,"I mean... just before they brought us here, we were separated...",romfs\story\spt\f09_220_800_00_t116.spt
たやすく離れたのだとしたら――,If it was that easy to leave--,romfs\story\spt\f09_220_800_00_t116.spt
なぜ目を離した。,Why did you take your eyes off me?,romfs\story\spt\f09_220_800_00_t116.spt
はどうした？,What's wrong with the,romfs\story\spt\f09_220_800_00_t116.spt
マスターはメダロットと,The Master is a medallion and,romfs\story\spt\f09_220_800_00_t116.spt
行動を共にしなければならない。,We must get our act together.,romfs\story\spt\f09_220_800_00_t116.spt
ロボロボ退場,Roborobo exit,romfs\story\spt\f09_230_810_00.spt
扉へ,To the door,romfs\story\spt\f09_230_810_00.spt
そんなセリフ、よく言えたもんだぜおじょーちゃん。,"How can you say such a line, my dear?",romfs\story\spt\f09_230_810_00_t011.spt
またアンタ…！？,You again...!,romfs\story\spt\f09_230_810_00_t011.spt
人様のテリトリーにノコノコ上がりこんでおいて,You come into someone else's territory.,romfs\story\spt\f09_230_810_00_t011.spt
加えて、目上に対する礼儀もなってねえ。,"In addition, they have no courtesy toward their superiors.",romfs\story\spt\f09_230_810_00_t011.spt
くっ、なぜだ！　なぜ勝てん！？,"Damn, why?　Why can't we win!",romfs\story\spt\f09_230_810_00_t021.spt
こうなんども苦杯を飲まされねばならんのだ～！,I have to drink bitterly again and again!,romfs\story\spt\f09_230_810_00_t021.spt
このクールでニヒルでロッカーなオレ様が,"This cool, nihilistic, rocker of a guy.",romfs\story\spt\f09_230_810_00_t021.spt
こんどこそ本気の機体でホンキの戦いを見せてやる。,This time I will show you a real fight with a real aircraft.,romfs\story\spt\f09_230_810_00_t021.spt
すぐ船に戻って取ってくるから…,I'll be right back on the boat to get it...,romfs\story\spt\f09_230_810_00_t021.spt
そこ動くんじゃねえぞ！,Don't move there!,romfs\story\spt\f09_230_810_00_t021.spt
なにが悲しくてこんな小娘と取り巻き軍団なんぞに,What's so sad about this little girl and her army of cronies?,romfs\story\spt\f09_230_810_00_t021.spt
ま…　待ってろ！,Well... wait for it!,romfs\story\spt\f09_230_810_00_t021.spt
取り巻き…　ひどいなあ…,Cronies... what a mess...,romfs\story\spt\f09_230_810_00_t021.spt
とはいえ、本当に戻ってきたら面倒だよ。,"However, it would be a hassle if they really came back.",romfs\story\spt\f09_230_810_00_t031.spt
ほんとバカ。,Really stupid.,romfs\story\spt\f09_230_810_00_t031.spt
ショウチした！,Shouched!,romfs\story\spt\f09_230_810_00_t031.spt
待つわけないでしょ。,I wouldn't wait.,romfs\story\spt\f09_230_810_00_t031.spt
急ごう。,Let's hurry.,romfs\story\spt\f09_230_810_00_t031.spt
はしごＡ,Ladder A,romfs\story\spt\f09_240_800_00.spt
はしごＢ,ladder B,romfs\story\spt\f09_240_800_00.spt
イベント3,Event 3,romfs\story\spt\f09_240_800_00.spt
いつの間にか、,"When,",romfs\story\spt\f09_240_800_00_t011.spt
うまくやってるつもりでいたけど…,"I thought I was doing well, but...",romfs\story\spt\f09_240_800_00_t011.spt
かえって安心しちゃってたっていうか。,"In fact, I felt relieved.",romfs\story\spt\f09_240_800_00_t011.spt
がオレの言うこと,is what I say.,romfs\story\spt\f09_240_800_00_t011.spt
そうですね。,"Yes, it is.",romfs\story\spt\f09_240_800_00_t011.spt
そう思ってたのはオレだけだったのかな。,I guess I was the only one who thought so.,romfs\story\spt\f09_240_800_00_t011.spt
は,school (e.g. of ikebana),romfs\story\spt\f09_240_800_00_t011.spt
ひょっとしたら,perhaps,romfs\story\spt\f09_240_800_00_t011.spt
アイツとうまくやれるようになって,I'm just trying to get along with him.,romfs\story\spt\f09_240_800_00_t011.spt
オレ…,Ole...,romfs\story\spt\f09_240_800_00_t011.spt
マスター失格です。,Master Disqualification.,romfs\story\spt\f09_240_800_00_t011.spt
出会ったときからオレのことなんか、ずっと――,You haven't been interested in me since the moment we met.,romfs\story\spt\f09_240_800_00_t011.spt
最初から、なのかな。,"From the beginning, I guess.",romfs\story\spt\f09_240_800_00_t011.spt
聞くのは当たり前だと思っちゃってたっていうか…,I thought it was natural to ask...,romfs\story\spt\f09_240_800_00_t011.spt
この声は…っ,This voice...,romfs\story\spt\f09_240_800_00_t012.spt
ああ、ぜんぜんだ！,"Oh, not at all!",romfs\story\spt\f09_240_800_00_t022.spt
けど、わかるようになったぞ！,I'm starting to get it though!,romfs\story\spt\f09_240_800_00_t022.spt
こそ、どうしてここにっ？,What are you doing here?,romfs\story\spt\f09_240_800_00_t022.spt
ぜんぜん大丈夫なのか！？,Are you sure it's all right!,romfs\story\spt\f09_240_800_00_t022.spt
そっか良かった！,"I see, good!",romfs\story\spt\f09_240_800_00_t022.spt
なんだかわかんないけど！,I don't know what it is!,romfs\story\spt\f09_240_800_00_t022.spt
はははははははははははははは！,Ha ha ha ha ha ha ha ha ha!,romfs\story\spt\f09_240_800_00_t022.spt
ふん。,Hm.,romfs\story\spt\f09_240_800_00_t022.spt
もう会えないかと思ったよ！,I thought I would never see you again!,romfs\story\spt\f09_240_800_00_t022.spt
わからない！,I don't know!,romfs\story\spt\f09_240_800_00_t022.spt
わはははははははは！,Wahahahahaha!,romfs\story\spt\f09_240_800_00_t022.spt
無事なのか！？,Are you safe!,romfs\story\spt\f09_240_800_00_t022.spt
え、あら？,"Oh, oh?",romfs\story\spt\f09_240_800_00_t031.spt
なぜここに…！？,Why here...!,romfs\story\spt\f09_240_800_00_t031.spt
なにがあった。,What happened?,romfs\story\spt\f09_240_800_00_t031.spt
もしかして、あの人…,Maybe that guy...,romfs\story\spt\f09_240_800_00_t031.spt
俺のことは後回しだ。,I'll take care of me later.,romfs\story\spt\f09_240_800_00_t031.spt
説明しろ。,Description.,romfs\story\spt\f09_240_800_00_t031.spt
あるいはＷＭＳＳ直属セレクト隊のメダロットのみ。,Or only medallions in the WMSS direct select corps.,romfs\story\spt\f09_240_800_00_t041.spt
あるとすれば軍用,"If there is one, it's for the military.",romfs\story\spt\f09_240_800_00_t041.spt
おまけに,on top of that,romfs\story\spt\f09_240_800_00_t041.spt
これは個人の思いつきで仕組めるものではない。,This is not something that can be contrived by an individual.,romfs\story\spt\f09_240_800_00_t041.spt
それはエセドロワだ。,It is an Est-ce Droit.,romfs\story\spt\f09_240_800_00_t041.spt
どうやら俺はとんだ思いちがいをしていたようだ。,It seems I was mistaken.,romfs\story\spt\f09_240_800_00_t041.spt
なんだかすごいワザを使ってきて――,He's been using some amazing tricks--,romfs\story\spt\f09_240_800_00_t041.spt
ものすごい数のメダロットをそろえていて,We have a huge number of medallions.,romfs\story\spt\f09_240_800_00_t041.spt
やつはまんまと利用されただけ,He was just taken advantage of.,romfs\story\spt\f09_240_800_00_t041.spt
マイクロウェーブを実装したメダロットなど,"Microwave-implemented medallions, etc.",romfs\story\spt\f09_240_800_00_t041.spt
メタビーが倒せるものかっ。,Metabee can't be beaten.,romfs\story\spt\f09_240_800_00_t041.spt
ロクショウが倒せるものかっ。,Rokusho can't be beaten.,romfs\story\spt\f09_240_800_00_t041.spt
ロボロボ団ごときに,To the Rubberobo Gang.,romfs\story\spt\f09_240_800_00_t041.spt
市場に流通しているはずがない。,There is no way it should be on the market.,romfs\story\spt\f09_240_800_00_t041.spt
本当なんです！,It's true!,romfs\story\spt\f09_240_800_00_t041.spt
黒幕は――,The mastermind behind all this...,romfs\story\spt\f09_240_800_00_t041.spt
学院に戻る。,Return to the academy.,romfs\story\spt\f09_240_800_00_t042.spt
ゴーフバレット,goblet,romfs\story\spt\f10_010_500_00.spt
積み,pile,romfs\story\spt\f10_010_500_00.spt
箱ゴーフバレット,box goblet,romfs\story\spt\f10_010_500_00.spt
箱上,box lunch with rice and 10-15 small portions of fish or meat,romfs\story\spt\f10_010_500_00.spt
あの船、気になるわぁ。,I'm curious about that boat.,romfs\story\spt\f10_010_500_00_t011.spt
そろそろ潮時かなぁ　…ロボ。,I guess it's time to move on ...robo.,romfs\story\spt\f10_010_500_00_t011.spt
うるせえなあ。,Shut up.,romfs\story\spt\f10_020_101_00_t011.spt
なんだいこの音…,What's that sound...,romfs\story\spt\f10_020_101_00_t011.spt
ヘリか？,A helicopter?,romfs\story\spt\f10_020_101_00_t011.spt
どこにさ？,Where?,romfs\story\spt\f10_020_101_00_t012.spt
どんどん近づいてくるよー！,I'm getting closer and closer!,romfs\story\spt\f10_020_101_00_t012.spt
上だー！,Above!,romfs\story\spt\f10_020_101_00_t012.spt
屋上…,Rooftop...,romfs\story\spt\f10_020_101_00_t012.spt
着陸？,Landing?,romfs\story\spt\f10_020_101_00_t012.spt
あれねえ、今そこ…,"Oh, hey, there's...",romfs\story\spt\f10_020_101_00_t013.spt
だって校長先生って確か、病気で…,"Because the principal, I think, was sick...",romfs\story\spt\f10_020_101_00_t013.spt
ちょっとセンパイ！,"Hey, Sempai!",romfs\story\spt\f10_020_101_00_t013.spt
やめてくださいよ～、こわい～！,Please don't do that - it's scary!,romfs\story\spt\f10_020_101_00_t013.spt
校長先生いなかった？,Wasn't there a principal?,romfs\story\spt\f10_020_101_00_t013.spt
セレクト隊男隊員2,Select Squad Male Member 2,romfs\story\spt\f10_030_118_00.spt
セレクト隊男隊員3,Select Squad Male Member 3,romfs\story\spt\f10_030_118_00.spt
退場,exit,romfs\story\spt\f10_030_118_00.spt
あなたには、後ほど委員会から,You will be informed by the committee later.,romfs\story\spt\f10_030_118_00_t011.spt
かかか解任っ？,Dismissed?,romfs\story\spt\f10_030_118_00_t011.spt
ご本人が許可されれば、の話ですが。,"If you allow it, that is.",romfs\story\spt\f10_030_118_00_t011.spt
それまでは学院内でご自由に。,"Until then, feel free to stay in the institute.",romfs\story\spt\f10_030_118_00_t011.spt
そんなバカな！,That's absurd!,romfs\story\spt\f10_030_118_00_t011.spt
セレクト隊隊長,Select Corps Captain,romfs\story\spt\f10_030_118_00_t011.spt
何らかの処分が下されることになるでしょう。,Some sort of disciplinary action will be taken.,romfs\story\spt\f10_030_118_00_t011.spt
我々のじゃま立てをしなければ,If you don't get in our way.,romfs\story\spt\f10_030_118_00_t011.spt
本人…,Hon...,romfs\story\spt\f10_030_118_00_t011.spt
校長代理を続けていただいても構いませんよ。,You may continue as acting principal.,romfs\story\spt\f10_030_118_00_t011.spt
私はっ,I am.,romfs\story\spt\f10_030_118_00_t011.spt
こっ校長先生…,"Hey, Principal...",romfs\story\spt\f10_030_118_00_t012.spt
この計画は最初からあなたの…っ,This plan has been yours from the beginning....,romfs\story\spt\f10_030_118_00_t012.spt
ご無事でっ！？,You are safe!,romfs\story\spt\f10_030_118_00_t012.spt
はっ。,Ha.,romfs\story\spt\f10_030_118_00_t012.spt
まさかまさか,by no means,romfs\story\spt\f10_030_118_00_t012.spt
これから救出に向かうところでしたが,We were about to go to the rescue.,romfs\story\spt\f10_030_118_00_t013.spt
さらには、ＷＭＳＳ重工の軍用メダロットを,"In addition, the WMSS Heavy Industries military medallion.",romfs\story\spt\f10_030_118_00_t013.spt
なんだとっ,What the hell!,romfs\story\spt\f10_030_118_00_t013.spt
は。,Ha.,romfs\story\spt\f10_030_118_00_t013.spt
スルガ教頭は非合法の外部組織と手を結び,The Suruga vice principal joined forces with an illegitimate outside organization.,romfs\story\spt\f10_030_118_00_t013.spt
セレクト隊男隊長,Select Corps Male Captain,romfs\story\spt\f10_030_118_00_t013.spt
メダリウムを持ち出そうと計画していました。,They planned to take out the medallium.,romfs\story\spt\f10_030_118_00_t013.spt
久しいな隊長テンシン。,"Long time no see, Captain Tenshin.",romfs\story\spt\f10_030_118_00_t013.spt
外部組織に横流ししていました。,They were diverted to outside organizations.,romfs\story\spt\f10_030_118_00_t013.spt
自力で脱出されるとは、さすがでございます。,It is indeed a great achievement for you to escape by yourself.,romfs\story\spt\f10_030_118_00_t013.spt
違うっ、それは――,"No, that's--",romfs\story\spt\f10_030_118_00_t013.spt
…ですか？,...is it?,romfs\story\spt\f10_030_118_00_t014.spt
あせる必要はありません。,There is no need to panic.,romfs\story\spt\f10_030_118_00_t014.spt
これからどうする。,What are we going to do now?,romfs\story\spt\f10_030_118_00_t014.spt
しまうだけで、効率が悪いでしょう。,It would only end up being inefficient.,romfs\story\spt\f10_030_118_00_t014.spt
すぐに行動を起こさない理由は？,Why not take action immediately?,romfs\story\spt\f10_030_118_00_t014.spt
そのため、沖に船を停泊させてあります。,"For this reason, the boat is anchored offshore.",romfs\story\spt\f10_030_118_00_t014.spt
それ以前に叩いても、散り散りに山へ逃げ込んで,"If you beat them before that, they would scatter and run to the mountains.",romfs\story\spt\f10_030_118_00_t014.spt
ところを一気に抑えてしまえばいいのです。,We can suppress the place all at once.,romfs\story\spt\f10_030_118_00_t014.spt
メダリウムを船に積みきり、港を出ようとした,The medallium was loaded onto the ship and about to leave the port.,romfs\story\spt\f10_030_118_00_t014.spt
ロボロボ団など放っておけばいい。,Leave the Rubberobos and others alone.,romfs\story\spt\f10_030_118_00_t014.spt
ロボロボ団の動きを監視し,Monitoring the movements of the Rubberobos and,romfs\story\spt\f10_030_118_00_t014.spt
入港可能な港は、島にひとつしかありません。,There is only one port of entry available on the island.,romfs\story\spt\f10_030_118_00_t014.spt
彼らの船もそこに停泊しています。,Their boats are also anchored there.,romfs\story\spt\f10_030_118_00_t014.spt
怪物を目覚めさせないために,To keep the monster awake.,romfs\story\spt\f10_030_118_00_t014.spt
掘りつくすまで放っておくつもりか。,Are you going to leave it alone until you dig it up?,romfs\story\spt\f10_030_118_00_t014.spt
最優先事項は採掘を止めさせることだ。,The first priority is to stop the mining.,romfs\story\spt\f10_030_118_00_t014.spt
機を見て一気に捕らえます。,We see an opportunity and capture it all at once.,romfs\story\spt\f10_030_118_00_t014.spt
「我々」とはだれを指す。,"Who is ""we""?",romfs\story\spt\f10_030_118_00_t015.spt
これは好機なのです。,This is an opportunity.,romfs\story\spt\f10_030_118_00_t015.spt
なんだと？,What the hell?,romfs\story\spt\f10_030_118_00_t015.spt
ひとつ聞く。,I'll ask you one thing.,romfs\story\spt\f10_030_118_00_t015.spt
怪物を永遠の眠りにつかせる絶好の好機！,A perfect opportunity to put the monster to eternal sleep!,romfs\story\spt\f10_030_118_00_t015.spt
我々の考えは違います。,Our view is different.,romfs\story\spt\f10_030_118_00_t015.spt
財閥の総意とお考えくだされば。,Please consider it as the consensus of the conglomerate.,romfs\story\spt\f10_030_118_00_t015.spt
そういうことか…,So that's what you're saying...,romfs\story\spt\f10_030_118_00_t016.spt
おい…,Hey...,romfs\story\spt\f10_030_118_00_t017.spt
俺たちも行こうぜ…,Let's go too...,romfs\story\spt\f10_030_118_00_t017.spt
…いいけど。,...but good.,romfs\story\spt\f10_035_101_00_t011.spt
いいかげん、おフロ入って休みたいわ。,"Okay, I'm going to go get a bathrobe and get some rest.",romfs\story\spt\f10_035_101_00_t011.spt
いったん部室に集まってくれないかな。,Can we please gather in the club room once.,romfs\story\spt\f10_035_101_00_t011.spt
いろいろありすぎて疲れちゃったから…,I'm just tired of having so much going on...,romfs\story\spt\f10_035_101_00_t011.spt
いろいろありすぎよ！,There's too much going on!,romfs\story\spt\f10_035_101_00_t011.spt
これからどうします？,What are you going to do now?,romfs\story\spt\f10_035_101_00_t011.spt
すぐ終わりにするからさー。,"I'll end it right away, you know?",romfs\story\spt\f10_035_101_00_t011.spt
そうだね,"Yes, it is.",romfs\story\spt\f10_035_101_00_t011.spt
まあまあ、その前に,"Well, well, well, before we get to that.",romfs\story\spt\f10_035_101_00_t011.spt
今日の出来事を整頓してみたいんだ。,I'm just trying to put today's events in order.,romfs\story\spt\f10_035_101_00_t011.spt
入口付近4,Near the entrance4,romfs\story\spt\f10_040_161_00.spt
校長先生…,Principal...,romfs\story\spt\f10_040_161_00_t011.spt
メダルはどこだ？,Where's the medal?,romfs\story\spt\f10_040_161_00_t012.spt
これです。,Here it is.,romfs\story\spt\f10_040_161_00_t021.spt
わたしが持ってます。,I have it.,romfs\story\spt\f10_040_161_00_t021.spt
あの入口を――,That entrance...,romfs\story\spt\f10_040_161_00_t022.spt
こいつの意識を辛うじてつなぎ止めていたんだ。,I was barely holding this guy's consciousness together.,romfs\story\spt\f10_040_161_00_t022.spt
このメダルは壊れてます。,This medal is broken.,romfs\story\spt\f10_040_161_00_t022.spt
それでも約束を果たそうとする意思だけが,"Still, only the will to fulfill the promise",romfs\story\spt\f10_040_161_00_t022.spt
それも、もはや,It is also no longer,romfs\story\spt\f10_040_161_00_t022.spt
そんなはずないです、だって今朝までは――,"It can't be, because until this morning--",romfs\story\spt\f10_040_161_00_t022.spt
だが,but,romfs\story\spt\f10_040_161_00_t022.spt
動きません。,No movement.,romfs\story\spt\f10_040_161_00_t022.spt
動けるはずがないんだ。,There's no way I could move.,romfs\story\spt\f10_040_161_00_t022.spt
坑道口を守るという強い意志だけが,Only a strong will to protect the mine mouth,romfs\story\spt\f10_040_161_00_t022.spt
壊れているんだ、とっくの昔に。,"It's broken, long ago.",romfs\story\spt\f10_040_161_00_t022.spt
数十年も前からな。,For decades.,romfs\story\spt\f10_040_161_00_t022.spt
数十年？,Decades?,romfs\story\spt\f10_040_161_00_t022.spt
知っている。,I know.,romfs\story\spt\f10_040_161_00_t022.spt
記憶を失い、マスターを忘れ,"Losing memory, forgetting the master",romfs\story\spt\f10_040_161_00_t022.spt
い、いや、これは…,"No, no, this is...",romfs\story\spt\f10_040_161_00_t023.spt
な、…なんだ？,Hey... what?,romfs\story\spt\f10_040_161_00_t023.spt
地震！？,Earthquake!,romfs\story\spt\f10_040_161_00_t023.spt
いかんっ！,"Oh, no!",romfs\story\spt\f10_040_161_00_t031.spt
坑道だろうね。,It would be a mine.,romfs\story\spt\f10_040_161_00_t041.spt
行く先は…,Where to go...,romfs\story\spt\f10_040_161_00_t041.spt
追おう。,Let's chase.,romfs\story\spt\f10_040_161_00_t041.spt
間違いなく。,Definitely.,romfs\story\spt\f10_040_161_00_t041.spt
逃げるロボロボ団Ａ,Fleeing Rubberobos A,romfs\story\spt\f10_050_231_00.spt
逃走1,Escape 1,romfs\story\spt\f10_050_231_00.spt
逃走1スタート,Escape 1 start,romfs\story\spt\f10_050_231_00.spt
逃走主人公,fugitive hero,romfs\story\spt\f10_050_231_00.spt
※などなどで,※ and so on and so forth.,romfs\story\spt\f10_050_231_00_t001.spt
※入ってすぐまたはトリガー（サイズしだい）,※Once in or triggered (depending on size),romfs\story\spt\f10_050_231_00_t001.spt
※画面外（進行方向）から,※From off-screen (direction of travel),romfs\story\spt\f10_050_231_00_t001.spt
★上記様のイベント最深部までの中継ポイント数箇所,★Several relay points to the deepest part of the event like above,romfs\story\spt\f10_050_231_00_t001.spt
　に仕掛けたい／変化はテキストていどで,　I want to set up to / change in the text amount.,romfs\story\spt\f10_050_231_00_t001.spt
　複数のロボロボ団員が出現～来た口に次々と退場,　Multiple Rubberobo group members appeared - exiting one after another at the mouth where they came from.,romfs\story\spt\f10_050_231_00_t001.spt
お金欲しいロボ～,"I want money, Robo~.",romfs\story\spt\f10_050_231_00_t001.spt
だからやめとけって言ったのに～,I told you not to do that.,romfs\story\spt\f10_050_231_00_t001.spt
初めて聞いたロボ～！,This is the first time I've heard of Robo~!,romfs\story\spt\f10_050_231_00_t001.spt
助けて～ロボ～！,Help me - Robo!,romfs\story\spt\f10_050_231_00_t001.spt
死にたくないロボ～！,"I don't want to die, Robo~!",romfs\story\spt\f10_050_231_00_t001.spt
逃げるロボ～！,Running away robot~!,romfs\story\spt\f10_050_231_00_t001.spt
お金ほしいロボ～,"I want money, Robo~.",romfs\story\spt\f10_050_231_00_t013.spt
メダルイーター_out,Medal eater_out,romfs\story\spt\f10_060_233_00.spt
坑道３前,Before Tunnel 3,romfs\story\spt\f10_060_233_00.spt
最深部へ,To the Deepest Level,romfs\story\spt\f10_060_233_00.spt
ゾンビ,zombie,romfs\story\spt\f10_070_234_00.spt
ゾンビ2,Zombie 2,romfs\story\spt\f10_070_234_00.spt
ゾンビ3,Zombie 3,romfs\story\spt\f10_070_234_00.spt
ゾンビ4,Zombie 4,romfs\story\spt\f10_070_234_00.spt
ゾンビ5,Zombie 5,romfs\story\spt\f10_070_234_00.spt
ゾンビ6,Zombie 6,romfs\story\spt\f10_070_234_00.spt
ミオ校長,Principal Mio.,romfs\story\spt\f10_070_234_00.spt
メタビー2,Metabee 2,romfs\story\spt\f10_070_234_00.spt
メタビー脱出,Metabee Escape,romfs\story\spt\f10_070_234_00.spt
メダルイーター方向,Medal eater direction,romfs\story\spt\f10_070_234_00.spt
主人公校長,headmaster,romfs\story\spt\f10_070_234_00.spt
対メダルイーター,anti-medal eater,romfs\story\spt\f10_070_234_00.spt
結晶,crystal,romfs\story\spt\f10_070_234_00.spt
結晶割れ,crystal crack,romfs\story\spt\f10_070_234_00.spt
くっ、耳が…っ！,"Damn, my ears...!",romfs\story\spt\f10_070_234_00_t021.spt
なによこの音！？,What's that sound!,romfs\story\spt\f10_070_234_00_t021.spt
見ろ！！,Look!,romfs\story\spt\f10_070_234_00_t021.spt
いったん引こう！,Let's pull back once!,romfs\story\spt\f10_070_234_00_t031.spt
きりがないわ！,There's no end to it!,romfs\story\spt\f10_070_234_00_t031.spt
お前も引け！,You pull it too!,romfs\story\spt\f10_070_234_00_t032.spt
ごめんマスター,"Sorry, Master.",romfs\story\spt\f10_070_234_00_t032.spt
すまぬマスター,I'm sorry master.,romfs\story\spt\f10_070_234_00_t032.spt
まだだ！,Not yet!,romfs\story\spt\f10_070_234_00_t032.spt
まだ終わっちゃいない！,It's not over yet!,romfs\story\spt\f10_070_234_00_t032.spt
オレ、約束まもれなかった…,I didn't keep my promise...,romfs\story\spt\f10_070_234_00_t032.spt
メタビー！,Metabee!,romfs\story\spt\f10_070_234_00_t032.spt
ロクショウ！,Roksho!,romfs\story\spt\f10_070_234_00_t032.spt
ワタシは約束を果たせなかった…,I couldn't keep my promise...,romfs\story\spt\f10_070_234_00_t032.spt
復活しちまった…,It's back...,romfs\story\spt\f10_070_234_00_t032.spt
復活してしまった…,It's back...,romfs\story\spt\f10_070_234_00_t032.spt
いつかぶん殴ってやるためだろ！,It's so you can beat him up someday!,romfs\story\spt\f10_070_234_00_t033.spt
ここで終わりなんて許さねえぞメタビー！,"I won't allow it to end here, Metabee!",romfs\story\spt\f10_070_234_00_t033.spt
ここで終わりなんて許さねえぞロクショウ！,"I won't allow it to end here, Rokusho!",romfs\story\spt\f10_070_234_00_t033.spt
なんのために守ってきたんだ！,What have you been protecting it for?,romfs\story\spt\f10_070_234_00_t033.spt
俺たちはまだ終わっちゃいない！,We're not done yet!,romfs\story\spt\f10_070_234_00_t033.spt
…どけ。,...get out of my way.,romfs\story\spt\f10_070_234_00_t034.spt
いったん体勢を立て直すんだ！,Once you get back into position!,romfs\story\spt\f10_070_234_00_t034.spt
お前、だれだ。,Who are you?,romfs\story\spt\f10_070_234_00_t034.spt
ここを出る！,I'm leaving here!,romfs\story\spt\f10_070_234_00_t034.spt
だれだっていい！,It doesn't matter who you are!,romfs\story\spt\f10_070_234_00_t034.spt
何奴。,What a guy.,romfs\story\spt\f10_070_234_00_t034.spt
行くぞ！,Let's go!,romfs\story\spt\f10_070_234_00_t034.spt
ひとりでとは言ってない！,I didn't say alone!,romfs\story\spt\f10_070_234_00_t035.spt
ぶん殴れと言ったのは、あんただぜ。,You're the one who told me to punch him.,romfs\story\spt\f10_070_234_00_t035.spt
やめるんだ！,Stop!,romfs\story\spt\f10_070_234_00_t035.spt
オレが従うのは――,I'm not gonna follow--,romfs\story\spt\f10_070_234_00_t035.spt
マスターだけだ！,Only the master!,romfs\story\spt\f10_070_234_00_t035.spt
マスターのみ！,Master only!,romfs\story\spt\f10_070_234_00_t035.spt
メタビー！！,Metabee!,romfs\story\spt\f10_070_234_00_t035.spt
ロクショウ！！,Roksho!,romfs\story\spt\f10_070_234_00_t035.spt
ワタシの従う者は唯ひとり――,There is only one person I follow--,romfs\story\spt\f10_070_234_00_t035.spt
殴れと言ったのは貴様のはず。,It should have been you who told me to hit him.,romfs\story\spt\f10_070_234_00_t035.spt
ちっぽけなプライドは捨ててオレと戦え！,Put aside your petty pride and fight me!,romfs\story\spt\f10_070_234_00_t041.spt
ひとりじゃなにもできねえぞ。,You can't do anything alone.,romfs\story\spt\f10_070_234_00_t041.spt
ふっ,phew,romfs\story\spt\f10_070_234_00_t041.spt
ロボロボ団ごときにやられたそうだな？,I hear you got beat up by a bunch of Rubberobos.,romfs\story\spt\f10_070_234_00_t041.spt
考えろ。,Think.,romfs\story\spt\f10_070_234_00_t041.spt
聞いたぜ、お前,"I heard you, dude.",romfs\story\spt\f10_070_234_00_t041.spt
が、やつらの相手は少々しんどい。,"However, it is a little difficult to deal with them.",romfs\story\spt\f10_070_234_00_t042.spt
ケガを！？,You're hurt!,romfs\story\spt\f10_070_234_00_t042.spt
援護を頼む。,Cover me.,romfs\story\spt\f10_070_234_00_t042.spt
校長先生！,Principal!,romfs\story\spt\f10_070_234_00_t042.spt
移動に支障はない。,There are no obstacles to mobility.,romfs\story\spt\f10_070_234_00_t042.spt
足は動く。,Legs move.,romfs\story\spt\f10_070_234_00_t042.spt
リョウカイ！,Ryokai!,romfs\story\spt\f10_070_234_00_t043.spt
脱出だ！,Escape!,romfs\story\spt\f10_070_234_00_t043.spt
out右,out right,romfs\story\spt\f11_010_101_00.spt
out左,out left,romfs\story\spt\f11_010_101_00.spt
メダ1,Meda 1,romfs\story\spt\f11_010_101_00.spt
メダ10,MEDA 10,romfs\story\spt\f11_010_101_00.spt
メダ11,MEDA 11,romfs\story\spt\f11_010_101_00.spt
メダ12,MEDA 12,romfs\story\spt\f11_010_101_00.spt
メダ2,Meda2,romfs\story\spt\f11_010_101_00.spt
メダ3,Meda 3,romfs\story\spt\f11_010_101_00.spt
メダ4,MEDA 4,romfs\story\spt\f11_010_101_00.spt
メダ5,Meda 5,romfs\story\spt\f11_010_101_00.spt
メダ6,Meda6,romfs\story\spt\f11_010_101_00.spt
メダ7,Meda7,romfs\story\spt\f11_010_101_00.spt
メダ8,MEDA 8,romfs\story\spt\f11_010_101_00.spt
メダ9,MEDA 9,romfs\story\spt\f11_010_101_00.spt
報告,report,romfs\story\spt\f11_010_101_00.spt
報告隊員,reporting corps member,romfs\story\spt\f11_010_101_00.spt
隊員1,Troop 1,romfs\story\spt\f11_010_101_00.spt
隊員10,Troop 10,romfs\story\spt\f11_010_101_00.spt
隊員11,Troop 11,romfs\story\spt\f11_010_101_00.spt
隊員12,Troop 12,romfs\story\spt\f11_010_101_00.spt
隊員2,Troop 2,romfs\story\spt\f11_010_101_00.spt
隊員3,Troop 3,romfs\story\spt\f11_010_101_00.spt
隊員4,Troop 4,romfs\story\spt\f11_010_101_00.spt
隊員5,Troop 5,romfs\story\spt\f11_010_101_00.spt
隊員6,Troop 6,romfs\story\spt\f11_010_101_00.spt
隊員7,Troop 7,romfs\story\spt\f11_010_101_00.spt
隊員8,Troop 8,romfs\story\spt\f11_010_101_00.spt
隊員9,Troop 9,romfs\story\spt\f11_010_101_00.spt
うははは！,Ha ha ha!,romfs\story\spt\f11_010_101_00_t011.spt
このときを待っていたあああぁ！,I've been waiting for this moment ahhh!,romfs\story\spt\f11_010_101_00_t011.spt
はっ！,Ha!,romfs\story\spt\f11_010_101_00_t011.spt
総員！,All members!,romfs\story\spt\f11_010_101_00_t011.spt
このテンシンさまが見事成敗してやるわ！,"I, Tenshin-sama, will defeat you in style!",romfs\story\spt\f11_010_101_00_t012.spt
前進！,Advancement!,romfs\story\spt\f11_010_101_00_t012.spt
待っていろよ怪物とやら！,"Wait and see, you monster!",romfs\story\spt\f11_010_101_00_t012.spt
先生女_A,Teacher Woman_A,romfs\story\spt\f11_020_108_00.spt
先生女_C,Teacher Woman_C,romfs\story\spt\f11_020_108_00.spt
先生男_B,Teacher man_B,romfs\story\spt\f11_020_108_00.spt
先生男_C,Teacher man_C,romfs\story\spt\f11_020_108_00.spt
あのあの,errr ...,romfs\story\spt\f11_020_108_00_t011.spt
これから…,From now on...,romfs\story\spt\f11_020_108_00_t011.spt
その必要はない。,There is no need for that.,romfs\story\spt\f11_020_108_00_t011.spt
そんな,"such (about the actions of the listener, or about ideas expressed or understood by the listener)",romfs\story\spt\f11_020_108_00_t011.spt
そ～ですよサイトウさん。,"That's right, Mr. Saito.",romfs\story\spt\f11_020_108_00_t011.spt
どうしましょう,what shall we do?,romfs\story\spt\f11_020_108_00_t011.spt
どうしようもないですな。,I can't help it.,romfs\story\spt\f11_020_108_00_t011.spt
ぼくらは必死で考え行動せにゃならんのです。,We have to think and act desperately.,romfs\story\spt\f11_020_108_00_t011.spt
やはり明日からの授業は中止でしょうか。,Will classes still be canceled tomorrow?,romfs\story\spt\f11_020_108_00_t011.spt
学院はもはや完全にセレクト隊の指揮下だ。,The academy is now completely under the command of the select corps.,romfs\story\spt\f11_020_108_00_t011.spt
少なくとも明日はやむを得んでしょう。,At least tomorrow will be unavoidable.,romfs\story\spt\f11_020_108_00_t011.spt
彼らの指示がない限り,Unless they tell you otherwise.,romfs\story\spt\f11_020_108_00_t011.spt
悲観的すぎます！,Too pessimistic!,romfs\story\spt\f11_020_108_00_t011.spt
我々は空気を吸うことすらできんのです…,We can't even breathe air...,romfs\story\spt\f11_020_108_00_t011.spt
生徒たちには寮で待機するよう、連絡を――,Tell the students to stay in their dormitories.,romfs\story\spt\f11_020_108_00_t011.spt
生徒たちのためにも、なにができるか,What can we do for our students?,romfs\story\spt\f11_020_108_00_t011.spt
――と、やつらは言った。,#NAME?,romfs\story\spt\f11_020_108_00_t012.spt
お前たちも、今のうちに休んでおけ。,You guys should rest while you still can.,romfs\story\spt\f11_020_108_00_t012.spt
ですけどっ,but,romfs\story\spt\f11_020_108_00_t012.spt
ならば、それ以上に気を回す必要はない。,Then there is no need to be more concerned about it.,romfs\story\spt\f11_020_108_00_t012.spt
は、はい。,"Ha, yes.",romfs\story\spt\f11_020_108_00_t012.spt
ふだんどおりにしていればいい。,Just carry on as usual.,romfs\story\spt\f11_020_108_00_t012.spt
学院の敷地を出なければ自由,Free as long as you don't leave the academy grounds,romfs\story\spt\f11_020_108_00_t012.spt
out_メダ,OUT_MEDA,romfs\story\spt\f11_030_161_00.spt
なんだかすごい久しぶりな気がするなあ。,It feels like it's been an awfully long time.,romfs\story\spt\f11_030_161_00_t011.spt
静かね。,It's quiet.,romfs\story\spt\f11_030_161_00_t011.spt
いい？,Okay?,romfs\story\spt\f11_030_161_00_t012.spt
さて。,Well.,romfs\story\spt\f11_030_161_00_t012.spt
どうぞどうぞ。,Please go ahead.,romfs\story\spt\f11_030_161_00_t012.spt
情報整理をしときたいんだけど,I'm just trying to get my information straightened out.,romfs\story\spt\f11_030_161_00_t012.spt
あの、へんなヘルメットかぶった制服集団の――,"You know, those uniformed guys with the weird helmets...",romfs\story\spt\f11_030_161_00_t013.spt
あのメダリウムに人を近づけまいとしていたな。,You were trying to keep people away from that medallium.,romfs\story\spt\f11_030_161_00_t013.spt
あるいは…,Or...,romfs\story\spt\f11_030_161_00_t013.spt
あれこれ考えてみたんだけど…,I've been thinking about this and that...,romfs\story\spt\f11_030_161_00_t013.spt
いちおうはね。,In a manner of speaking.,romfs\story\spt\f11_030_161_00_t013.spt
きっと、だれにも倒せないと考えていたんだろう。,They probably thought that no one could beat them.,romfs\story\spt\f11_030_161_00_t013.spt
これから、どうなっちゃうんだろう。,I wonder what will happen now.,romfs\story\spt\f11_030_161_00_t013.spt
これと似たようなことが起きたんだと思う。,I think something similar to this happened.,romfs\story\spt\f11_030_161_00_t013.spt
そうそう、そのセレクト隊の隊長さんは,"Oh, yes, the captain of that select group.",romfs\story\spt\f11_030_161_00_t013.spt
だけど、そのときはどうにかなったんでしょ？,"But then you managed to do something about it, didn't you?",romfs\story\spt\f11_030_161_00_t013.spt
ついに禁を破っちまったってわけか。,So you've finally broken the ban.,romfs\story\spt\f11_030_161_00_t013.spt
でもきっと、完全に解決したわけじゃない。,But surely it's not completely resolved.,romfs\story\spt\f11_030_161_00_t013.spt
なのにいろんな思惑を持ったやつらが押しかけて,"And yet, people with all kinds of agendas just barge in.",romfs\story\spt\f11_030_161_00_t013.spt
もしなんとか隊の隊長さんがうまくやってれば,If somehow the captain of the squad did well.,romfs\story\spt\f11_030_161_00_t013.spt
セレクト隊だな。,Select Squad.,romfs\story\spt\f11_030_161_00_t013.spt
ロボロボ団とか,Or the Rubberobo Gang.,romfs\story\spt\f11_030_161_00_t013.spt
中から恐ろしい怪物が出てきて、さあ大変――,"A hideous monster comes out from inside, and voila!",romfs\story\spt\f11_030_161_00_t013.spt
今ごろ万事解決してるんじゃないの？,I thought all would be well by now.,romfs\story\spt\f11_030_161_00_t013.spt
今度こそやっつけるつもりみたいだけど,It looks like he's going to get it this time.,romfs\story\spt\f11_030_161_00_t013.spt
今起きていることは、おそらく過去の再現なんだ。,What is happening now is probably a reenactment of the past.,romfs\story\spt\f11_030_161_00_t013.spt
俺らとかな。,Like us.,romfs\story\spt\f11_030_161_00_t013.spt
再現？,Reproduction?,romfs\story\spt\f11_030_161_00_t013.spt
怪物は封印されただけなんだ。,The monster is just sealed up.,romfs\story\spt\f11_030_161_00_t013.spt
教頭とか？,Like a vice principal?,romfs\story\spt\f11_030_161_00_t013.spt
数十年前の鉱山事故も,And the mining accident a few decades ago.,romfs\story\spt\f11_030_161_00_t013.spt
校長先生の考えはちがうみたいだね。,The principal seems to think differently.,romfs\story\spt\f11_030_161_00_t013.spt
校長先生は、なにがなんでも,"Principal, whatever it takes.",romfs\story\spt\f11_030_161_00_t013.spt
解決できなかったら、そのときは――,"If you can't solve it, then--",romfs\story\spt\f11_030_161_00_t013.spt
過去の,Past,romfs\story\spt\f11_030_161_00_t013.spt
鉱山で見つかったメダリウムを掘り出していたら,I was digging out a medallium found in the mine.,romfs\story\spt\f11_030_161_00_t013.spt
ＷＭＳＳ財閥の私設自警団だ。,It is a private vigilante group of the WMSS conglomerate.,romfs\story\spt\f11_030_161_00_t013.spt
またなにか…　あったのかしら。,I wonder if something happened again.,romfs\story\spt\f11_030_161_00_t014.spt
行くか。,Let's go.,romfs\story\spt\f11_030_161_00_t014.spt
表がさわがしいね。,The front is very noisy.,romfs\story\spt\f11_030_161_00_t014.spt
セレクト会話,Select Conversation,romfs\story\spt\f11_035_161_00.spt
大丈夫です！,It's okay!,romfs\story\spt\f11_035_161_00.spt
ここを出たら戦いが待っている。,"When you leave here, a battle awaits you.",romfs\story\spt\f11_035_161_00_t011.spt
それなりの覚悟で出たほうがいい。,You should be prepared to go out on your own terms.,romfs\story\spt\f11_035_161_00_t011.spt
たぶん――　いやきっと,"Maybe-- no, I'm sure.",romfs\story\spt\f11_035_161_00_t011.spt
心の準備はできてるかい？,Are you ready for this?,romfs\story\spt\f11_035_161_00_t011.spt
準備はいい？,Are you ready?,romfs\story\spt\f11_035_161_00_t011.spt
わかった、待つよ。,"Okay, I'll wait.",romfs\story\spt\f11_035_161_00_t031.spt
早くしなさいよね！,"You'd better hurry up, wouldn't you?",romfs\story\spt\f11_035_161_00_t031.spt
よろよろ,unsteady,romfs\story\spt\f11_040_101_00.spt
カメラ中央,Camera center,romfs\story\spt\f11_040_101_00.spt
報告カメラ,reporting camera,romfs\story\spt\f11_040_101_00.spt
敵1,Enemy 1,romfs\story\spt\f11_040_101_00.spt
敵2,Enemy 2,romfs\story\spt\f11_040_101_00.spt
敵3,Enemy 3,romfs\story\spt\f11_040_101_00.spt
敵4,Enemy 4,romfs\story\spt\f11_040_101_00.spt
移動メダ1,Mobile Meda 1,romfs\story\spt\f11_040_101_00.spt
移動メダ2,Mobile Meda 2,romfs\story\spt\f11_040_101_00.spt
なんだあっ？,What the hell?,romfs\story\spt\f11_040_101_00_t011.spt
メダロットが――,The medallion...,romfs\story\spt\f11_040_101_00_t011.spt
来るぞ！,Coming!,romfs\story\spt\f11_040_101_00_t011.spt
こいつら野良メダロットか…,These guys are stray medallions...,romfs\story\spt\f11_040_101_00_t021.spt
こんなこと、今までいちども――,I've never done anything like this before.,romfs\story\spt\f11_040_101_00_t021.spt
ふう。,Fuu.,romfs\story\spt\f11_040_101_00_t021.spt
ソウクウさま――　校長先生はおられますか！？,Mr. Soukou-- Is the principal here?,romfs\story\spt\f11_040_101_00_t021.spt
野良メダロットが、どうして校内に？,How did a stray medallion end up on campus?,romfs\story\spt\f11_040_101_00_t021.spt
ほっ、報告であります！,"Ho, it is a report!",romfs\story\spt\f11_040_101_00_t022.spt
セレクト隊0,Select team 0,romfs\story\spt\f11_050_108_00.spt
セレクト隊1,Select team 1,romfs\story\spt\f11_050_108_00.spt
保健0,Health 0,romfs\story\spt\f11_050_108_00.spt
保健2,Health 2,romfs\story\spt\f11_050_108_00.spt
校内放送１,In-school broadcast 1,romfs\story\spt\f11_050_108_00.spt
校長会話,Principal Conversation,romfs\story\spt\f11_050_108_00.spt
くだらん。,Nonsense.,romfs\story\spt\f11_050_108_00_t011.spt
ところが…,However...,romfs\story\spt\f11_050_108_00_t011.spt
とたんに形勢がひっくり返ったのであります！,The situation was suddenly turned upside down!,romfs\story\spt\f11_050_108_00_t011.spt
とつじょ怪物が雄たけびを上げたのであります。,The monster screamed a war cry.,romfs\story\spt\f11_050_108_00_t011.spt
みなさんは島からすみやかに脱出を――,I want you all off this island as soon as possible.,romfs\story\spt\f11_050_108_00_t011.spt
もちろん我々もその覚悟です。,Of course we are prepared to do so.,romfs\story\spt\f11_050_108_00_t011.spt
テン――　た、隊長でありますか？,"Ten-- is that you, captain?",romfs\story\spt\f11_050_108_00_t011.spt
テンシンはどうした。,What happened to Tenshin?,romfs\story\spt\f11_050_108_00_t011.spt
怪物は明らかに弱っていたのであります。,The monster was clearly weakened.,romfs\story\spt\f11_050_108_00_t011.spt
我々が持ちこたえている間に,While we hold on.,romfs\story\spt\f11_050_108_00_t011.spt
我々のメダロットが急に言うことを聞かなくなり,Our medallions suddenly stopped listening to us.,romfs\story\spt\f11_050_108_00_t011.spt
我々はたちまち総員撤退に,We immediately went into full retreat.,romfs\story\spt\f11_050_108_00_t011.spt
我々を攻撃し始めたのであります！,They began to attack us!,romfs\story\spt\f11_050_108_00_t011.spt
最初は優勢だったのであります。,"At first, they had the upper hand.",romfs\story\spt\f11_050_108_00_t011.spt
火気を携え、隊と共に前線にとどまっておられます。,He carries fire and remains on the front line with His troops.,romfs\story\spt\f11_050_108_00_t011.spt
追い込まれたのであります…！,We were forced into a corner...!,romfs\story\spt\f11_050_108_00_t011.spt
隊長は、命を賭して防波堤となるおつもりです。,The captain is willing to risk his life to be a bulwark.,romfs\story\spt\f11_050_108_00_t011.spt
お、オレたちですかっ？,"Oh, we are?",romfs\story\spt\f11_050_108_00_t012.spt
お前たちは役に立たん。,You are useless.,romfs\story\spt\f11_050_108_00_t012.spt
こうなった原因の一部はお前らにある。,Part of the reason this happened is because of you.,romfs\story\spt\f11_050_108_00_t012.spt
さっさと動け。,Move quickly.,romfs\story\spt\f11_050_108_00_t012.spt
さっさと島から出て行け。,Get the hell off the island.,romfs\story\spt\f11_050_108_00_t012.spt
しっ、しかし,"Shh, but...",romfs\story\spt\f11_050_108_00_t012.spt
せめて校内に下がってじっとしていてもらおうか。,Let's at least ask them to go back inside the school and stay put.,romfs\story\spt\f11_050_108_00_t012.spt
なにをしている,what are you doing?,romfs\story\spt\f11_050_108_00_t012.spt
なにをすればいいのか言ってください。,Please tell me what to do.,romfs\story\spt\f11_050_108_00_t012.spt
ほかにだれがいる。,Who else is there?,romfs\story\spt\f11_050_108_00_t012.spt
プライドが許さんのなら,If your pride won't allow it.,romfs\story\spt\f11_050_108_00_t012.spt
後がつかえているんだ。,I'm holding on to the rest.,romfs\story\spt\f11_050_108_00_t012.spt
責任をとってもらうぞ。,You're going to have to take responsibility.,romfs\story\spt\f11_050_108_00_t012.spt
あの、ちょっと？,"Um, hey?",romfs\story\spt\f11_050_108_00_t013.spt
どいて！！,Move!,romfs\story\spt\f11_050_108_00_t013.spt
校長せんせ――,"Principal, sir...",romfs\story\spt\f11_050_108_00_t013.spt
ええ、脳波も正常…,"Yeah, brain waves are normal...",romfs\story\spt\f11_050_108_00_t014.spt
疲れがたまっただけね、良かった…,"I'm just tired, thank God...",romfs\story\spt\f11_050_108_00_t014.spt
神経回路は正常よ。,Neural circuits are normal.,romfs\story\spt\f11_050_108_00_t014.spt
レスキュー,rescue,romfs\story\spt\f11_070_101_00.spt
レスキュー部位置,Rescue section location,romfs\story\spt\f11_070_101_00.spt
レスキュー部前,In front of Rescue Dept.,romfs\story\spt\f11_070_101_00.spt
野良に応戦レスキュー部,Rescue Department Responding to the Stray,romfs\story\spt\f11_070_101_00.spt
おっしゃ！,Osha!,romfs\story\spt\f11_070_101_00_t011.spt
わかってますよ！,I understand!,romfs\story\spt\f11_070_101_00_t011.spt
倒した！,Defeated!,romfs\story\spt\f11_070_101_00_t011.spt
油断するな！,Be on your guard!,romfs\story\spt\f11_070_101_00_t011.spt
ん…？,Hmm...?,romfs\story\spt\f11_080_150_00_t011.spt
奥から戦ってる音が聞こえるね。,I can hear you fighting from the back.,romfs\story\spt\f11_080_150_00_t012.spt
メダ研3,Meda Research 3,romfs\story\spt\f11_080_150_10.spt
暴走メダa,Runaway meda a,romfs\story\spt\f11_080_150_10.spt
暴走メダb,Runaway Meda b,romfs\story\spt\f11_080_150_10.spt
暴走メダc,Runaway Meda C,romfs\story\spt\f11_080_150_10.spt
野良に応戦メダ研,Meda Labs responds to the wild,romfs\story\spt\f11_080_150_10.spt
助太刀しよう。,Let me help you.,romfs\story\spt\f11_080_150_10_t011.spt
数が多いな…,There are so many...,romfs\story\spt\f11_080_150_10_t011.spt
危なかったよー。,That was close!,romfs\story\spt\f11_080_150_10_t021.spt
アイドル2,Idol 2,romfs\story\spt\f11_090_160_00.spt
アイドル3,Idol 3,romfs\story\spt\f11_090_160_00.spt
キャー！,Cah!,romfs\story\spt\f11_090_160_00_t011.spt
いやあ、たまたま通りがかっただけだから。,"Oh no, I just happened to be passing by.",romfs\story\spt\f11_090_160_00_t021.spt
はは。ははは。,Ha ha. Ha ha.,romfs\story\spt\f11_090_160_00_t021.spt
ミオ、,"Mio,",romfs\story\spt\f11_090_160_00_t021.spt
精鋭メダの襲撃,Elite Meda Raid,romfs\story\spt\f11_110_000_00.spt
ケガ人は体育館へ、パートナーの故障は,"Injuries go to the gymnasium, partner breakdowns.",romfs\story\spt\f11_110_000_00_t011.spt
センメツを確認した。,Semmets confirmed.,romfs\story\spt\f11_110_000_00_t011.spt
メダロット研究会で診てもらうように。,Have him examined by the Medarot Study Group.,romfs\story\spt\f11_110_000_00_t011.spt
余力のある者は、校門または寮の裏手に回り,Those with extra strength should go around to the school gate or the back of the dormitory.,romfs\story\spt\f11_110_000_00_t011.spt
動きがあればまた知らせる。,I will let you know if there is any movement.,romfs\story\spt\f11_110_000_00_t011.spt
教室棟、部室棟に侵入した野良メダロットの,Stray medallions that have invaded the classroom and club buildings.,romfs\story\spt\f11_110_000_00_t011.spt
迎撃担当部のサポートに入ってほしい。,I would like you to be in support of the department in charge of interception.,romfs\story\spt\f11_110_000_00_t011.spt
いったん部室に戻ります？,Would you like to go back to the clubroom for a while?,romfs\story\spt\f11_110_000_00_t012.spt
そうだねえ――,"Yeah, well...",romfs\story\spt\f11_110_000_00_t012.spt
それじゃオレらも,"Well, then, we're in.",romfs\story\spt\f11_110_000_00_t012.spt
ですって。,I'm sorry.,romfs\story\spt\f11_110_000_00_t012.spt
みんなお疲れさまー、だね。,"Good job everyone, right?",romfs\story\spt\f11_110_000_00_t012.spt
ぼくのスマホだ。,It's my phone.,romfs\story\spt\f11_110_000_00_t013.spt
メール…,Email...,romfs\story\spt\f11_110_000_00_t013.spt
う。,U.,romfs\story\spt\f11_110_000_00_t014.spt
きっとお説教だよ。,I'm sure it's a sermon.,romfs\story\spt\f11_110_000_00_t014.spt
そういえばわたしたちって,"Come to think of it, we are...",romfs\story\spt\f11_110_000_00_t014.spt
だれの。,Whose.,romfs\story\spt\f11_110_000_00_t014.spt
とか言ってシブってると、ますます面倒になるぞ。,"And if you shibboleth, you'll get into more and more trouble.",romfs\story\spt\f11_110_000_00_t014.spt
どうしました？,What's wrong?,romfs\story\spt\f11_110_000_00_t014.spt
やっだっなー。,I'm doing it.,romfs\story\spt\f11_110_000_00_t014.spt
わかってますよ。,I understand.,romfs\story\spt\f11_110_000_00_t014.spt
体育祭をサボったことになってるのよねきっと。,I'm sure they must have skipped the gymnastics festival.,romfs\story\spt\f11_110_000_00_t014.spt
呼び出しだ。,Calling.,romfs\story\spt\f11_110_000_00_t014.spt
生徒会室…,Student Council Office...,romfs\story\spt\f11_110_000_00_t014.spt
生徒会長さま。,Dear Student Body President.,romfs\story\spt\f11_110_000_00_t014.spt
行きますって。,He said he would go.,romfs\story\spt\f11_110_000_00_t014.spt
話があるから生徒会室まで来い、だって。,"He said, ""I need to talk to you, come to the student council office.",romfs\story\spt\f11_110_000_00_t014.spt
いったいどこでなにをしていた。,Where on earth were you and what were you doing?,romfs\story\spt\f11_120_113_00_t011.spt
さっそくだが質問に答えてほしい。,"I'll get right to it, but I need an answer to my question.",romfs\story\spt\f11_120_113_00_t011.spt
ところで――,By the way--,romfs\story\spt\f11_120_113_00_t011.spt
早朝、体育祭の準備後すぐお前たちは消えた。,"Early in the morning, right after the preparation for the gymnasium, you guys disappeared.",romfs\story\spt\f11_120_113_00_t011.spt
来たか。,You're here.,romfs\story\spt\f11_120_113_00_t011.spt
無事でなによりだ。,I'm glad you're safe.,romfs\story\spt\f11_120_113_00_t011.spt
生徒会長さんは忙しそうですね。,The student body president seems to be busy.,romfs\story\spt\f11_120_113_00_t011.spt
とつぜんセレクト隊のヘリが着陸した。,"Suddenly, a helicopter of the select team landed.",romfs\story\spt\f11_120_113_00_t012.spt
体育祭ももう少しで終わりというときだった。,It was almost the end of the gymnastic festival.,romfs\story\spt\f11_120_113_00_t012.spt
理由は知らされず、ただ待機を言い渡された。,"I was not informed of the reason, just told to stand by.",romfs\story\spt\f11_120_113_00_t012.spt
閉会式はもちろん中止。,The closing ceremony was of course cancelled.,romfs\story\spt\f11_120_113_00_t012.spt
このままでは,As it is.,romfs\story\spt\f11_120_113_00_t013.spt
そこに、この野良メダロットの襲撃だ。,"Then, this stray medallion attacked.",romfs\story\spt\f11_120_113_00_t013.spt
なにがなにやらさっぱりだ。,I have no idea what's going on.,romfs\story\spt\f11_120_113_00_t013.spt
次になにをすべきかの判断もつかん。,I can't even decide what to do next.,romfs\story\spt\f11_120_113_00_t013.spt
さぞいろいろ知っているのだろう。,He must know a lot of things.,romfs\story\spt\f11_120_113_00_t014.spt
その足で屋上に向かったそうだな。,I heard you headed for the rooftop with that foot.,romfs\story\spt\f11_120_113_00_t014.spt
それらをすべて、わたしに――,"All of those things, you give me...",romfs\story\spt\f11_120_113_00_t014.spt
情報がほしい。,I would like information.,romfs\story\spt\f11_120_113_00_t014.spt
聞けばお前たちは、校長先生と共に学校に戻り,I heard that you and your friends went back to school with the principal.,romfs\story\spt\f11_120_113_00_t014.spt
…ばかなっ！,...idiot!,romfs\story\spt\f11_120_113_00_t015.spt
あ,that (something mentioned before which is distant psychologically or in terms of time),romfs\story\spt\f11_120_113_00_t015.spt
このままだと突破される可能性が高いそうです！,They are likely to be breached if the situation remains the same!,romfs\story\spt\f11_120_113_00_t015.spt
で、いいよね？,"So, okay?",romfs\story\spt\f11_120_113_00_t015.spt
どう答えたら…,I don't know how to answer that.,romfs\story\spt\f11_120_113_00_t015.spt
ぼくらが行くよ。,We'll go.,romfs\story\spt\f11_120_113_00_t015.spt
キヨトから連絡です！,Kiyoto contacted!,romfs\story\spt\f11_120_113_00_t015.spt
レスキュー部はなにをしている！？,What is the Rescue Department doing!,romfs\story\spt\f11_120_113_00_t015.spt
会長！,Chairman!,romfs\story\spt\f11_120_113_00_t015.spt
増援が向かうとでも伝えておいて。,Tell them reinforcements are on their way.,romfs\story\spt\f11_120_113_00_t015.spt
指示を求めています！,Instructions are requested!,romfs\story\spt\f11_120_113_00_t015.spt
校門付近に強力な野良メダロットが多数出現！,Many powerful stray medallions appear near the school gate!,romfs\story\spt\f11_120_113_00_t015.spt
正門付近はいちばん守りが堅いポイントのはず！,The area around the main gate should be the most defensible point!,romfs\story\spt\f11_120_113_00_t015.spt
頼む。,Please.,romfs\story\spt\f11_120_113_00_t015.spt
生徒会役員男B0,Student Council Officer Man B0,romfs\story\spt\f11_130_113_00.spt
退避,taking refuge,romfs\story\spt\f11_130_113_00.spt
た、たたっ、大変です！！,"Ta, ta, ta, it's a disaster!",romfs\story\spt\f11_130_113_00_t011.spt
ああ失礼――,"Oh, excuse me--",romfs\story\spt\f11_130_113_00_t012.spt
いったいなぜ――,Why on earth would--,romfs\story\spt\f11_130_113_00_t013.spt
そんなっ。,You're right.,romfs\story\spt\f11_130_113_00_t013.spt
ついさっきまで優勢だったはずなのに,I thought I had the upper hand just a few minutes ago.,romfs\story\spt\f11_130_113_00_t013.spt
ど…　どうしましょう！？,What... what should I do!,romfs\story\spt\f11_130_113_00_t013.spt
グラウンドでは生徒たちが戦っていますが,"While on the ground, students are fighting",romfs\story\spt\f11_130_113_00_t013.spt
グラウンドに、多数の野良メダロットが,Many stray medallions on the ground.,romfs\story\spt\f11_130_113_00_t013.spt
マリンスポーツ部との交信、現在不通。,"Communication with Marine Sports Department, currently unavailable.",romfs\story\spt\f11_130_113_00_t013.spt
メダロットたちはどうやら校門から,The medallions were apparently coming from the school gate.,romfs\story\spt\f11_130_113_00_t013.spt
侵入しているようです！,It seems to be infiltrating!,romfs\story\spt\f11_130_113_00_t013.spt
寮の裏手からの侵入も目撃されています！,There was also a witness to a break-in from the back of the dormitory!,romfs\story\spt\f11_130_113_00_t013.spt
次々となだれ込んで来ています！,They are pouring in one after another!,romfs\story\spt\f11_130_113_00_t013.spt
野良メダロットの勢いに押されています！,The momentum of the wild medallion is pushing us forward!,romfs\story\spt\f11_130_113_00_t013.spt
ど…　どうしましょう…,What... what should I do...,romfs\story\spt\f11_130_113_00_t014.spt
はっ？,Huh?,romfs\story\spt\f11_130_113_00_t014.spt
ぼくはなんと返事したらいいんでしょうか…,I don't know what to say...,romfs\story\spt\f11_130_113_00_t014.spt
スキー部から連絡あり。,Ski Club contacted.,romfs\story\spt\f11_130_113_00_t014.spt
部室棟でも野良メダロットが復活したそうです！,The wild medallions have been restored in the club building as well!,romfs\story\spt\f11_130_113_00_t014.spt
がんばって持ちこたえてもらってよ。,Hang in there and ask them to hold on.,romfs\story\spt\f11_130_113_00_t015.spt
さ、行こうか。,Let's go.,romfs\story\spt\f11_130_113_00_t016.spt
すぐに連絡を入れるからさ。,I'll get back to you as soon as I can.,romfs\story\spt\f11_130_113_00_t016.spt
それまで、テキトーなこと言って時間かせいで。,"Until then, save your time by saying something silly.",romfs\story\spt\f11_130_113_00_t016.spt
ぼくらは校門に向かう。,We head for the school gate.,romfs\story\spt\f11_130_113_00_t016.spt
まずは相手を確認してみなくちゃね。,I'll have to check with them first.,romfs\story\spt\f11_130_113_00_t016.spt
あいつら――,Those guys--,romfs\story\spt\f11_140_101_00_t011.spt
くそっ,damn it!,romfs\story\spt\f11_140_101_00_t011.spt
なんなんだよコイツらはっ！,What is it with these guys?,romfs\story\spt\f11_140_101_00_t011.spt
ほかのヤツとは別格の強さだ,He's stronger than the others.,romfs\story\spt\f11_140_101_00_t011.spt
思ったとおりだ。,Just as I thought.,romfs\story\spt\f11_140_101_00_t011.spt
本当に野良なのか！？,Are you sure it's a stray!,romfs\story\spt\f11_140_101_00_t011.spt
…よし。,...OK.,romfs\story\spt\f11_140_101_00_t021.spt
きみたちは寮前に回ってメダ研といっしょに,You will go around to the front of the dormitory and join the Meda Lab.,romfs\story\spt\f11_140_101_00_t021.spt
ここはどうする。,What about here.,romfs\story\spt\f11_140_101_00_t021.spt
やっぱり、灯台で戦ったアイツと,I knew it. I knew it. That guy I fought at the lighthouse.,romfs\story\spt\f11_140_101_00_t021.spt
ウチがなんとかするよ。,We'll take care of it.,romfs\story\spt\f11_140_101_00_t021.spt
オレらの相手じゃねーぜ！,We're not the ones you're dealing with!,romfs\story\spt\f11_140_101_00_t021.spt
同じタイプでしたねー。,It was the same type!,romfs\story\spt\f11_140_101_00_t021.spt
彼らの弱点はもう知ってるワ。,We already know their weaknesses.,romfs\story\spt\f11_140_101_00_t021.spt
知ってさえいれば、そこまで強い相手じゃない。,"As long as you know them, they are not that strong an opponent.",romfs\story\spt\f11_140_101_00_t021.spt
裏口から来るやつらを食い止めてくれ。,Stop them coming through the back door.,romfs\story\spt\f11_140_101_00_t021.spt
見ての通りさアインベッカー。,"As you can see, Einbecker.",romfs\story\spt\f11_140_101_00_t021.spt
お前はコイツのなにを知っているんだ。,What do you know about this guy?,romfs\story\spt\f11_140_101_00_t022.spt
こんなやつらの言うことなんか――,I don't care what these people say--,romfs\story\spt\f11_140_101_00_t022.spt
こんなやつ？,This guy?,romfs\story\spt\f11_140_101_00_t022.spt
ちょっ、部長っ。,"Hey, Chief.",romfs\story\spt\f11_140_101_00_t022.spt
まあいい…　行くぞ。,Oh well... let's go.,romfs\story\spt\f11_140_101_00_t022.spt
寮前に向かう。,Head to the front of the dormitory.,romfs\story\spt\f11_140_101_00_t022.spt
急げ。,Hurry up.,romfs\story\spt\f11_140_101_00_t022.spt
あるいは、へんなものでも食べたとか――,Or maybe he ate something weird.,romfs\story\spt\f11_140_101_00_t023.spt
これでオッケー。,This is ok.,romfs\story\spt\f11_140_101_00_t023.spt
そろそろ行きますかー。,It's time to go!,romfs\story\spt\f11_140_101_00_t023.spt
ぞくぞくこっち来てるわね。,They're coming this way in droves.,romfs\story\spt\f11_140_101_00_t023.spt
な、なんだか急にカッコイイですね,"Hey, it's kind of cool all of a sudden.",romfs\story\spt\f11_140_101_00_t023.spt
んーじゃ,well then,romfs\story\spt\f11_140_101_00_t023.spt
来ました！,Here we are!,romfs\story\spt\f11_140_101_00_t023.spt
次は…　と。,Next time...,romfs\story\spt\f11_140_101_00_t023.spt
熱でもあるんじゃないの？,Maybe you have a fever?,romfs\story\spt\f11_140_101_00_t023.spt
連戦覚悟しろよ。,Prepare for a series of battles.,romfs\story\spt\f11_140_101_00_t023.spt
部長…,Director...,romfs\story\spt\f11_140_101_00_t023.spt
門の向こうからも,Even from behind the gate.,romfs\story\spt\f11_140_101_00_t023.spt
頼むぞ,Please.,romfs\story\spt\f11_140_101_00_t023.spt
来た！,Came!,romfs\story\spt\f11_140_101_00_t031.spt
油断するなよ。,Be on your guard.,romfs\story\spt\f11_140_101_00_t031.spt
しつこいわねー！,You're so persistent!,romfs\story\spt\f11_140_101_00_t041.spt
まだです！,Not yet!,romfs\story\spt\f11_140_101_00_t041.spt
…ほっ。,...Ho.,romfs\story\spt\f11_140_101_00_t051.spt
あれ、ひょっとして…,"Oh, by any chance...",romfs\story\spt\f11_140_101_00_t051.spt
やったぜ！,I did it!,romfs\story\spt\f11_140_101_00_t051.spt
やりましたー！,I did it!,romfs\story\spt\f11_140_101_00_t051.spt
よし、ここはオッケーだね。,"Okay, I guess we're ok here.",romfs\story\spt\f11_140_101_00_t051.spt
ゼンゼンだ！,Zenzen!,romfs\story\spt\f11_140_101_00_t051.spt
大丈夫か,You all right?,romfs\story\spt\f11_140_101_00_t051.spt
次はどうする？,What's next?,romfs\story\spt\f11_140_101_00_t051.spt
終わった？,Finished?,romfs\story\spt\f11_140_101_00_t051.spt
裏口の様子でも――,Even the back door--,romfs\story\spt\f11_140_101_00_t051.spt
このゆれは…っ！！,This shaking...!,romfs\story\spt\f11_140_101_00_t052.spt
※カメラ追い越して,※Overtake the camera.,romfs\story\spt\f11_140_113_00_t011.spt
※レスキュー部を取り囲むセレクト隊ロボ（ほか）,※セレクト隊 surrounding the Rescue Department (and others),romfs\story\spt\f11_140_113_00_t011.spt
※ロボトルへ,※To Robattle,romfs\story\spt\f11_140_113_00_t011.spt
※主人公、野良とレスキュー部の間に割って入って,"※Protagonist, breaking between the stray and the rescue department.",romfs\story\spt\f11_140_113_00_t011.spt
※入ったらすぐ,※As soon as you enter,romfs\story\spt\f11_140_113_00_t011.spt
※駆けつけた主人公たちをカメラに収めて,※Capturing the heroes who rushed to the scene on camera.,romfs\story\spt\f11_140_113_00_t011.spt
　校舎から飛び出し走る探検部（主人公）,　Exploration club (protagonist) running out of the school building,romfs\story\spt\f11_140_113_00_t011.spt
　～じわじわ追い詰め移動演出（可能なだけ）しつつ,　~ slowly cornering and staging the move (as much as possible) while,romfs\story\spt\f11_140_113_00_t011.spt
シフォン,chiffon,romfs\story\spt\f11_140_113_00_t011.spt
レスキュー部ライバル,Rescue Department Rivals,romfs\story\spt\f11_140_113_00_t011.spt
※レスキュー部長、寮前（ポータル）方面に,"※Director of Rescue, in front of the dormitory (portal).",romfs\story\spt\f11_140_113_00_t021.spt
※ロボトル勝利後,※After the robattle victory,romfs\story\spt\f11_140_113_00_t021.spt
※侵入してくるメダロット複数,※Multiple medallions coming in.,romfs\story\spt\f11_140_113_00_t021.spt
※正面に振り返り,※Turn around to the front,romfs\story\spt\f11_140_113_00_t021.spt
※連戦想定,※Assumption of a series of battles,romfs\story\spt\f11_140_113_00_t021.spt
※部長を先頭にレスキュー部、退場。,"※Rescue Department, led by the Director, exits.",romfs\story\spt\f11_140_113_00_t021.spt
※部長レスキュー部長に向かって,※Toward the Director of the Department of Rescue,romfs\story\spt\f11_140_113_00_t021.spt
※間,※between,romfs\story\spt\f11_140_113_00_t021.spt
　やや移動してから,　After moving somewhat,romfs\story\spt\f11_140_113_00_t021.spt
　要検討／ひとまずは仮で,　Needs to be reviewed / tentative for now,romfs\story\spt\f11_140_113_00_t021.spt
　見送ってから,　After I see you off.,romfs\story\spt\f11_140_113_00_t021.spt
　～それと対峙するように探検部も移動しつつ,　~ while the exploration department is also moving to confront it.,romfs\story\spt\f11_140_113_00_t021.spt
　～カメラやや正門方面へ,　~Toward the camera slightly toward the main gate,romfs\story\spt\f11_140_113_00_t021.spt
きみたちは寮前に回って○○部といっしょに,You guys go around to the front of the dormitory with the XX club.,romfs\story\spt\f11_140_113_00_t021.spt
な、なんだかカッコイイですね,"Hey, that's kind of cool.",romfs\story\spt\f11_140_113_00_t021.spt
まるで――,It's like--,romfs\story\spt\f11_140_113_00_t021.spt
タルト,tart,romfs\story\spt\f11_140_113_00_t021.spt
バウム,baum,romfs\story\spt\f11_140_113_00_t021.spt
ホント、なんなのよ急に。,"Really, what's with the suddenness?",romfs\story\spt\f11_140_113_00_t021.spt
見ての通りさシュトレン。,"As you can see, it's a stollen.",romfs\story\spt\f11_140_113_00_t021.spt
頼むぞセクター！,"Please, Sector!",romfs\story\spt\f11_140_113_00_t021.spt
※校門からまたメダロット複数,※Multiple medallions again from the school gate.,romfs\story\spt\f11_140_113_00_t031.spt
※１戦目に勝利,※Winning the first game,romfs\story\spt\f11_140_113_00_t031.spt
※２戦目に勝利,※Winning the second game,romfs\story\spt\f11_140_113_00_t041.spt
※でメダルイーターの復活につながる、・・と,"※will lead to the revival of medal eaters, ........",romfs\story\spt\f11_140_113_00_t051.spt
※とりあえずここまで／突貫だが・・,"※That's all for now/I'm rambling, but...",romfs\story\spt\f11_140_113_00_t051.spt
※地鳴りとかいろいろ,※earth rumblings and all that.,romfs\story\spt\f11_140_113_00_t051.spt
※３戦目に勝利,※Winning the third round,romfs\story\spt\f11_140_113_00_t051.spt
ぜんぜん！,Not at all!,romfs\story\spt\f11_140_113_00_t051.spt
大丈夫かセクター！,"Are you okay, Sector!",romfs\story\spt\f11_140_113_00_t051.spt
ラスト,last,romfs\story\spt\f11_150_950_00.spt
レスキュー3,Rescue 3,romfs\story\spt\f11_150_950_00.spt
校舎,school build,romfs\story\spt\f11_150_950_00.spt
オレ、約束守ったぞ。,I kept my promise.,romfs\story\spt\f11_150_950_00_db.spt
マスター。,Master.,romfs\story\spt\f11_150_950_00_db.spt
終わった。,Finished.,romfs\story\spt\f11_150_950_00_db.spt
あいつら倒しても倒しても次々と沸いてきて――,They just kept coming... one after the other.,romfs\story\spt\f11_150_950_00_t011.spt
あれ、メダロットは…？,"Oh, Medalot...?",romfs\story\spt\f11_150_950_00_t011.spt
くるっと背を向けて…　学院から出て行ったのよ。,He turned his back... and walked out of the academy.,romfs\story\spt\f11_150_950_00_t011.spt
ちがうわ、またすぐ歩き出したの。,"No, he walked right back out again.",romfs\story\spt\f11_150_950_00_t011.spt
つまり、壊れた？,"In other words, broken?",romfs\story\spt\f11_150_950_00_t011.spt
どういうこと…？,What do you mean...?,romfs\story\spt\f11_150_950_00_t011.spt
どこへ向かったのよ。,Where were you headed?,romfs\story\spt\f11_150_950_00_t011.spt
なのにいきなり攻撃をやめたんだよ。,And yet they suddenly stopped attacking.,romfs\story\spt\f11_150_950_00_t011.spt
も、もうダメかと思ったんだ。,I thought I had lost it.,romfs\story\spt\f11_150_950_00_t011.spt
急に棒立ちになって動かなくなって…,"Suddenly, it got stuck on a stick and wouldn't move...",romfs\story\spt\f11_150_950_00_t011.spt
消えた…,Gone...,romfs\story\spt\f11_150_950_00_t011.spt
知るかよ。,I don't know.,romfs\story\spt\f11_150_950_00_t011.spt
…校舎！？,...school building!,romfs\story\spt\f11_150_950_00_t012.spt
うっ、またっ？？,"Ugh, what?",romfs\story\spt\f11_150_950_00_t012.spt
きっと地表まで上がってきたんです！,It must have come up to the surface!,romfs\story\spt\f11_150_950_00_t021.spt
きゃーっ！！,Yikes!,romfs\story\spt\f11_150_950_00_t021.spt
こ…,Ko...,romfs\story\spt\f11_150_950_00_t021.spt
なん、て大きさだ…！,What a size...!,romfs\story\spt\f11_150_950_00_t021.spt
鉱山のあいつだ！,It's that guy from the mine!,romfs\story\spt\f11_150_950_00_t021.spt
こっちに来る！,It's coming this way!,romfs\story\spt\f11_150_950_00_t022.spt
どうするっ？,What are we going to do?,romfs\story\spt\f11_150_950_00_t022.spt
どうすればいいんだっ？,What am I supposed to do?,romfs\story\spt\f11_150_950_00_t022.spt
ここにいたら崩れた建物の下敷きだ！！,"If you stay here, you'll be under a collapsed building!",romfs\story\spt\f11_150_950_00_t023.spt
まずい,unappetizing,romfs\story\spt\f11_150_950_00_t023.spt
校舎が！,The school building!,romfs\story\spt\f11_150_950_00_t023.spt
屋上だ。,Rooftop.,romfs\story\spt\f11_150_950_00_t024.spt
あるのは本能、食欲のみだ。,"There is only instinct, only appetite.",romfs\story\spt\f11_150_950_00_t025.spt
せめて頭に近いところで戦わなければ話にならん。,"If you don't at least fight it close to the head, it's not worth talking about.",romfs\story\spt\f11_150_950_00_t025.spt
そうだ。あいつはメダルを食う。,That's right. That guy eats medals.,romfs\story\spt\f11_150_950_00_t025.spt
そっ,"that way (direction distant from the speaker, close to the listener)",romfs\story\spt\f11_150_950_00_t025.spt
そのために屋上に上がれと？,You want me to go up on the roof for that?,romfs\story\spt\f11_150_950_00_t025.spt
だいたい、俺らが屋上にたどりつくまで,"Generally, we made it to the rooftop before we got there.",romfs\story\spt\f11_150_950_00_t025.spt
まちがいなく気をとられる。,"No doubt, you will be distracted.",romfs\story\spt\f11_150_950_00_t025.spt
やつがおとなしく待ってくれるはずが――,There's no way he's just gonna sit there and wait for--,romfs\story\spt\f11_150_950_00_t025.spt
やつに知性はない。,He has no intelligence.,romfs\story\spt\f11_150_950_00_t025.spt
やつの移動器官は分厚いメダリウムに鎧われ,Its mobile organs are encased in a thick medallium.,romfs\story\spt\f11_150_950_00_t025.spt
ろくに攻撃が通らない。,The attack does not go through well.,romfs\story\spt\f11_150_950_00_t025.spt
バカなっ,You idiot.,romfs\story\spt\f11_150_950_00_t025.spt
メダルのエネルギー反応を追って食らう。,The energy reaction of the medal is followed and eaten.,romfs\story\spt\f11_150_950_00_t025.spt
強力な反応がまとまって近づく動きを見せれば,If a strong reaction moves closer together.,romfs\story\spt\f11_150_950_00_t025.spt
待つさ。,I'll wait.,romfs\story\spt\f11_150_950_00_t025.spt
必ず釣れる。,You will always catch it.,romfs\story\spt\f11_150_950_00_t025.spt
校舎は今にも崩れそうなのにっ！？,The school building is about to collapse!,romfs\story\spt\f11_150_950_00_t025.spt
食欲…？,Appetite...?,romfs\story\spt\f11_150_950_00_t025.spt
どうしたさっさと動け！,"What's up, get moving!",romfs\story\spt\f11_150_950_00_t026.spt
潰されたいのかっ？,Do you want to be crushed?,romfs\story\spt\f11_150_950_00_t026.spt
おっと。,Oops.,romfs\story\spt\f11_150_950_00_t041.spt
お前たちはこっちだ。,You guys are over here.,romfs\story\spt\f11_150_950_00_t041.spt
ああっ、廊下が※※っ。,"Oh, the hallway ※※.",romfs\story\spt\f11_150_950_00_t043.spt
こっちだ。,This way.,romfs\story\spt\f11_150_950_00_t043.spt
職員室を抜けていく。,They go through the staff room.,romfs\story\spt\f11_150_950_00_t043.spt
やつの足！？,His foot!,romfs\story\spt\f11_150_950_00_t052.spt
校舎を突き破っていたのかっ？,Had they broken through the school building?,romfs\story\spt\f11_150_950_00_t052.spt
これで足は止まった。あとは屋上のみんなががんばってくれれば※※,Now the feet have stopped. Now if only everyone on the rooftop would do their best※.,romfs\story\spt\f11_150_950_00_t054.spt
※右腕vsレスキュー部到着、時間稼ぎ開始,※Right Arm vs. Rescue Dept. arrives and starts stalling.,romfs\story\spt\f11_160_953_00_t011.spt
※右腕vsレスキュー部成功,※Right Arm vs. Rescue Department Success,romfs\story\spt\f11_160_953_00_t021.spt
※右腕vsレスキュー部失敗,※Right Arm vs. Failed Rescue Dept.,romfs\story\spt\f11_160_953_00_t031.spt
※左腕vsレスキュー部到着、時間稼ぎ開始,"※Left arm vs. Rescue Dept. arrives, starts stalling.",romfs\story\spt\f11_160_953_00_t041.spt
※頭vsレスキュー部到着、時間稼ぎ開始,※The leader vs. the Rescue Dept. arrives and starts stalling.,romfs\story\spt\f11_160_953_00_t051.spt
岩前,in front of a rock,romfs\story\spt\f11_160_954_00.spt
崩壊,collapse,romfs\story\spt\f11_160_954_00.spt
崩壊前,Before the collapse,romfs\story\spt\f11_160_954_00.spt
崩壊後,post-collapse,romfs\story\spt\f11_160_954_00.spt
校長ルート1,Principal Route 1,romfs\story\spt\f11_160_954_00.spt
職員室_in,Staff room_in,romfs\story\spt\f11_160_954_00.spt
部活_out,Club activities_out,romfs\story\spt\f11_160_954_00.spt
ああっ,Aaah!,romfs\story\spt\f11_160_954_00_t014.spt
廊下が…っ！,The hallway...!,romfs\story\spt\f11_160_954_00_t014.spt
職員室,staff room,romfs\story\spt\f11_160_954_00_t014.spt
※右腕vsメダ研到着、時間稼ぎ開始,"※Arrival of right arm vs. med lab, start stalling for time",romfs\story\spt\f11_170_953_00_t011.spt
※右腕vsメダ研成功,※Right Arm vs. Meda Labs Success,romfs\story\spt\f11_170_953_00_t021.spt
※右腕vsメダ研失敗,※Right Arm vs. Med Lab Failure,romfs\story\spt\f11_170_953_00_t031.spt
※左腕vsメダ研到着、時間稼ぎ開始,"Arrival of left arm vs. med lab, start stalling for time.",romfs\story\spt\f11_170_953_10_t041.spt
触手,tentacle,romfs\story\spt\f11_170_958_00.spt
…来るぞっ。,...It's coming.,romfs\story\spt\f11_170_958_00_t012.spt
あいつの足！　…なのっ？,That guy's leg!　Is that...?,romfs\story\spt\f11_170_958_00_t012.spt
校舎を突き破っていたんだっ！,They were breaking through the school building!,romfs\story\spt\f11_170_958_00_t012.spt
あとは屋上のみんなががんばってくれれば…,Now if only everyone on the rooftop would do their best...,romfs\story\spt\f11_170_958_00_t021.spt
これで足は止まったな。,This has stopped you in your tracks.,romfs\story\spt\f11_170_958_00_t021.spt
そして、あたま担当はアイドル部とする。,"And, the head charge shall be the idol club.",romfs\story\spt\f11_180_953_00.spt
そして、あたま担当はメダロット研究会とする。,And the head charge shall be the Medarot Study Group.,romfs\story\spt\f11_180_953_00.spt
そして、あたま担当はレスキュー部とする。,"And, the head charge shall be the Rescue Department.",romfs\story\spt\f11_180_953_00.spt
アイドル2_メダ,Idol2_meda,romfs\story\spt\f11_180_953_00.spt
アイドル3_メダ,Idol3_meda,romfs\story\spt\f11_180_953_00.spt
アイドル部,idol club,romfs\story\spt\f11_180_953_00.spt
メダロット研究会,The Medalot Study Group,romfs\story\spt\f11_180_953_00.spt
メダ研3_メダ,MEDA Research Institute 3_MEDA,romfs\story\spt\f11_180_953_00.spt
レスキュー3_メダ,Rescue3_meda,romfs\story\spt\f11_180_953_00.spt
レスキュー部,rescue department,romfs\story\spt\f11_180_953_00.spt
右うで担当は…,The right-hand man is in charge of...,romfs\story\spt\f11_180_953_00.spt
左うで担当は…,The left-hand man in charge of the left arm is...,romfs\story\spt\f11_180_953_00.spt
だ、だけどいったい、どうやって――,But how in the world--,romfs\story\spt\f11_180_953_00_t011.spt
どうするって…,What do you mean...,romfs\story\spt\f11_180_953_00_t011.spt
どうするんだよ…！！,What are you going to do...!,romfs\story\spt\f11_180_953_00_t011.spt
なんとかするに決まってんだろ！,Of course we're going to do something about it!,romfs\story\spt\f11_180_953_00_t011.spt
倒すか食われるかだ！,Knock 'em down or get eaten!,romfs\story\spt\f11_180_953_00_t011.spt
戦うんだ！,Fight!,romfs\story\spt\f11_180_953_00_t011.spt
きみたちの所属は？,Where do you belong?,romfs\story\spt\f11_180_953_00_t012.spt
きゃあっ！！,Aah!,romfs\story\spt\f11_180_953_00_t012.spt
め…,Meh...,romfs\story\spt\f11_180_953_00_t013.spt
メダロット研究会です！,Medarot Study Group!,romfs\story\spt\f11_180_953_00_t013.spt
…はい！,...Yes!,romfs\story\spt\f11_180_953_00_t014.spt
おい探検部はどうした？,"Hey, what's up with the exploration club?",romfs\story\spt\f11_180_953_00_t014.spt
お願いします！,Please!,romfs\story\spt\f11_180_953_00_t014.spt
さっきまでいらっしゃったのに…,You were here just a few minutes ago.,romfs\story\spt\f11_180_953_00_t014.spt
そういえば校長先生も。,"Oh, and by the way, the principal.",romfs\story\spt\f11_180_953_00_t014.spt
そして我がレスキュー部か,And our Rescue Department.,romfs\story\spt\f11_180_953_00_t014.spt
それでは作戦を伝える。,Now I will tell you the strategy.,romfs\story\spt\f11_180_953_00_t014.spt
わたしが指揮を執る。,I am in command.,romfs\story\spt\f11_180_953_00_t014.spt
わたしたちはアイドル部！,We are an idol club!,romfs\story\spt\f11_180_953_00_t014.spt
任せてくれるか？,Can you handle it?,romfs\story\spt\f11_180_953_00_t014.spt
最初からそのつもりですよ！,That's been the plan from the beginning!,romfs\story\spt\f11_180_953_00_t014.spt
すなわちアイドル部、メダロット研究会、,"Namely, the Idol Club and the Medalot Study Group,",romfs\story\spt\f11_180_953_00_t015.spt
そしてレスキュー部。,And the Rescue Department.,romfs\story\spt\f11_180_953_00_t015.spt
それぞれで独立した行動が可能らしい。,It seems that independent action is possible in each of them.,romfs\story\spt\f11_180_953_00_t015.spt
それぞれの担当は――,Each is responsible for--,romfs\story\spt\f11_180_953_00_t015.spt
チーム編成は所属部で分ける。,The team composition is divided by the division to which the team belongs.,romfs\story\spt\f11_180_953_00_t015.spt
見たところやつは頭部、そして左右の腕部,Looks like he has a head and left and right arms.,romfs\story\spt\f11_180_953_00_t015.spt
１箇所に集中すれば他の部位から不意打ちをくらう。,"If you concentrate on one area, you will be taken by surprise from other parts of the body.",romfs\story\spt\f11_180_953_00_t015.spt
３チームによる各個撃破が適当だろう。,A three-team individual strike would be appropriate.,romfs\story\spt\f11_180_953_00_t015.spt
さっそく配置についてくれ。,Get into position right away.,romfs\story\spt\f11_180_953_00_t021.spt
※右腕vsアイドル部失敗,※Right Arm vs. Idol Club Failure,romfs\story\spt\f11_180_953_00_t031.spt
※左腕vsアイドル部到着、時間稼ぎ開始,"※Arrival of left arm vs. idle section, start stalling.",romfs\story\spt\f11_180_953_10_t041.spt
ぼっ、ぼくだってやるときはやるんだ…,I do things when I have to...,romfs\story\spt\f11_190_000_00_t011.spt
行くぞーーーっ！！,Let's go!,romfs\story\spt\f11_190_000_00_t011.spt
※足止め失敗？教師チームが駆けつけて・・・,※Failed to stall? A team of teachers rushed in and...,romfs\story\spt\f11_190_953_00_t011.spt
※レスキュー部の感想,※Rescue Department Comments,romfs\story\spt\f11_190_953_10_t011.spt
※メダ研の感想,※Impressions from the Meda Institute,romfs\story\spt\f11_190_953_20_t011.spt
※アイドル部の感想,※Impressions from the Idol Club,romfs\story\spt\f11_190_953_30_t011.spt
※先生たちの感想,※The teachers' impressions,romfs\story\spt\f11_190_953_40_t011.spt
※生徒会の感想,※Student Council Comments,romfs\story\spt\f11_190_953_50_t011.spt
きっと勝てるわ！,You'll win!,romfs\story\spt\f11_200_000_00_t011.spt
大丈夫よ、みんなを信じて戦えば…,It's okay. If you trust everyone and fight...,romfs\story\spt\f11_200_000_00_t011.spt
※メダルイーター脚部vs教師チーム,※Medal eater legs vs. teacher team,romfs\story\spt\f11_200_953_00_t011.spt
※足止め成功,Success,romfs\story\spt\f11_200_953_10_t011.spt
いけるぜっ！,I can do it!,romfs\story\spt\f11_210_000_00_t011.spt
へっ、デカいだけでスピードは大したことねえ…,"Heh, just because it's big doesn't mean it's fast...",romfs\story\spt\f11_210_000_00_t011.spt
メダルイーター0,Medal eater 0,romfs\story\spt\f11_210_953_00.spt
メダルイーター1,Medal Eater 1,romfs\story\spt\f11_210_953_00.spt
やった…っ！,Yay...!,romfs\story\spt\f11_210_953_00_t021.spt
どうしてっ？,What are you doing?,romfs\story\spt\f11_210_953_00_t022.spt
まちがいなく倒したはずなのに…っ？,"I'm sure I beat him, but...?",romfs\story\spt\f11_210_953_00_t022.spt
※一方そのころ／探検部,"※On the other hand, back then/Exploration Department",romfs\story\spt\f11_210_954_00_t011.spt
追ってくるメダルイーターとの戦闘開始前,Before the start of the battle with the pursuing medallion eaters,romfs\story\spt\f11_210_954_00_t011.spt
メダルイーターVS探検部,Medal Eater vs. Exploration Dept.,romfs\story\spt\f11_210_954_10_t011.spt
※音波発生装置のスイッチを止める,※Turn off the sound wave generator.,romfs\story\spt\f11_220_955_00_t011.spt
せいぜい足止めにしかならん。,"At best, it's a stall.",romfs\story\spt\f11_220_958_00_t011.spt
それじゃあどうやってっ？,How then?,romfs\story\spt\f11_220_958_00_t011.spt
っ？,What?,romfs\story\spt\f11_220_958_00_t011.spt
やつの自己修復速度は異常だ。,His speed of self-repair is extraordinary.,romfs\story\spt\f11_220_958_00_t011.spt
倒せてなどいない。,We have not defeated them.,romfs\story\spt\f11_220_958_00_t011.spt
器官の一部を破壊したところでたちまち復活する。,"When a part of the organ is destroyed, it is quickly restored.",romfs\story\spt\f11_220_958_00_t011.spt
校長せんせぇーいっ！！！,Principal-sensei!,romfs\story\spt\f11_220_958_00_t011.spt
あいかわらずおかしなやつだ。,He is still a funny guy.,romfs\story\spt\f11_220_958_00_t012.spt
あなたがなにをしようとしているのか,What are you trying to do?,romfs\story\spt\f11_220_958_00_t012.spt
あなたはひとりで戦い続けてきたのでしょう？,"You have been fighting alone, haven't you?",romfs\story\spt\f11_220_958_00_t012.spt
あの怪物を止めろ。,Stop that monster.,romfs\story\spt\f11_220_958_00_t012.spt
いいか、やつは倒してもすぐ復活する。,"Look, even if you defeat him, he will come back to life soon.",romfs\story\spt\f11_220_958_00_t012.spt
お任せください校長先生！,"Leave it to me, Principal!",romfs\story\spt\f11_220_958_00_t012.spt
お前なぜここに…,Why are you here?,romfs\story\spt\f11_220_958_00_t012.spt
お前のやり方、だと…？,"Your way, you say...?",romfs\story\spt\f11_220_958_00_t012.spt
くれぐれも無理は――　いや,Please don't take it too hard.,romfs\story\spt\f11_220_958_00_t012.spt
このときのために,for this occasion,romfs\story\spt\f11_220_958_00_t012.spt
この事態を収めるには,The only way to fix this situation is to,romfs\story\spt\f11_220_958_00_t012.spt
こんどこそソツなくこなしてみせますよ！,"This time, I'll do it without a hitch!",romfs\story\spt\f11_220_958_00_t012.spt
そうでない相手の命令でも淡々と,Even if the other party's orders to do otherwise are unambiguous.,romfs\story\spt\f11_220_958_00_t012.spt
その方法しかないのでしょう？,"That's the only way, right?",romfs\story\spt\f11_220_958_00_t012.spt
それがあなたのやり方なら,If that's your way.,romfs\story\spt\f11_220_958_00_t012.spt
それ以外の生き方を知りません。,I don't know any other way to live.,romfs\story\spt\f11_220_958_00_t012.spt
だから命じてください。,So command it.,romfs\story\spt\f11_220_958_00_t012.spt
でも,even,romfs\story\spt\f11_220_958_00_t012.spt
ならば望み通り命じてやる。,Then I will order you to do as you wish.,romfs\story\spt\f11_220_958_00_t012.spt
ぼくのやり方を貫きます。,I will do it my way.,romfs\story\spt\f11_220_958_00_t012.spt
ぼくは命令に従うことしかできません。,I can only follow orders.,romfs\story\spt\f11_220_958_00_t012.spt
ぼくも――,"Me, too.",romfs\story\spt\f11_220_958_00_t012.spt
スルガか。,Suruga.,romfs\story\spt\f11_220_958_00_t012.spt
任せる。,Leave it to me.,romfs\story\spt\f11_220_958_00_t012.spt
信じた相手の命令なら喜んで,I'm willing to take orders from someone I trust.,romfs\story\spt\f11_220_958_00_t012.spt
未だにぼくにはわかりません。,I still don't know.,romfs\story\spt\f11_220_958_00_t012.spt
来ます！,Coming!,romfs\story\spt\f11_220_958_00_t012.spt
行ってください！,Please go!,romfs\story\spt\f11_220_958_00_t012.spt
足止めできればそれでいい。,"If we can stall them, that's all that matters.",romfs\story\spt\f11_220_958_00_t012.spt
さあ早く！,"Come on, come on!",romfs\story\spt\f11_220_958_00_t013.spt
なにをしてるんだ！　きみたちも行くんだ！,What are you doing?　You have to go!,romfs\story\spt\f11_220_958_00_t013.spt
はっ、はい！,"Ha, yes!",romfs\story\spt\f11_220_958_00_t013.spt
※メダルイーター目覚める？,※Wake up medal eater?,romfs\story\spt\f11_230_950_00_t011.spt
※探検部と校長は校門前に,※The exploration club and the principal are in front of the school gate.,romfs\story\spt\f11_230_950_00_t011.spt
※メダルイーター攻撃ムービー演出,Medal eater attack movie performance,romfs\story\spt\f11_230_950_10_t011.spt
※メダルイーター変身（本体）ムービー演出,Medal eater transformation (main body) movie performance,romfs\story\spt\f11_230_953_00_t011.spt
※メタビーと探検部、校長の会話,"※Conversation between Metabee, the Exploration Department, and the Principal",romfs\story\spt\f11_230_953_10_t011.spt
※真メダルイーターvs探検部＋メタビー,※True Medal Eater vs. Explorers + Metabee,romfs\story\spt\f11_230_953_20_t011.spt
ここは…,This place is...,romfs\story\spt\f11_230_960_00_t011.spt
初めて来たとは言わせんぞ。,Don't tell me this is your first time here.,romfs\story\spt\f11_230_960_00_t011.spt
※勝利～めでたくエンディング,Victory - Ending in a blissful ending,romfs\story\spt\f11_240_000_00_t011.spt
停止,"suspension of music, dance, etc. as a sign of mourning",romfs\story\spt\f11_240_955_00.spt
停止カメラ,Stop camera,romfs\story\spt\f11_240_955_00.spt
全員,everyone,romfs\story\spt\f11_240_955_00.spt
上の騒ぎがウソみたいだな。,I guess all the fuss above is a lie.,romfs\story\spt\f11_240_955_00_t011.spt
静か…,Quiet...,romfs\story\spt\f11_240_955_00_t011.spt
あたかも自ら音を発しているように振舞うのだ。,They act as if they are making the sound themselves.,romfs\story\spt\f11_240_955_00_t012.spt
あの…　なにを？,Um... what?,romfs\story\spt\f11_240_955_00_t012.spt
あの怪物――　メダルイーターが出しているのだ。,That monster - the medallion eater - is putting out.,romfs\story\spt\f11_240_955_00_t012.spt
あれがある限り致命的なダメージは期待できん。,"As long as that thing is there, we can't expect any fatal damage.",romfs\story\spt\f11_240_955_00_t012.spt
あれが墜ちたのは数百万年も昔のことだ。,That thing crashed millions of years ago.,romfs\story\spt\f11_240_955_00_t012.spt
おそらく、とは？,"What do you mean, perhaps?",romfs\story\spt\f11_240_955_00_t012.spt
この装置は共振を抑えるために作った。,This device was built to suppress resonance.,romfs\story\spt\f11_240_955_00_t012.spt
これがなにかは、もう知っているな。,You already know what this is.,romfs\story\spt\f11_240_955_00_t012.spt
すべては推測に過ぎん、ということだ。,"It's all just speculation, that's all.",romfs\story\spt\f11_240_955_00_t012.spt
そうなれば本体が姿を現す。ダメージが通る。,"If it does, the main body will reveal itself. Damage will pass.",romfs\story\spt\f11_240_955_00_t012.spt
それに共振したメダリアが,The medallias resonated with it.,romfs\story\spt\f11_240_955_00_t012.spt
それを止めるということは…,To stop it would mean...,romfs\story\spt\f11_240_955_00_t012.spt
はい、音波発生装置です。,"Yes, it is a sound wave generator.",romfs\story\spt\f11_240_955_00_t012.spt
やつは微弱な音波を発し続け――,The thing kept emitting faint sound waves.,romfs\story\spt\f11_240_955_00_t012.spt
やつは超音波でメダルを操る。,He manipulates the medals with ultrasonic waves.,romfs\story\spt\f11_240_955_00_t012.spt
やつを鎧う装甲は分厚く強靭なメダリウムだ。,The armor that covers him is thick and tough medallium.,romfs\story\spt\f11_240_955_00_t012.spt
やつ最大の武器は超音波であり、それを封じるのが,"His greatest weapon is ultrasonic waves, and the only way to contain them is to",romfs\story\spt\f11_240_955_00_t012.spt
メダリアの出す特定音波を打ち消す効果があります。,It has the effect of canceling out specific sound waves emitted by the medallia.,romfs\story\spt\f11_240_955_00_t012.spt
メダリウムに封じられている間も,Even while sealed in the medallium.,romfs\story\spt\f11_240_955_00_t012.spt
メダリウムの役割だったのだ。おそらくは…,It was the role of the medallium. Perhaps it was...,romfs\story\spt\f11_240_955_00_t012.spt
メダリウムはダメージを蓄積し続けていたのだ。,The medallium continued to accumulate damage.,romfs\story\spt\f11_240_955_00_t012.spt
メダリウムは剥がれ落ちるだろう。,The medallium will peel off.,romfs\story\spt\f11_240_955_00_t012.spt
メダリウムは少しずつ劣化し脆くなっている。,The medallium is gradually deteriorating and becoming brittle.,romfs\story\spt\f11_240_955_00_t012.spt
メダルイーターの出す音波に共振することにより,By resonating with the sound waves emitted by the medallion eater,romfs\story\spt\f11_240_955_00_t012.spt
不正解だ。,Incorrect.,romfs\story\spt\f11_240_955_00_t012.spt
共振を抑えることで,By suppressing resonance,romfs\story\spt\f11_240_955_00_t012.spt
妨害音波を止めれば結着力が弱まり,Stopping the interfering sound waves weakens the bonding force and,romfs\story\spt\f11_240_955_00_t012.spt
少しでもメダリアを安定させるためにな。,I'm just trying to stabilize the medalia a little bit.,romfs\story\spt\f11_240_955_00_t012.spt
怪物もメダリウムも宇宙からもたらされたものだ。,Both the monster and the medallium were brought from outer space.,romfs\story\spt\f11_240_955_00_t012.spt
我々の知識ではとうてい断定できん。,Our knowledge of the situation is not enough to make a determination.,romfs\story\spt\f11_240_955_00_t012.spt
最大要因は共振だ。,The largest factor is resonance.,romfs\story\spt\f11_240_955_00_t012.spt
経年劣化も少しはあるだろうが…,There will be a bit of deterioration over time...,romfs\story\spt\f11_240_955_00_t012.spt
装置を止める。,Stop the device.,romfs\story\spt\f11_240_955_00_t012.spt
音波はメダリアが出しているのではない。,The sound waves are not emitted by the medalia.,romfs\story\spt\f11_240_955_00_t012.spt
食うためだ。,It's for food.,romfs\story\spt\f11_240_955_00_t012.spt
食料調達係として使役し、用済みになれば呼び戻す。,"They are used as food scavengers, and when they are no longer needed, they are called back.",romfs\story\spt\f11_240_955_00_t012.spt
おっしゃいましたよね？,"You mentioned it, didn't you?",romfs\story\spt\f11_240_955_00_t013.spt
なのにそれを止めるということは…,"And yet, to stop it...",romfs\story\spt\f11_240_955_00_t013.spt
ならねーよ。,It ain't gonna happen.,romfs\story\spt\f11_240_955_00_t013.spt
ぼくらのパートナーも,And our partners.,romfs\story\spt\f11_240_955_00_t013.spt
ま、待ってください！,"Well, wait a minute!",romfs\story\spt\f11_240_955_00_t013.spt
先ほど「メダリアは超音波を封じるための封印だ」と,"Earlier, he said, ""The medalia is a seal to contain the ultrasound.""",romfs\story\spt\f11_240_955_00_t013.spt
操られてしまうことにならないんですか？,Wouldn't that be manipulative?,romfs\story\spt\f11_240_955_00_t013.spt
そ、そうよね確かに…,"Yes, I know, I know...",romfs\story\spt\f11_240_955_00_t014.spt
そうよ。,Yes.,romfs\story\spt\f11_240_955_00_t014.spt
だけどわたしたち、なんともないもの。,But we are fine.,romfs\story\spt\f11_240_955_00_t014.spt
でも、どうして？,But why?,romfs\story\spt\f11_240_955_00_t014.spt
ということだ。,That's what I mean.,romfs\story\spt\f11_240_955_00_t014.spt
わたしたちは大丈夫ヨ。,We'll be fine.,romfs\story\spt\f11_240_955_00_t014.spt
シンパイしないでマスター。,Master without Simpai.,romfs\story\spt\f11_240_955_00_t014.spt
操られんなら、とっくに操られてるぜ。,"If I could be manipulated, I would have been manipulated by now.",romfs\story\spt\f11_240_955_00_t014.spt
お前たちは、ロボロボ団やセレクト隊とは違う。,You guys are not like the Rubberobo group or the Select Squad.,romfs\story\spt\f11_240_955_00_t015.spt
この学院で教育を受けた生徒だからだ。,Because he is a student educated in this academy.,romfs\story\spt\f11_240_955_00_t015.spt
そのために俺がこの学院を作ったからだ。,Because that's why I built this academy.,romfs\story\spt\f11_240_955_00_t015.spt
なぜです？,Why?,romfs\story\spt\f11_240_955_00_t015.spt
スイッチ,switch,romfs\story\spt\f11_240_955_00_t015.spt
お前らならやれる。いや――,"You guys can do it. No, you--",romfs\story\spt\f11_240_955_00_t016.spt
この先は俺もよく知らん。,I don't know much beyond this either.,romfs\story\spt\f11_240_955_00_t016.spt
しかし同時に重い拘束も解けてしまう。,"But at the same time, the heavy restraints are released.",romfs\story\spt\f11_240_955_00_t016.spt
やってもらわねばならんのだ。,It has to be done.,romfs\story\spt\f11_240_955_00_t016.spt
メダリウムの外れたやつの本体は,The main body of the dislodged medallium is,romfs\story\spt\f11_240_955_00_t016.spt
攻撃力と素早さはケタちがいに上がるとみていい。,The attack power and speed are expected to increase dramatically.,romfs\story\spt\f11_240_955_00_t016.spt
確かに防御力は下がるだろう。,Certainly the defenses will go down.,romfs\story\spt\f11_240_955_00_t016.spt
覚悟は問わん。,I don't ask what you are prepared to do.,romfs\story\spt\f11_240_955_00_t016.spt
※場所未定余韻を残すエピローグ,※Epilogue with a place undecided lingering,romfs\story\spt\f11_250_000_00_t011.spt
あきらめるなっ,Don't give up.,romfs\story\spt\f11_250_953_00_t011.spt
このままじゃ…,If we don't do this...,romfs\story\spt\f11_250_953_00_t011.spt
ちくしょう！,Damn!,romfs\story\spt\f11_250_953_00_t011.spt
どうしたコンゴー！,What's up Congo!,romfs\story\spt\f11_250_953_00_t011.spt
なにかへんだぞ、あいつの様子が…,There's something wrong with him.,romfs\story\spt\f11_250_953_00_t011.spt
なにか手はあるはずだ、なにか――,There's got to be a way. There's got to be--,romfs\story\spt\f11_250_953_00_t011.spt
なんど倒してもイミねーのかよ…っ。,I can't believe I'm not going to get a good one even if I beat him....,romfs\story\spt\f11_250_953_00_t011.spt
疲れたぜ、もう…,"I'm tired, man. I'm tired...",romfs\story\spt\f11_250_953_00_t011.spt
あきらめないで！,Don't give up!,romfs\story\spt\f11_250_953_00_t012.spt
このままじゃわたしたち…,"If we don't do something about it, we'll...",romfs\story\spt\f11_250_953_00_t012.spt
どうしたのフローラ！？,"What's wrong, Flora!",romfs\story\spt\f11_250_953_00_t012.spt
なにかへんだよ、あいつの様子が…,Something's wrong with him...,romfs\story\spt\f11_250_953_00_t012.spt
なにか手はあるはずよ、なにか――,There's got to be a way. There's got to be--,romfs\story\spt\f11_250_953_00_t012.spt
なんど倒してもイミないし…,I've beaten it so many times and it's still not imi...,romfs\story\spt\f11_250_953_00_t012.spt
も、もういや…,"Oh, no...",romfs\story\spt\f11_250_953_00_t012.spt
疲れたわ、もう…,I'm tired. I'm tired of...,romfs\story\spt\f11_250_953_00_t012.spt
あきらめちゃダメだ！,Don't give up!,romfs\story\spt\f11_250_953_00_t013.spt
きっと手はあるはずだよ、きっと――,"I'm sure there's a hand out there, I'm sure--",romfs\story\spt\f11_250_953_00_t013.spt
どうしたのナビ！？,"What's wrong, Navi!",romfs\story\spt\f11_250_953_00_t013.spt
なっ、なんでっ？,What? Why?,romfs\story\spt\f11_250_953_00_t013.spt
なんどもなんども倒したじゃないか…っ！,You beat me again and again and again...!,romfs\story\spt\f11_250_953_00_t013.spt
疲れたよ、もう…,I'm tired. I'm tired of...,romfs\story\spt\f11_250_953_00_t013.spt
ジャスパー！,Jasper!,romfs\story\spt\f11_250_953_00_t022.spt
フローラ…！？,Flora...!,romfs\story\spt\f11_250_953_00_t022.spt
<推理@03すいり>の<的中率@07てきちゅうりつ>やロボトルの<結果@03けっか>によって<主人公@06しゅじんこう>の<評価@04ひょうか>が<決@01き>まり,The <evaluation@04 of the <protagonist@06 and the protagonist@04 will be determined by the <result@03 of the <reasoning@03 and the <result@03 of the robattle> and the <evaluation@01> of the <protagonist@06 and the protagonist@04 will be determined by the <result@03 of the robattle>.,romfs\story\spt\f11_260_000_00.spt
ローレルから<評価@04ひょうか>に<応@02おう>じた<額@02がく>の<給金@05きゅうきん>を<貰@02もら>えます。,Laurel will give you a <paycheck> of <value>02000 for <value>02000.,romfs\story\spt\f11_260_000_00.spt
※校長と探検部一行、校舎から飛び出てきて,※The principal and a group of explorers jumped out of the school building.,romfs\story\spt\f11_260_956_00_t011.spt
　きょろきょろ。,　Look around.,romfs\story\spt\f11_260_956_00_t011.spt
まだ屋上だったかっ？,Was it still on the roof?,romfs\story\spt\f11_260_956_00_t011.spt
上よ！,Above!,romfs\story\spt\f11_260_956_00_t011.spt
見て！！,Look!,romfs\story\spt\f11_260_956_00_t011.spt
※メダルイーターの必殺技,※Medal Eater's Special Moves,romfs\story\spt\f11_260_956_00_t012.spt
光…,Light...,romfs\story\spt\f11_260_956_00_t012.spt
逃げろ！！,Run!,romfs\story\spt\f11_260_956_00_t012.spt
（ビーム？モーションとエフェクト表現でなんとか）,(Beam? (Somehow with motion and effect expression),romfs\story\spt\f11_260_956_00_t012.spt
※みな、ばらばらっと後退,All retreat in pieces.,romfs\story\spt\f11_260_956_00_t013.spt
※タイタニアだけその場にうずくまったまま動かない,"Only Titania remained motionless, cowering in place.",romfs\story\spt\f11_260_956_00_t013.spt
あんなのマトモに当たったら…,If I hit that thing right...,romfs\story\spt\f11_260_956_00_t013.spt
なっ、なんてエネルギーだ。,What energy!,romfs\story\spt\f11_260_956_00_t013.spt
もう一発くるっ！,One more hit is coming!,romfs\story\spt\f11_260_956_00_t013.spt
逃げろ！,Run away!,romfs\story\spt\f11_260_956_00_t013.spt
タイちゃん…！！,Ty...!,romfs\story\spt\f11_260_956_00_t014.spt
※メタビー、校長に向かって（このあたり、ゆっくりで）,"※Metabee, to the principal (around here, slowly)",romfs\story\spt\f11_260_956_00_t021.spt
おい、お前――,"Hey, you--",romfs\story\spt\f11_260_956_00_t021.spt
め――,eye--,romfs\story\spt\f11_260_956_00_t021.spt
あのワザが来るタイミングを教えろ。,Tell me when that waza will come.,romfs\story\spt\f11_260_956_00_t022.spt
オレがぜんぶ受け止める。,I'll take it all.,romfs\story\spt\f11_260_956_00_t022.spt
※カメラ、メダルイーター最前に佇むメタビーへ,"※Camera, to Metabee standing at the front of the medallion eatery.",romfs\story\spt\f11_260_956_00_t031.spt
※メタビー、ふりかえって校長を見て,"※Metabee, turn around and look at the principal.",romfs\story\spt\f11_260_956_00_t031.spt
※メタビー機能停止（ひざをつくモーションとかで）,※Metabee function stopped (with kneeling motion or something),romfs\story\spt\f11_260_956_00_t031.spt
※倒したメダルイーターから大量のメダルが飛び出し,※A large number of medals fly out from the defeated medal eater.,romfs\story\spt\f11_260_956_00_t031.spt
※長く間をとってから,※After a long pause.,romfs\story\spt\f11_260_956_00_t031.spt
　降り注ぐ,　rain incessantly,romfs\story\spt\f11_260_956_00_t031.spt
あいつに食われたメダルだね。,That's the medal that got eaten by that guy.,romfs\story\spt\f11_260_956_00_t031.spt
きれい…！,Beautiful..!,romfs\story\spt\f11_260_956_00_t031.spt
古いのも新しいのも、いっぱいです！,It is full of old and new!,romfs\story\spt\f11_260_956_00_t031.spt
戻ってきたんだ…！,I'm back..!,romfs\story\spt\f11_260_956_00_t031.spt
（その少し背後に校長も）,(And the principal a little behind him.),romfs\story\spt\f11_260_956_00_t031.spt
キラキラ,glitter,romfs\story\spt\f11_260_959_00.spt
メタビー最期,The End of Metabee,romfs\story\spt\f11_260_959_00.spt
決戦,decisive battle,romfs\story\spt\f11_260_959_00.spt
金メダル,gold medal,romfs\story\spt\f11_260_959_00.spt
銀メダル,silver medal,romfs\story\spt\f11_260_959_00.spt
銅メダル,bronze medal,romfs\story\spt\f11_260_959_00.spt
あれは、パーツよりもメダルにダメージを与える,That thing does more damage to the medal than the parts.,romfs\story\spt\f11_260_959_00_t013.spt
そんなのマトモに当たったら…,If I hit that thing right...,romfs\story\spt\f11_260_959_00_t013.spt
なっ、なんだあのエネルギーは…！,What the heck is that energy...!,romfs\story\spt\f11_260_959_00_t013.spt
捕食のための力だ…！,It's a force for predation...!,romfs\story\spt\f11_260_959_00_t013.spt
おい貴様――,"Hey, you--",romfs\story\spt\f11_260_959_00_t021.spt
ろ――,Russia--,romfs\story\spt\f11_260_959_00_t021.spt
ワタシがすべて受け止める。,Watashi will take care of everything.,romfs\story\spt\f11_260_959_00_t022.spt
やったぞ,We did it.,romfs\story\spt\f11_260_959_00_t032.spt
約束ついに果たしたぞ…,I finally fulfilled my promise...,romfs\story\spt\f11_260_959_00_t032.spt
終わった…,Done...,romfs\story\spt\f11_260_959_00_t032.spt
うんよし…　これでいい。,Yeah okay... this is good.,romfs\story\spt\free00_00_00_99_t011.spt
ふう、今日はもう疲れたな。,"Phew, I'm so tired today.",romfs\story\spt\free00_00_00_99_t011.spt
部屋に帰って休もう…,Let's go back to our rooms and rest...,romfs\story\spt\free00_00_00_99_t011.spt
こんな感じかな…？,Something like this...?,romfs\story\spt\free00_00_00_99_t021.spt
ふわぁ、今日はよく歩いたな。,"Wow, I walked a lot today.",romfs\story\spt\free00_00_00_99_t021.spt
今夜は早く寝よっと…,I'm going to bed early tonight...,romfs\story\spt\free00_00_00_99_t021.spt
また明日がんばろう！,Let's do our best again tomorrow!,romfs\story\spt\free00_00_00_99_t031.spt
今日はこんなところかな。,I guess that's about it for today.,romfs\story\spt\free00_00_00_99_t031.spt
もう日が暮れるな。,It's getting late in the day.,romfs\story\spt\free00_00_00_99_t041.spt
今日はここまでにしておくか。,I guess that's it for today.,romfs\story\spt\free00_00_00_99_t041.spt
今日はこんなところだな。,That's about it for today.,romfs\story\spt\free00_00_00_99_t051.spt
解散するか。,Shall we disband?,romfs\story\spt\free00_00_00_99_t051.spt
モニター前でクエストを完了しよう。,Complete your quest in front of the monitor.,romfs\story\spt\free03_01_00_99_t011.spt
このクエストに…,On this quest...,romfs\story\spt\free03_01_01_00.spt
決定！,Decision!,romfs\story\spt\free03_01_01_00.spt
考えなおす,reassess,romfs\story\spt\free03_01_01_00.spt
のいた最奥より,from the far end of the,romfs\story\spt\free03_01_01_00_t011.spt
を助けに行く際に通った道ぞいに,Along the road we passed when we went to help the,romfs\story\spt\free03_01_01_00_t011.spt
クエスト『探索：倉庫地下施設』…,"Quest ""Exploration: Warehouse Underground Facility""...",romfs\story\spt\free03_01_01_00_t011.spt
全体の構造を考えると、先になにかありそうなんだ。,"Given the overall structure, there is something ahead.",romfs\story\spt\free03_01_01_00_t011.spt
場所は,Location.,romfs\story\spt\free03_01_01_00_t011.spt
少し手前の通路あたりだ。,It's around the aisle a little bit before.,romfs\story\spt\free03_01_01_00_t011.spt
気になる扉があったんだ。,There was a door I was curious about.,romfs\story\spt\free03_01_01_00_t011.spt
調べてみたいと思ってな。,Thought I'd check it out.,romfs\story\spt\free03_01_01_00_t011.spt
クエスト『探索：倉庫地下施設』開始だ！,"The quest ""Exploration: Warehouse Underground Facility"" has begun!",romfs\story\spt\free03_01_01_00_t021.spt
倉庫の奥にあるエレベーターを使って行こう。,Let's use the elevator at the back of the warehouse.,romfs\story\spt\free03_01_01_00_t021.spt
倉庫地下へは、,"To the warehouse basement,",romfs\story\spt\free03_01_01_00_t021.spt
※イベント,※Event,romfs\story\spt\free03_01_01_03_t011.spt
『探索：倉庫地下施設』だな。,"It's ""Explore: Warehouse Underground Facility.",romfs\story\spt\free03_01_01_99_t001.spt
いま進めているクエストは,The quest that I am currently working on is,romfs\story\spt\free03_01_01_99_t001.spt
くわしい内容はクエストアプリを確認しよう。,"For more details, check the Quest application.",romfs\story\spt\free03_01_01_99_t001.spt
クエスト『探索：倉庫地下施設』を達成した！,"The quest ""Exploration: Warehouse Underground Facility"" was accomplished!",romfs\story\spt\free03_01_01_99_t011.spt
探検部の実績が上がった！,The exploration department's performance improved!,romfs\story\spt\free03_01_01_99_t011.spt
たぶんな。,Probably.,romfs\story\spt\free03_01_02_00_t011.spt
もしかしたら坑道の入り口かもしれない。,Maybe it is the entrance to the mine.,romfs\story\spt\free03_01_02_00_t011.spt
クエスト『探索：坑道入口』…,"Quest ""Exploration: Tunnel Entrance""...",romfs\story\spt\free03_01_02_00_t011.spt
メダリア鉱山のですね！,So it is a medallia mine!,romfs\story\spt\free03_01_02_00_t011.spt
坑道の入り口…,The entrance to the tunnel...,romfs\story\spt\free03_01_02_00_t011.spt
場所は外輪山の周辺、東側。,"The location is around the outer rim of the mountain, east side.",romfs\story\spt\free03_01_02_00_t011.spt
山岳・樹海エリアから山道に入ったあたりだ。,It's around the mountain road from the mountain and jukai area.,romfs\story\spt\free03_01_02_00_t011.spt
山歩きの際に、古い鉄扉を見つけた。,"During a hike in the mountains, I found an old iron door.",romfs\story\spt\free03_01_02_00_t011.spt
クエスト『探索：坑道入口』開始だ！,"The quest ""Exploration: Tunnel Entrance"" has begun!",romfs\story\spt\free03_01_02_00_t021.spt
山道のどこかから降りられるはずだ。,It should be possible to get off the mountain road from somewhere.,romfs\story\spt\free03_01_02_00_t021.spt
クエスト03_01_02_01,Quest 03_01_02_01,romfs\story\spt\free03_01_02_01.spt
クエスト03_01_02_03,Quest 03_01_02_03,romfs\story\spt\free03_01_02_02.spt
クエストスタート,Quest Start,romfs\story\spt\free03_01_02_02.spt
ああ,Ah!,romfs\story\spt\free03_01_02_02_t011.spt
このへんですか？,Is it around here?,romfs\story\spt\free03_01_02_02_t011.spt
この一本道を少し進んで、すぐ下あたりだ。,"A little further down this single road, just around the bottom.",romfs\story\spt\free03_01_02_02_t011.spt
もう少し進めば石段が見えてくる。,"A little further on, you will see stone steps.",romfs\story\spt\free03_01_02_02_t011.spt
ダンガイゼッペキなんですけど。,I'm a dangai zeppeki.,romfs\story\spt\free03_01_02_02_t011.spt
下って…,Down...,romfs\story\spt\free03_01_02_02_t011.spt
石段1,Stone Step 1,romfs\story\spt\free03_01_02_03.spt
石段2,Stone Step 2,romfs\story\spt\free03_01_02_03.spt
石段3,Stone Step 3,romfs\story\spt\free03_01_02_03.spt
石段4,Stone Step 4,romfs\story\spt\free03_01_02_03.spt
石段5,Stone Step 5,romfs\story\spt\free03_01_02_03.spt
石段カメラ,camera on a stone staircase,romfs\story\spt\free03_01_02_03.spt
石段下,(flight of) stone steps,romfs\story\spt\free03_01_02_03.spt
石段注視点,Stone Steps Gazing Point,romfs\story\spt\free03_01_02_03.spt
ここから降りよう。,Let's get down from here.,romfs\story\spt\free03_01_02_03_t011.spt
ああ、鉱山時代のものだろう。,"Yeah, it must be from the mining era.",romfs\story\spt\free03_01_02_03_t021.spt
なんだかボロボロで今にも崩れそう…,It's kind of falling apart...,romfs\story\spt\free03_01_02_03_t021.spt
もう少しだ。,Almost there.,romfs\story\spt\free03_01_02_03_t021.spt
階段…　ですよね。,Stairs... right?,romfs\story\spt\free03_01_02_03_t021.spt
えー。,Eh.,romfs\story\spt\free03_01_02_03_t031.spt
方角的には、この草むらの向こうだな。,"In terms of direction, it's over this grassy area.",romfs\story\spt\free03_01_02_03_t031.spt
遺構方向,direction of the remains,romfs\story\spt\free03_01_02_03_t031.spt
クエスト03_01_02_04,Quest 03_01_02_04,romfs\story\spt\free03_01_02_04.spt
クリア後矢印,Post-clear arrow,romfs\story\spt\free03_01_02_04.spt
ボスカメラ,boss camera,romfs\story\spt\free03_01_02_04.spt
まあ待て。せっかくここまで来たんだ。,Wait a minute. We've come all this way.,romfs\story\spt\free03_01_02_04_t011.spt
もう少し調べてみよう。,Let's look into it some more.,romfs\story\spt\free03_01_02_04_t011.spt
この扉か。,"This door, huh?",romfs\story\spt\free03_01_02_04_t021.spt
なるほど、いかにも鉱山入口って感じですねー。,I see...it looks just like a mine entrance!,romfs\story\spt\free03_01_02_04_t021.spt
う～ん,hmm,romfs\story\spt\free03_01_02_04_t022.spt
びくともしない。,It doesn't even budge.,romfs\story\spt\free03_01_02_04_t022.spt
これではたとえ錠前を破壊できても開かないか。,This would not open even if the lock could be destroyed?,romfs\story\spt\free03_01_02_04_t023.spt
チョウツガイもすっかりサビ付いているな。,The chotzkai is all rusted out.,romfs\story\spt\free03_01_02_04_t023.spt
…くそ、ようやく裏口を,"...Damn, finally a back door.",romfs\story\spt\free03_01_02_04_t024.spt
あの事故と関係があるんだろうな…,I'm sure it has something to do with that accident...,romfs\story\spt\free03_01_02_04_t024.spt
いくら検索してもまったく出てこない。,"No matter how many searches I do, I can't find anything at all.",romfs\story\spt\free03_01_02_04_t024.spt
おそらくは島中に坑道が張り巡らされ,Probably tunnels run throughout the island.,romfs\story\spt\free03_01_02_04_t024.spt
しっ。,Shh.,romfs\story\spt\free03_01_02_04_t024.spt
そう考えて、あちこち歩き回ったが…,"With that in mind, I wandered from place to place...",romfs\story\spt\free03_01_02_04_t024.spt
それって――,Is that--,romfs\story\spt\free03_01_02_04_t024.spt
だが、鉱山の規模からいって,But given the size of the mine.,romfs\story\spt\free03_01_02_04_t024.spt
なにか隠したいことがあるのかもしれん。,Maybe there is something they want to hide.,romfs\story\spt\free03_01_02_04_t024.spt
なんのために？,For what?,romfs\story\spt\free03_01_02_04_t024.spt
ほかはきっと閉山時に埋めてしまったんだろう。,The others were probably buried when the mine closed.,romfs\story\spt\free03_01_02_04_t024.spt
やっと見つけたのがここだ。,I finally found it here.,romfs\story\spt\free03_01_02_04_t024.spt
わからん。が、当時の記録は,I don't know. But the record at the time was,romfs\story\spt\free03_01_02_04_t024.spt
事故！,Accident!,romfs\story\spt\free03_01_02_04_t024.spt
入口方向,Entrance direction,romfs\story\spt\free03_01_02_04_t024.spt
埋める？　わざわざ？,Bury it?　On purpose?,romfs\story\spt\free03_01_02_04_t024.spt
小さな鉱山口があちこちにあったはずなんだ。,There must have been small mine mouths here and there.,romfs\story\spt\free03_01_02_04_t024.spt
洞窟のことですか？,You mean the cave?,romfs\story\spt\free03_01_02_04_t024.spt
痕跡すらなかなか見つからなかった。,Even traces were hard to find.,romfs\story\spt\free03_01_02_04_t024.spt
表口っていうのは、倉庫からダクトを通った先にある,The front entrance is at the end of the ducts from the warehouse.,romfs\story\spt\free03_01_02_04_t024.spt
裏口…,Back entrance...,romfs\story\spt\free03_01_02_04_t024.spt
見つけたと思ったんだがな。,I thought I found it.,romfs\story\spt\free03_01_02_04_t024.spt
近寄るとへんなメダロットが襲ってくる、あの？,"When you get close, a strange medallion will attack you, you know?",romfs\story\spt\free03_01_02_04_t024.spt
鉱山口はあれひとつではなかったはずだ。,There must have been more than one mine mouth.,romfs\story\spt\free03_01_02_04_t024.spt
それってどういう意味ですか？,What does that mean?,romfs\story\spt\free03_01_02_04_t025.spt
学生立ち入り禁止だから俺らは入れない。,"It's off limits to students, so we're not allowed in.",romfs\story\spt\free03_01_02_04_t025.spt
表口は学院が管理しているエリアにある。,The front entrance is in an area controlled by the academy.,romfs\story\spt\free03_01_02_04_t025.spt
クモ！！！！！,Spider！！！！！,romfs\story\spt\free03_01_02_04_t031.spt
落ち着け野良メダロットだ。,"Relax, it's a wild medallion.",romfs\story\spt\free03_01_02_04_t031.spt
はい、これでクモ退治クエスト完了ね。,"Yes, now the quest to exterminate spiders is complete.",romfs\story\spt\free03_01_02_04_t041.spt
ふう…,Fu...,romfs\story\spt\free03_01_02_04_t041.spt
戻りましょ。,Let's go back.,romfs\story\spt\free03_01_02_04_t041.spt
いまはＰＣを使えるようにするのが,Now it's a matter of being able to use a PC.,romfs\story\spt\free03_01_02_99.spt
先決だ。,First things first.,romfs\story\spt\free03_01_02_99.spt
『探索：坑道入口』だな。,"It's ""Search: Tunnel Entrance.",romfs\story\spt\free03_01_02_99_t001.spt
クエスト『探索：坑道入口』を達成した！,"The quest ""Exploration: Tunnel Entrance"" was accomplished!",romfs\story\spt\free03_01_02_99_t011.spt
あれを北に抜けた海岸林の道の、さらに先だ。,It's further along the coastal forest road north of that one.,romfs\story\spt\free03_01_03_00_t011.spt
しっかりした小道のまま霧の樹海に入れるようだ。,It looks like you can enter the misty tree line without leaving the solid path.,romfs\story\spt\free03_01_03_00_t011.spt
クエスト『探索：霧の樹海』…,"Quest ""Search: Misty Sea of Trees""...",romfs\story\spt\free03_01_03_00_t011.spt
不思議な森があるんだ。,There's a mysterious forest.,romfs\story\spt\free03_01_03_00_t011.spt
島の北東部に、いつ行っても深い霧のかかっている,"In the northeastern part of the island, there is always a deep fog.",romfs\story\spt\free03_01_03_00_t011.spt
探索してみないか？,Would you like to explore?,romfs\story\spt\free03_01_03_00_t011.spt
最近、安全なルートを見つけた。,I recently found a safe route.,romfs\story\spt\free03_01_03_00_t011.spt
東海岸のビーチはもう知ってるな？,"You already know the beaches on the East Coast, don't you?",romfs\story\spt\free03_01_03_00_t011.spt
濃霧で視界が奪われなかなか探索が進まなかったが,The thick fog deprived us of visibility and made it difficult to make progress in our search.,romfs\story\spt\free03_01_03_00_t011.spt
まずは東海岸のビーチから北の海岸林を目指そう。,Let's start with the beaches on the east coast and then head north to the coastal forest.,romfs\story\spt\free03_01_03_00_t021.spt
クエスト『探索：霧の樹海』開始だ！,"The quest ""Exploration: Misty Sea of Trees"" has begun!",romfs\story\spt\free03_01_03_00_t021.spt
クエスト03_01_03_01,Quest 03_01_03_01,romfs\story\spt\free03_01_03_01.spt
クエスト,quest,romfs\story\spt\free03_01_03_02.spt
クエスト03_01_03_02,Quest 03_01_03_02,romfs\story\spt\free03_01_03_02.spt
クエスト後,After the Quest,romfs\story\spt\free03_01_03_02.spt
ほら…,You see...,romfs\story\spt\free03_01_03_02_t011.spt
島の北端に出たか。,You've reached the north end of the island.,romfs\story\spt\free03_01_03_02_t011.spt
木の合間からチラッと見えるの,I can catch a glimpse of it through the trees.,romfs\story\spt\free03_01_03_02_t011.spt
海だわ。,Ocean.,romfs\story\spt\free03_01_03_02_t011.spt
こんどはなによ。,What is it this time?,romfs\story\spt\free03_01_03_02_t021.spt
アイツ戦う気だぜ。,He's going to fight.,romfs\story\spt\free03_01_03_02_t022.spt
気をつけろ！,Watch out!,romfs\story\spt\free03_01_03_02_t022.spt
いい眺め…,Nice view...,romfs\story\spt\free03_01_03_02_t031.spt
これで白地図がまた埋まったな。,Now the white map is filled in again.,romfs\story\spt\free03_01_03_02_t031.spt
さて、帰るか。,"Well, let's go home.",romfs\story\spt\free03_01_03_02_t031.spt
ついに島縦断ですねー。,"Finally, we are going to traverse the island!",romfs\story\spt\free03_01_03_02_t031.spt
『探索：霧の樹海』だな。,"It's ""Exploration: The Misty Sea of Trees.",romfs\story\spt\free03_01_03_99_t001.spt
クエスト『探索：霧の樹海』を達成した！,"The quest ""Exploration: Misty Sea of Trees"" was accomplished!",romfs\story\spt\free03_01_03_99_t011.spt
おっと、そうそう――,"Oh, yeah, yeah--",romfs\story\spt\free06_01_00_00_t011.spt
必要と感じたらこれを使ってくれ。,Use this if you feel the need.,romfs\story\spt\free06_01_00_00_t011.spt
状況によっては飛行脚部が必須になるかもしれん。,"In some situations, a flying leg section might be required.",romfs\story\spt\free06_01_00_00_t011.spt
観測ポイントは高所が多い。,Many observation points are at high elevations.,romfs\story\spt\free06_01_00_00_t011.spt
調整しておいた。,I adjusted it.,romfs\story\spt\free06_01_00_00_t011.spt
か,"-ist (used after a noun indicating someone's occupation, pursuits, disposition, etc.)",romfs\story\spt\free06_01_00_00_t021.spt
なんだよこれ,what the hell is this?,romfs\story\spt\free06_01_00_00_t021.spt
まあな、だからこれは,"Well, yeah, so this is...",romfs\story\spt\free06_01_00_00_t021.spt
オンナ型メダロット用じゃねーか！,"It's for onna-type medallion, isn't it?",romfs\story\spt\free06_01_00_00_t021.spt
用だな。,For.,romfs\story\spt\free06_01_00_00_t021.spt
クエスト『音波観測：旧港町』…,"Quest ""Sonic Observation: Old Port Town""...",romfs\story\spt\free06_01_01_00_t011.spt
今は荒れ果てているが高層住宅の密集エリアだ。,It is now a rundown but dense area of high-rise housing.,romfs\story\spt\free06_01_01_00_t011.spt
島の西方にある旧港町は、鉱山が稼働していた頃に,"The old port town on the west side of the island, when the mine was in operation.",romfs\story\spt\free06_01_01_00_t011.spt
干渉物の少ない高所でデータをとろう。,Let's take data at high elevations where there are few interferences.,romfs\story\spt\free06_01_01_00_t011.spt
従業員たちが生活していた場所だな。,That's where the employees lived.,romfs\story\spt\free06_01_01_00_t011.spt
クエスト『音波観測：旧港町』開始だ！,"The quest ""Sonic Observation: Old Port Town"" has begun!",romfs\story\spt\free06_01_01_00_t021.spt
旧港町へは、鉱山口から行くのが近いだろう。,The old port town would be closer to the mine entrance.,romfs\story\spt\free06_01_01_00_t021.spt
鉱山口から西に抜けよう。,Let's go through the mine entrance to the west.,romfs\story\spt\free06_01_01_00_t021.spt
クエスト06_01_01_01,Quest06_01_01_01,romfs\story\spt\free06_01_01_01.spt
クエスト06_01_01_02,Quest06_01_01_02,romfs\story\spt\free06_01_01_02.spt
ロボトル後,After robattle,romfs\story\spt\free06_01_01_02.spt
うっ、今にも崩れそうだ。,"Ugh, it looks like it's about to fall apart.",romfs\story\spt\free06_01_01_02_t011.spt
ゼッタイ押さないでよ！！,Don't push me!,romfs\story\spt\free06_01_01_02_t011.spt
押さないでよ！,Don't push it!,romfs\story\spt\free06_01_01_02_t011.spt
押したらコロス！,"If you push it, it's a colossus!",romfs\story\spt\free06_01_01_02_t011.spt
押しませんってば…,I won't push...,romfs\story\spt\free06_01_01_02_t011.spt
…じゃなくてセイテイキングか。,"...not ""say-taking"".",romfs\story\spt\free06_01_01_02_t021.spt
うわっ、でっかいトンボ！,"Wow, a big dragonfly!",romfs\story\spt\free06_01_01_02_t021.spt
おっ。,Oops.,romfs\story\spt\free06_01_01_02_t021.spt
もちろん戦うぜー！,Of course I'll fight!,romfs\story\spt\free06_01_01_02_t021.spt
決まってるワ。,It's obvious.,romfs\story\spt\free06_01_01_02_t021.spt
クエスト06_01_01_03,Quest06_01_01_03,romfs\story\spt\free06_01_01_03.spt
うん、いいんじゃない？,"Yeah, that's good, isn't it?",romfs\story\spt\free06_01_01_03_t011.spt
ここ…　いちばん高いんじゃないですか？,Isn't this place the most expensive?,romfs\story\spt\free06_01_01_03_t011.spt
よし、それじゃあ――,"Okay, then--",romfs\story\spt\free06_01_01_03_t011.spt
障害物もないし…　良くないですか？,"No obstructions... good, no?",romfs\story\spt\free06_01_01_03_t011.spt
高い場所がいいんですよね。,You want a high place.,romfs\story\spt\free06_01_01_03_t011.spt
うんうん、大丈夫だと思うよ。,"Yeah, yeah, I think it'll be fine.",romfs\story\spt\free06_01_01_03_t012.spt
これでいい…　のかな？,Is this okay...?,romfs\story\spt\free06_01_01_03_t012.spt
それじゃ戻りましょ。,Let's go back then.,romfs\story\spt\free06_01_01_03_t012.spt
終わったのね。,You're done.,romfs\story\spt\free06_01_01_03_t012.spt
ここで今する話でもないし。,It's not something I'm going to talk about here and now.,romfs\story\spt\free06_01_01_03_t013.spt
こんなにたくさんの人が暮らしていた街が,A city where so many people used to live.,romfs\story\spt\free06_01_01_03_t013.spt
さぞかしにぎやかだったんでしょうね,It must have been very lively.,romfs\story\spt\free06_01_01_03_t013.spt
すごく不思議な感じです。,It's very strange.,romfs\story\spt\free06_01_01_03_t013.spt
その可能性もあるなーと思ってね。,I was just wondering if that's a possibility.,romfs\story\spt\free06_01_01_03_t013.spt
たったの数十年でこんなになってしまうなんて…,I can't believe it only took a few decades to turn into this...,romfs\story\spt\free06_01_01_03_t013.spt
だけど少ない記録を読み解けば,But if you decipher the few records that are available.,romfs\story\spt\free06_01_01_03_t013.spt
まいっか。,Oh well.,romfs\story\spt\free06_01_01_03_t013.spt
ニュースでもほとんど報じられなかったみたいだけど,It's almost like it wasn't even reported in the news.,romfs\story\spt\free06_01_01_03_t013.spt
メダリアの枯渇じゃないと言いたいのか…？,Are you trying to tell me that the medallias are not depleted...?,romfs\story\spt\free06_01_01_03_t013.spt
リッパな、ていうのもヘンですけど…,"I know it's weird to call it ""rippa"" but...",romfs\story\spt\free06_01_01_03_t013.spt
リッパなハイキョですよね。,"It's a ripe haikyo, isn't it?",romfs\story\spt\free06_01_01_03_t013.spt
事故の直後に閉山されたことはわかる。,I understand that the mine was closed immediately after the accident.,romfs\story\spt\free06_01_01_03_t013.spt
事故の話、聞いたことない？,Have you heard about the accident?,romfs\story\spt\free06_01_01_03_t013.spt
当時は…,At that time...,romfs\story\spt\free06_01_01_03_t013.spt
暗くなる前に帰ろうか。,Let's go home before it gets dark.,romfs\story\spt\free06_01_01_03_t013.spt
本当にそうかな。,I really don't know if that's true.,romfs\story\spt\free06_01_01_03_t013.spt
石が尽きれば街の寿命も尽きるんだ。,"When the stones run out, so does the city's lifespan.",romfs\story\spt\free06_01_01_03_t013.spt
鉱山でその昔、大事故があったって話さ。,He told me that there was a big accident at the mine a long time ago.,romfs\story\spt\free06_01_01_03_t013.spt
鉱山街の宿命だろう。,It must be the fate of mining towns.,romfs\story\spt\free06_01_01_03_t013.spt
閉山の直接原因はその事故ってことか？,Are you saying that the direct cause of the closure of the mine was that accident?,romfs\story\spt\free06_01_01_03_t013.spt
『音波観測：旧港町』だな。,Sonic Observation: Old Port Town.,romfs\story\spt\free06_01_01_99_t001.spt
クエスト『音波観測：旧港町』を達成した！,"The quest ""Sonic Observation: Old Port Town"" was accomplished!",romfs\story\spt\free06_01_01_99_t011.spt
それは『たてこうやぐら』と読む。,"It reads ""Tatekoyagura.",romfs\story\spt\free06_01_02_00_t011.spt
つまりマインは地中の音を拾いたいんだろう。,"In other words, Mine wants to pick up subterranean sounds.",romfs\story\spt\free06_01_02_00_t011.spt
クエスト『音波観測：たて…　あな…,"The quest ""Sonic Observation: Tate... Anata...",romfs\story\spt\free06_01_02_00_t011.spt
竪坑櫓というのは鉱山時代の遺構だ。,The shaft turret is a relic from the mining era.,romfs\story\spt\free06_01_02_00_t011.spt
運搬用の大型施設で、櫓の真下には深い竪坑がある。,"It is a large facility for transportation, with a deep shaft directly below the turret.",romfs\story\spt\free06_01_02_00_t011.spt
クエスト『音波観測：竪坑櫓』開始だ！,"The quest ""Sonic Observation: The Shaft Tower"" has begun!",romfs\story\spt\free06_01_02_00_t021.spt
直通路はなさそうだ。,There does not appear to be a direct path.,romfs\story\spt\free06_01_02_00_t021.spt
竪坑櫓は学院の北に見ることができるが,"The shaft turret can be seen to the north of the institute, but",romfs\story\spt\free06_01_02_00_t021.spt
霧の樹海を抜けていこう。,Let's go through the foggy sea of trees.,romfs\story\spt\free06_01_02_00_t021.spt
クエスト06_01_02_01,Quest06_01_02_01,romfs\story\spt\free06_01_02_01.spt
クエスト06_01_02_03,Quest 06_01_02_03,romfs\story\spt\free06_01_02_02.spt
海岸林前,in front of a coastal forest,romfs\story\spt\free06_01_02_02.spt
抜けられる場所を探そう。,Let's find a place to get out.,romfs\story\spt\free06_01_02_02_t011.spt
方角的には北西――　つまりこっちの方角だ。,"In terms of direction, it is northwest--that is, in this direction.",romfs\story\spt\free06_01_02_02_t011.spt
旧道1,Old Road 1,romfs\story\spt\free06_01_02_03.spt
旧道2,Old road 2,romfs\story\spt\free06_01_02_03.spt
旧道4,Old road 4,romfs\story\spt\free06_01_02_03.spt
旧道カメラ,Old Road Camera,romfs\story\spt\free06_01_02_03.spt
遺構_out,Remains_out,romfs\story\spt\free06_01_02_03.spt
霧,fog,romfs\story\spt\free06_01_02_03.spt
この旧道に入ろう。,Let's take this old road.,romfs\story\spt\free06_01_02_03_t011.spt
いや、元はちゃんと整備された道だ。,"No, it was originally a properly maintained road.",romfs\story\spt\free06_01_02_03_t021.spt
ケモノ道のまちがいじゃないの？,"I think you're making a mistake on the ""kemonomichi"" road.",romfs\story\spt\free06_01_02_03_t021.spt
旧道？,Old road?,romfs\story\spt\free06_01_02_03_t021.spt
茂みのせいで歩きにくいがな。,"The bushes make it hard to walk, though.",romfs\story\spt\free06_01_02_03_t021.spt
あっ、ちょっ…,"Oh, hey...",romfs\story\spt\free06_01_02_03_t022.spt
そんなに早く歩けないってば、もうっ。,"I can't walk that fast, damn it.",romfs\story\spt\free06_01_02_03_t022.spt
イノシシじゃないのよ！,It's not a wild boar!,romfs\story\spt\free06_01_02_03_t022.spt

部室へ戻ろう。,Let's go back to the clubroom.,romfs\story\spt\free06_01_02_03_t031.spt
音波データは手に入れた。,I got the sonic data.,romfs\story\spt\free06_01_02_03_t031.spt
クエスト06_01_02_04,Quest 06_01_02_04,romfs\story\spt\free06_01_02_04.spt
飛行機2,Airplane 2,romfs\story\spt\free06_01_02_04.spt
飛行機3,Airplane 3,romfs\story\spt\free06_01_02_04.spt
もう少し調べたいな。,I'd like to do some more research.,romfs\story\spt\free06_01_02_04_t011.spt
戻ろうよ。,Let's go back.,romfs\story\spt\free06_01_02_04_t011.spt
あの階段ボロボロじゃないの。,Those stairs are falling apart.,romfs\story\spt\free06_01_02_04_t021.spt
あれ使っててっぺんまで登れば覗けるんじゃ？,"If you use it to climb to the top, can't you take a peek?",romfs\story\spt\free06_01_02_04_t021.spt
いやいやきみたち,"Oh, no, no, no, no, no, no, no, no, no, no, no. You guys.",romfs\story\spt\free06_01_02_04_t021.spt
これが竪坑櫓…,This is the shaft turret...,romfs\story\spt\free06_01_02_04_t021.spt
そうだね、それじゃあ…,"Right, so...",romfs\story\spt\free06_01_02_04_t021.spt
そっか,"one's step (as in ""watch your step"")",romfs\story\spt\free06_01_02_04_t021.spt
そのためには、やはり櫓に上がらないとな。,"For that, I still have to go up on the turret.",romfs\story\spt\free06_01_02_04_t021.spt
それじゃあ、う～ん…,"Well then, ummm...",romfs\story\spt\free06_01_02_04_t021.spt
ちゃん。,Chan.,romfs\story\spt\free06_01_02_04_t021.spt
つまり、この真下に坑道があると。,"In other words, there is a tunnel directly below this one.",romfs\story\spt\free06_01_02_04_t021.spt
とはいえ、地中の音を拾うなら穴の真上がいい。,"Nevertheless, if you want to pick up subterranean sound, you should be directly above the hole.",romfs\story\spt\free06_01_02_04_t021.spt
どこにものぞき穴なんてなさそうだけど。,There doesn't seem to be a peephole anywhere.,romfs\story\spt\free06_01_02_04_t021.spt
ムリに覗こうとすると落ちるから気をつけろ。,Be careful not to try to peek too hard or you'll fall off.,romfs\story\spt\free06_01_02_04_t021.spt
任せテ。,Leave it to me.,romfs\story\spt\free06_01_02_04_t021.spt
別にムリして落っこちなくたっていいんだよ。,You don't have to fall down.,romfs\story\spt\free06_01_02_04_t021.spt
底はとんでもなく深いぞ。,The bottom is ridiculously deep.,romfs\story\spt\free06_01_02_04_t021.spt
昇降機は死んでるがな。,"The elevator is dead, though.",romfs\story\spt\free06_01_02_04_t021.spt
段なんかほとんど残ってないわよ。,There are hardly any steps left.,romfs\story\spt\free06_01_02_04_t021.spt
気をつけろったって…,I told you to be careful...,romfs\story\spt\free06_01_02_04_t021.spt
穴はあのドラム缶みたいな筒の中でしょ？,"The hole is in that drum-like tube, right?",romfs\story\spt\free06_01_02_04_t021.spt
階段があるよ。,There are stairs.,romfs\story\spt\free06_01_02_04_t021.spt
うん、ばっちり。,"Yeah, perfect.",romfs\story\spt\free06_01_02_04_t022.spt
ここでいいノ？,Are you sure you're in the right place?,romfs\story\spt\free06_01_02_04_t022.spt
おわったワ。,It's over.,romfs\story\spt\free06_01_02_04_t023.spt
それじゃあ――,"Well, then...",romfs\story\spt\free06_01_02_04_t023.spt
この櫓はやつのナワバリみたいだな。,This turret looks like his navvy.,romfs\story\spt\free06_01_02_04_t031.spt
選択権はなさそうね。,I guess I don't have a choice.,romfs\story\spt\free06_01_02_04_t031.spt
部室に戻るか。,Let's go back to the clubroom.,romfs\story\spt\free06_01_02_04_t051.spt
音波データは手に入った。,Sonic data is in hand.,romfs\story\spt\free06_01_02_04_t051.spt
『音波観測：竪坑櫓』だな。,"It's ""Sonic Observation: Vertical Pit Tower.",romfs\story\spt\free06_01_02_99_t001.spt
クエスト『音波観測：竪坑櫓』を達成した！,"The quest ""Sonic Observations: the Shaft Tower"" was accomplished!",romfs\story\spt\free06_01_02_99_t011.spt
ということだな。,That's what I mean.,romfs\story\spt\free06_01_03_00_t011.spt
クエスト『音波観測：山頂』…,"Quest ""Sonic Observation: The Summit""...",romfs\story\spt\free06_01_03_00_t011.spt
山登りか…,Mountain climbing or...,romfs\story\spt\free06_01_03_00_t011.spt
要は、島の最高地点の音波データがほしい,"The point is, I want sonic data on the highest point on the island.",romfs\story\spt\free06_01_03_00_t011.spt
よし、山道エリアを進んで頂上に向かおう。,"Okay, let's continue on to the mountain road area and head for the top.",romfs\story\spt\free06_01_03_00_t021.spt
クエスト『音波観測：山頂』開始だ！,"The quest ""Sonic Observation: The Summit"" has begun!",romfs\story\spt\free06_01_03_00_t021.spt
吊り橋をわたれば、あとは頂上まで一直線だ。,"Once across the suspension bridge, there is a straight line to the top.",romfs\story\spt\free06_01_03_00_t021.spt
クエスト06_01_03_01,Quest06_01_03_01,romfs\story\spt\free06_01_03_01.spt
ほこら前,in front of the castle,romfs\story\spt\free06_01_03_02.spt
クエスト06_01_03_02,Quest 06_01_03_02,romfs\story\spt\free06_01_03_02.spt
山頂,summit (e.g. mountain),romfs\story\spt\free06_01_03_02.spt
あ、ほこら…！,"Oh, hola..!",romfs\story\spt\free06_01_03_02_t011.spt
きれいだなあ！,It's beautiful!,romfs\story\spt\free06_01_03_02_t012.spt
ここならいい音がとれそうですねー、あはは。,I think I can get a good sound here - haha.,romfs\story\spt\free06_01_03_02_t012.spt
なんの音だ？,What's that sound?,romfs\story\spt\free06_01_03_02_t012.spt
海が見える…,You can see the ocean...,romfs\story\spt\free06_01_03_02_t012.spt
ウィールコームだ！,Weal comb!,romfs\story\spt\free06_01_03_02_t021.spt
ようやく静かになったぞ。,It's finally quieting down.,romfs\story\spt\free06_01_03_02_t031.spt
データをとろう。,Let's take the data.,romfs\story\spt\free06_01_03_02_t031.spt
うん、これでよし、…と。,"Yeah, here we go...and....",romfs\story\spt\free06_01_03_02_t032.spt
『音波観測：山頂』だな。,"It's ""Sonic Observation: Summit.",romfs\story\spt\free06_01_03_99_t001.spt
クエスト『音波観測：山頂』を達成した！,"The quest ""Sonic Observation: the summit of the mountain"" was accomplished!",romfs\story\spt\free06_01_03_99_t011.spt
あればこの探知機の確かさが証明できるでしょ。,"If there were, you could prove the certainty of this detector.",romfs\story\spt\free06_02_01_00_t011.spt
あんな場所にまだメダリアが？,How can there still be medallions in a place like that?,romfs\story\spt\free06_02_01_00_t011.spt
ちゃんを助けに入ったあの倉庫だよ。,It's that warehouse where I went in to rescue you.,romfs\story\spt\free06_02_01_00_t011.spt
もちろん覚えてますけど…,Of course I remember...,romfs\story\spt\free06_02_01_00_t011.spt
クエスト『メダリア採取：倉庫』か…,"From the quest ""Collecting Medaria: Warehouse"" or...",romfs\story\spt\free06_02_01_00_t011.spt
以前,previous,romfs\story\spt\free06_02_01_00_t011.spt
実験にはうってつけの場所だと思うんだ。,I think it's a perfect place for experimentation.,romfs\story\spt\free06_02_01_00_t011.spt
覚えてるよね。,You remember.,romfs\story\spt\free06_02_01_00_t011.spt
…と、道はもうわかるな。,...and you already know the way.,romfs\story\spt\free06_02_01_00_t021.spt
ひと口に倉庫と言ってもあんがい広いからね。,A warehouse is a rather large place.,romfs\story\spt\free06_02_01_00_t021.spt
よし行くか。,"Okay, let's go.",romfs\story\spt\free06_02_01_00_t021.spt
クエスト『メダリア採取：倉庫』開始だ！,"The quest ""Collecting Medaria: Warehouse"" has begun!",romfs\story\spt\free06_02_01_00_t021.spt
探知機の音に注意しながら歩いてみよう。,Let's walk around and pay attention to the sound of the detector.,romfs\story\spt\free06_02_01_00_t021.spt
おばあさん,grandmother,romfs\story\spt\free06_02_01_01.spt
クエスト06_02_01_02,Quest06_02_01_02,romfs\story\spt\free06_02_01_02.spt
ゲット1,Get 1,romfs\story\spt\free06_02_01_02.spt
鉱山口前,in front of the mine entrance,romfs\story\spt\free06_02_01_02.spt
じゃじゃっ、ジャッ！,"Jaja, jaja!",romfs\story\spt\free06_02_01_02_t001.spt
ソウッ！,Sow!,romfs\story\spt\free06_02_01_02_t001.spt
叫べ～オレの～,Shout - my,romfs\story\spt\free06_02_01_02_t001.spt
燃える鉄拳～うなりをあげって～♪,Burning Iron Fist - growl and growl...♪,romfs\story\spt\free06_02_01_02_t001.spt
それ、こっちのセリフなんだけど…,That's our line...,romfs\story\spt\free06_02_01_02_t011.spt
どっから入って来た。,Where did it come in.,romfs\story\spt\free06_02_01_02_t011.spt
なんだお前ら？,What's with you guys?,romfs\story\spt\free06_02_01_02_t011.spt
ここは今日からオレ様の居城となった。,This is my castle from today.,romfs\story\spt\free06_02_01_02_t012.spt
どのくらい重いかってえと、そうだな…,"How heavy is it, let's see...",romfs\story\spt\free06_02_01_02_t012.spt
よく聞け。,Listen carefully.,romfs\story\spt\free06_02_01_02_t012.spt
オレ様の国じゃ不法侵入の罪は重いぜ。,"In my country, trespassing is a serious offense.",romfs\story\spt\free06_02_01_02_t012.spt
メダル５枚分ってところだな！,That's like five medals worth!,romfs\story\spt\free06_02_01_02_t012.spt
ちっ、またお前らか。,"Damn, it's you guys again.",romfs\story\spt\free06_02_01_02_t021.spt
ゴキブリみてーにどこにでも現れやがって。,They show up everywhere like cockroaches.,romfs\story\spt\free06_02_01_02_t021.spt
叩き出してやる！,I'm going to beat it out of you!,romfs\story\spt\free06_02_01_02_t022.spt
く…っ。,Kuh....,romfs\story\spt\free06_02_01_02_t031.spt
こんなところにアジトなんか建てた日にゃあ,If you build a hideout in a place like this...,romfs\story\spt\free06_02_01_02_t031.spt
こんな場所お前らにくれてやるよ。,I'll give you guys this place.,romfs\story\spt\free06_02_01_02_t031.spt
ついてたなボウズ！,"You're lucky, Bowes!",romfs\story\spt\free06_02_01_02_t031.spt
はっ、やめだやめだ。,"Ha, stop it, stop it.",romfs\story\spt\free06_02_01_02_t031.spt
ま、まあいい。,"Well, okay.",romfs\story\spt\free06_02_01_02_t031.spt
よく見りゃたいしたことねえ建物だしよ。,"If you look closely, it's not much of a building.",romfs\story\spt\free06_02_01_02_t031.spt
リフォーム代だけで首が回らなくなっちまうぜ。,The remodeling costs alone will be too much to pay.,romfs\story\spt\free06_02_01_02_t031.spt
床も壁もボロボロだし,The floors and walls are falling apart.,romfs\story\spt\free06_02_01_02_t031.spt
線路もトロッコもすっかりサビついてやがる。,The tracks and trolley are all rusted out.,romfs\story\spt\free06_02_01_02_t031.spt
せっかく退いてくれたんだ。,You've retreated all the way.,romfs\story\spt\free06_02_01_02_t032.spt
なんなのよ、いったい…,"What the hell, what the hell...",romfs\story\spt\free06_02_01_02_t032.spt
まあ、いいじゃないか。,"Well, come on.",romfs\story\spt\free06_02_01_02_t032.spt
勝手にさわいで勝手にいなくなっちゃうし。,They make a fuss and go away on their own.,romfs\story\spt\free06_02_01_02_t032.spt
反応は…　ちょうどこのあたりだな。,The response is... just about here.,romfs\story\spt\free06_02_01_02_t032.spt
調査を続けよう。,Let's continue the investigation.,romfs\story\spt\free06_02_01_02_t032.spt
これじゃあ見つからないよ。,You won't find it then.,romfs\story\spt\free06_02_01_02_t041.spt
さてミッションコンプリートだ戻ろうか。,"Well, mission complete, let's go back.",romfs\story\spt\free06_02_01_02_t041.spt
探知アプリ様様だね。,Thank God for detection apps.,romfs\story\spt\free06_02_01_02_t041.spt
資材の下に隠れてたんだ。,I was hiding under the materials.,romfs\story\spt\free06_02_01_02_t041.spt
『メダリア採取：倉庫』だな。,It's a 'medallion collection: warehouse.,romfs\story\spt\free06_02_01_99_t001.spt
クエスト『メダリア採取：倉庫』を達成した！,"The quest ""Medallia collection: warehouse"" was accomplished!",romfs\story\spt\free06_02_01_99_t011.spt
クエスト『メダリア採取：鉱山遺構』…,"Quest ""Collecting Medaria: Mining Remains""...",romfs\story\spt\free06_02_02_00_t011.spt
山沿いに大きめの反応があるんだ。,There's a larger response along the mountain.,romfs\story\spt\free06_02_02_00_t011.spt
期待できそうだ…,Looks promising...,romfs\story\spt\free06_02_02_00_t011.spt
鉱山遺構が多く集まっているあたりか。,Is this the area where many of the mine remains are clustered?,romfs\story\spt\free06_02_02_00_t011.spt
あのあたりがエリアの中心だ。,That area is the center of the area.,romfs\story\spt\free06_02_02_00_t021.spt
きっと反応が強くなるはずだ。,The response will surely be stronger.,romfs\story\spt\free06_02_02_00_t021.spt
まずは山岳・樹海エリアから山道に入ろう。,Let's start with the mountain and jukai area to enter the mountain trail.,romfs\story\spt\free06_02_02_00_t021.spt
クエスト『メダリア採取：鉱山遺構』開始だ！,"The quest ""Collecting Medaria: Mine Remains"" has begun!",romfs\story\spt\free06_02_02_00_t021.spt
吊り橋あたりを目指すか。,Should we aim for the suspension bridge area?,romfs\story\spt\free06_02_02_00_t021.spt
クエスト06_02_02_03,Quest06_02_02_03,romfs\story\spt\free06_02_02_02.spt
もう少し歩いてみるか。,Let's walk some more.,romfs\story\spt\free06_02_02_02_t011.spt
俺のほうもまだだな。,Not yet on my end either.,romfs\story\spt\free06_02_02_02_t011.spt
探知アプリの反応はどうだ？,How's the detection app responding?,romfs\story\spt\free06_02_02_02_t011.spt
ロープ,rope,romfs\story\spt\free06_02_02_03.spt
あ、反応が…,"Oh, the reaction...",romfs\story\spt\free06_02_02_03_t011.spt
あっちの崖下に鉱山遺構が見えるな。,You can see the remains of the mine at the bottom of the cliff over there.,romfs\story\spt\free06_02_02_03_t011.spt
これを使えば安全に降りられます。,This will allow you to get off safely.,romfs\story\spt\free06_02_02_03_t011.spt
ちょっ、あそこまで行くの？,"Wait, you're going that way?",romfs\story\spt\free06_02_02_03_t011.spt
どうやって！？,How!,romfs\story\spt\free06_02_02_03_t011.spt
シンに鋼材が入ってますから丈夫です。,The steel material in the thins makes them strong.,romfs\story\spt\free06_02_02_03_t011.spt
ボロボロなのは見た目だけです。,It only looks ragged.,romfs\story\spt\free06_02_02_03_t011.spt
ロープがあります。,There is a rope.,romfs\story\spt\free06_02_02_03_t011.spt
ロープってあんた…,Rope? You...,romfs\story\spt\free06_02_02_03_t011.spt
鉱山時代のやつよね？　何十年か前のやつよねっ？,"It's from the mining days, right?　Decades ago, right?",romfs\story\spt\free06_02_02_03_t011.spt
ま、大丈夫でしょ。,"Well, it will be fine.",romfs\story\spt\free06_02_02_03_t012.spt
もー！,Moo!,romfs\story\spt\free06_02_02_03_t012.spt
落ちても死ぬような高さじゃないし。,It's not high enough to die if you fall.,romfs\story\spt\free06_02_02_03_t012.spt
行くぞ。,Let's go.,romfs\story\spt\free06_02_02_03_t012.spt
※水中ロボトル,※Lobottle in water,romfs\story\spt\free06_02_02_03_t021.spt
※勝利後、ロボロボ団長退散,"※After the victory, Commander Rubberobo leaves.",romfs\story\spt\free06_02_02_03_t031.spt
※メダリア発見,Medallia found.,romfs\story\spt\free06_02_02_03_t041.spt
目的は達成した。,Objective achieved.,romfs\story\spt\free06_02_02_03_t041.spt
クエスト06_02_02_04,Quest06_02_02_04,romfs\story\spt\free06_02_02_04.spt
転入生0,Transfer student 0,romfs\story\spt\free06_02_02_04.spt
これなんですか？,What is this?,romfs\story\spt\free06_02_02_04_t001.spt
こんなのが人気のない山の中に埋もれてるなんて…！,I can't believe this is buried in an unpopular mountain...!,romfs\story\spt\free06_02_02_04_t001.spt
それにしても、大きな施設だな。,"Still, it's a big facility.",romfs\story\spt\free06_02_02_04_t001.spt
シックナーです。,Schickner.,romfs\story\spt\free06_02_02_04_t001.spt
メダリアと不純物を分離します。,Separate the medalia from the impurities.,romfs\story\spt\free06_02_02_04_t001.spt
中に溜まってるのって雨水よね。,"That's rainwater that's accumulated inside, right?",romfs\story\spt\free06_02_02_04_t001.spt
人気はあるみたいだよ。,They seem to be popular.,romfs\story\spt\free06_02_02_04_t001.spt
落ちたらヒサンなことになりそーなんだけど。,"If it falls off, it will be a hissan thing.",romfs\story\spt\free06_02_02_04_t001.spt
いいね。,Nice.,romfs\story\spt\free06_02_02_04_t002.spt
かっちょいいステージの一丁上がりじゃねえか！,"It's a cool stage to set up, isn't it?",romfs\story\spt\free06_02_02_04_t002.spt
すばらしい！,Wonderful!,romfs\story\spt\free06_02_02_04_t002.spt
そしてこの花道…,And this flower path...,romfs\story\spt\free06_02_02_04_t002.spt
ちょちょっと改造すれば,With a little modification.,romfs\story\spt\free06_02_02_04_t002.spt
と。,And.,romfs\story\spt\free06_02_02_04_t002.spt
なんたってこの丸さがいいぜ。,"After all, this roundness is great.",romfs\story\spt\free06_02_02_04_t002.spt
よっし決めちまうか,"All right, let's do it.",romfs\story\spt\free06_02_02_04_t002.spt
今日からここがオレ様のアジ――,"From now on, this is my home.",romfs\story\spt\free06_02_02_04_t002.spt
もうちょっと調べてみよう。,Let's look into it some more.,romfs\story\spt\free06_02_02_04_t011.spt
それ、こっちのセリフなんですけど,That's our line.,romfs\story\spt\free06_02_02_04_t021.spt
なんだお前ら、どっから来た！,"What's with you guys, where did you come from?",romfs\story\spt\free06_02_02_04_t021.spt
いやいや、実際くり返しだからコレ。,"No, no, no, in fact, it's repetitive, so here it is.",romfs\story\spt\free06_02_02_04_t031.spt
うっ、なんだ？　前にもあったようなこの感覚…,"Ugh, what is it?　I've had this feeling before...",romfs\story\spt\free06_02_02_04_t031.spt
それ、こっちのセリフなんですけど。,That's our line.,romfs\story\spt\free06_02_02_04_t031.spt
だがあいにくオレ様はコメディアンじゃねえ。,"But unfortunately, I'm not a comedian.",romfs\story\spt\free06_02_02_04_t031.spt
どっから湧き出てきやがった。,Where the hell did that come from?,romfs\story\spt\free06_02_02_04_t031.spt
なかなかいいツッコミだ。,That's a pretty good tweak.,romfs\story\spt\free06_02_02_04_t031.spt
なんだお前ら,what's up with you guys?,romfs\story\spt\free06_02_02_04_t031.spt
ほ、ほほう。,"Ho, ho, ho.",romfs\story\spt\free06_02_02_04_t031.spt
デジャブか！？,Deja vu!,romfs\story\spt\free06_02_02_04_t031.spt
お前らにくれてやるぜ。,I'll give it to you guys.,romfs\story\spt\free06_02_02_04_t041.spt
くっ,"damn (adds emphasis and or annoyance to next word, e.g. damn hot, damn kids, etc.",romfs\story\spt\free06_02_02_04_t041.spt
こんな泥水うっかり落ちたら,If you accidentally fall in this muddy water,romfs\story\spt\free06_02_02_04_t041.spt
へっ,heh heh heh,romfs\story\spt\free06_02_02_04_t041.spt
やめだやめだ！,"Stop, stop, stop!",romfs\story\spt\free06_02_02_04_t041.spt
よく見たらなんだ、汚ねえタンクじゃねえか。,"I took a closer look, what a dirty tank.",romfs\story\spt\free06_02_02_04_t041.spt
オレ様にふさわしい場所はここじゃねえ！,This is not the right place for me!,romfs\story\spt\free06_02_02_04_t041.spt
自慢のリーゼントが台無しだぜ。,"You're ruining my regent, man, I'm so proud of it.",romfs\story\spt\free06_02_02_04_t041.spt
えーと…,Well...,romfs\story\spt\free06_02_02_04_t042.spt
調査続行だ。,The investigation continues.,romfs\story\spt\free06_02_02_04_t042.spt
『メダリア採取：鉱山遺構』だな。,"It's ""Medallia collection: mine remains"".",romfs\story\spt\free06_02_02_99_t001.spt
クエスト『メダリア採取：鉱山遺構』を達成した！,"The quest ""Collecting Medaria: Mining Remains"" was accomplished!",romfs\story\spt\free06_02_02_99_t011.spt
あのへんに強めの反応があるんだよね。,There is a strong reaction to that area.,romfs\story\spt\free06_02_03_00_t011.spt
まだ残っていても不思議じゃないな。,I wouldn't be surprised if it's still there.,romfs\story\spt\free06_02_03_00_t011.spt
クエスト『メダリア採取：渓流』か…,"The quest ""Collecting Medaglia: Streams"" or...",romfs\story\spt\free06_02_03_00_t011.spt
メダリアの発見場所は川沿いに集中していたらしい。,The locations where medallias were found were apparently concentrated along the river.,romfs\story\spt\free06_02_03_00_t011.spt
霧の樹海から西に行くと渓流があるでしょ。,"If you go west from the misty tree line, you'll find a mountain stream.",romfs\story\spt\free06_02_03_00_t011.spt
クエスト『メダリア採取：渓流』開始だ！,"The quest ""Collecting Medaria: Streams"" has begun!",romfs\story\spt\free06_02_03_00_t021.spt
東海岸エリアから入ろう。,Let's enter from the East Coast area.,romfs\story\spt\free06_02_03_00_t021.spt
渓流か…　霧の樹海を抜けていくか。,A mountain stream... or through the misty sea of trees.,romfs\story\spt\free06_02_03_00_t021.spt
クエスト06_02_03_02,Quest06_02_03_02,romfs\story\spt\free06_02_03_02.spt
これはもしかして――,Could this be--,romfs\story\spt\free06_02_03_02_t011.spt
反応がブレるな。近くなったり遠くなったりだ。,Don't blur your reactions. It's close or far away.,romfs\story\spt\free06_02_03_02_t011.spt
強い反応…　水の中か。,Strong reaction... in water.,romfs\story\spt\free06_02_03_02_t011.spt
あっ、メダリア！,"Ah, medalia!",romfs\story\spt\free06_02_03_02_t031.spt
さっきのやつの落とし物だね。,It's the drop-off from the one you just saw.,romfs\story\spt\free06_02_03_02_t031.spt
よしミッションコンプリートだ。,"Okay, mission complete.",romfs\story\spt\free06_02_03_02_t031.spt
『メダリア採取：渓流』だな。,"It's ""Medallia collection: mountain stream.",romfs\story\spt\free06_02_03_99_t001.spt
クエスト『メダリア採取：渓流』を達成した！,"The quest ""Collecting Medaria: Streams"" was accomplished!",romfs\story\spt\free06_02_03_99_t011.spt
そんなには落ちてないと思うが…,I don't think it's that much of a drop...,romfs\story\spt\free06_02_04_00_t011.spt
クエスト『メダリア採取：トロッコ駅跡』かあ…,"The quest ""Collecting Medaglia: Ruins of the Trolley Station"" or...",romfs\story\spt\free06_02_04_00_t011.spt
メダリアを運ぶトロッコの駅があった場所だしね。,And it's where the trolley station that carried the medallions used to be.,romfs\story\spt\free06_02_04_00_t011.spt
１００コや２００コ落ちてても不思議じゃない。,No wonder there are 100 or 200 coco's down there.,romfs\story\spt\free06_02_04_00_t011.spt
クエスト『メダリア採取：トロッコ駅跡』開始だ！,"The quest ""Collecting Medaria: Trolley Station Ruins"" has begun!",romfs\story\spt\free06_02_04_00_t021.spt
鉱山口エリアから西に進もう。,Let's go west from the Mineral Yamaguchi area.,romfs\story\spt\free06_02_04_00_t021.spt
クエスト06_02_04_01,Quest06_02_04_01,romfs\story\spt\free06_02_04_01.spt
クエスト06_02_04_02,Quest06_02_04_02,romfs\story\spt\free06_02_04_02.spt
団長1,Commander1,romfs\story\spt\free06_02_04_02.spt
団長2,Commander 2,romfs\story\spt\free06_02_04_02.spt
団長カメラ,Commander's camera,romfs\story\spt\free06_02_04_02.spt
だれかいる…,Is there anyone...,romfs\story\spt\free06_02_04_02_t002.spt
どう見てもおっさんじゃないの。,He's not an old man by any means.,romfs\story\spt\free06_02_04_02_t002.spt
なにをやってるんだ…,What are you doing...,romfs\story\spt\free06_02_04_02_t002.spt
まさか！,No way!,romfs\story\spt\free06_02_04_02_t002.spt
反応はちょうどあのあたりからです。,The response is just around the corner.,romfs\story\spt\free06_02_04_02_t002.spt
学院の生徒かな？,Is he a student of the academy?,romfs\story\spt\free06_02_04_02_t002.spt
でも学校しかない絶海の孤島でひとり歌ったり,But singing alone on an isolated island in the middle of the ocean where there is nothing but school...,romfs\story\spt\free06_02_04_02_t012.spt
なにやってんだろ。,I wonder what he's doing.,romfs\story\spt\free06_02_04_02_t012.spt
またあいつ…,That guy again...,romfs\story\spt\free06_02_04_02_t012.spt
アジトがどーとか不法侵入がどーとか。,"What about a hideaway, or trespassing?",romfs\story\spt\free06_02_04_02_t012.spt
ナニモノなんだろうな。,I wonder what they are.,romfs\story\spt\free06_02_04_02_t012.spt
少なくともマトモじゃないことは確か――,"At the very least, it's not decent.",romfs\story\spt\free06_02_04_02_t012.spt
決まってるでしょ。,It's obvious.,romfs\story\spt\free06_02_04_02_t012.spt
踊ったりしてるおっさんよ？,"You know, the old guy who dances and stuff?",romfs\story\spt\free06_02_04_02_t012.spt
いっ？,Is it?,romfs\story\spt\free06_02_04_02_t021.spt
聞こえたぜ。,"I heard you, man.",romfs\story\spt\free06_02_04_02_t021.spt
あえてそこをスルーして言ってやる。,I dare you to go through that and say.,romfs\story\spt\free06_02_04_02_t022.spt
こういうのはサイカの担当だし,And this kind of thing is Saika's responsibility.,romfs\story\spt\free06_02_04_02_t022.spt
だがしか～し！,"But, however!",romfs\story\spt\free06_02_04_02_t022.spt
なによりオレ様のシュミじゃねえ。,It's not my shmear.,romfs\story\spt\free06_02_04_02_t022.spt
これは油断だ！　実力じゃねえ！,This is a carelessness!　It's not a skill!,romfs\story\spt\free06_02_04_02_t031.spt
だがゴカイするなよ。,But don't gobble it up.,romfs\story\spt\free06_02_04_02_t031.spt
つい油断しちまったが…,I got caught off guard...,romfs\story\spt\free06_02_04_02_t031.spt
やるじゃねえか。,You're gonna do it.,romfs\story\spt\free06_02_04_02_t031.spt
次はホンキで相手してやるからな！,"Next time, I'll be serious with you!",romfs\story\spt\free06_02_04_02_t031.spt
覚悟しとけよ！　バーカバーカ！,You'd better brace yourself!　Barkabaka!,romfs\story\spt\free06_02_04_02_t031.spt
おっさん訂正するわ。,"Pops, I stand corrected.",romfs\story\spt\free06_02_04_02_t032.spt
コドモだったわ。,It was a kodomo.,romfs\story\spt\free06_02_04_02_t032.spt
ひとつ見つかれば十分だ。,Finding one is enough.,romfs\story\spt\free06_02_04_02_t041.spt
ほかにもあるかも？,What else might there be?,romfs\story\spt\free06_02_04_02_t041.spt
ガレキの下か。,Under the rubble?,romfs\story\spt\free06_02_04_02_t041.spt
残念だけど反応はもうないね。,"Unfortunately, there's no response anymore.",romfs\story\spt\free06_02_04_02_t041.spt
『メダリア採取：トロッコ駅跡』だな。,"It's ""Medallia collection: trolley station ruins"".",romfs\story\spt\free06_02_04_99_t001.spt
クエスト『メダリア採取：トロッコ駅跡』を,"The quest ""Collecting Medaria: Trolley Station Ruins"".",romfs\story\spt\free06_02_04_99_t011.spt
達成した！,Accomplished!,romfs\story\spt\free06_02_04_99_t011.spt
あのあたりから強い反応があるんだ。,There's a strong reaction from that area.,romfs\story\spt\free06_02_05_00_t011.spt
クエスト『メダリア採取：旧港町沿岸』…,"Quest ""Collecting Medaria: Old Port Town Coastal""...",romfs\story\spt\free06_02_05_00_t011.spt
旧港町に入る手前に古い港があったでしょ。,You saw the old harbor before entering the old port town.,romfs\story\spt\free06_02_05_00_t011.spt
行ってみよう。,Let's go.,romfs\story\spt\free06_02_05_00_t011.spt
クエスト『メダリア採取：旧港町沿岸』開始だ！,"The quest ""Collecting Medaria: Old Port Town Coastal"" has begun!",romfs\story\spt\free06_02_05_00_t021.spt
港か…,From the port...,romfs\story\spt\free06_02_05_00_t021.spt
潜水パーツが必要になるかもな。,Maybe we'll need submerged parts.,romfs\story\spt\free06_02_05_00_t021.spt
クエスト06_02_05_01,Quest06_02_05_01,romfs\story\spt\free06_02_05_01.spt
クエスト06_02_05_02,Quest06_02_05_02,romfs\story\spt\free06_02_05_02.spt
おう任せろ！,"Oh, leave it to me!",romfs\story\spt\free06_02_05_02_t011.spt
ここだ！,Here it is!,romfs\story\spt\free06_02_05_02_t011.spt
この向こう…,Over here...,romfs\story\spt\free06_02_05_02_t011.spt
思いっきり海の中ね。,I'm in the ocean.,romfs\story\spt\free06_02_05_02_t011.spt
潜水型メダロットで探すしかないな。,I'll have to look for it in a submersible medallion.,romfs\story\spt\free06_02_05_02_t011.spt
行ってくるぜ！,I'm off!,romfs\story\spt\free06_02_05_02_t011.spt
クエスト1,Quest 1,romfs\story\spt\free06_02_05_03.spt
移動1,Movement 1,romfs\story\spt\free06_02_05_03.spt
移動2,Movement 2,romfs\story\spt\free06_02_05_03.spt
移動3,Movement 3,romfs\story\spt\free06_02_05_03.spt
そのままゆっくり近づいてくれ。,Keep approaching slowly.,romfs\story\spt\free06_02_05_03_t011.spt
なにか見えるか？,What do you see?,romfs\story\spt\free06_02_05_03_t011.spt
ひょっとして沈没船…！？,A sunken ship by any chance...!,romfs\story\spt\free06_02_05_03_t011.spt
下のほうにでっかい船が見える。,A large ship can be seen below.,romfs\story\spt\free06_02_05_03_t011.spt
反応が動いてるわね。,Your response is moving.,romfs\story\spt\free06_02_05_03_t011.spt
おわっ。,Oops.,romfs\story\spt\free06_02_05_03_t021.spt
そいつが反応の中心だ！,That guy is the center of the reaction!,romfs\story\spt\free06_02_05_03_t021.spt
そいつだ！,That's the guy!,romfs\story\spt\free06_02_05_03_t021.spt
おそらくはもっと古い――,Perhaps even older than--,romfs\story\spt\free06_02_05_03_t041.spt
ここ寒いわ。,It's cold here.,romfs\story\spt\free06_02_05_03_t041.spt
そろそろ部室に戻りましょ。,It's time to go back to the club room.,romfs\story\spt\free06_02_05_03_t041.spt
そんなに新しいものには見えなかったな。,It didn't look that new.,romfs\story\spt\free06_02_05_03_t041.spt
なんだ…,What the...,romfs\story\spt\free06_02_05_03_t041.spt
なんだっていいわ。,Whatever.,romfs\story\spt\free06_02_05_03_t041.spt
まあ、昔の漁船のほうがはるかに可能性高いけどね。,"Well, an old fishing boat is much more likely.",romfs\story\spt\free06_02_05_03_t041.spt
もちろん可能性はある。,Of course it is possible.,romfs\story\spt\free06_02_05_03_t041.spt
メダリアはちゃんと見つかったし、もういいでしょ。,"You've found the medallion properly, and that's enough.",romfs\story\spt\free06_02_05_03_t041.spt
メダリア輸送用のタンカーとかですかね。,Is it a tanker for medallia transport or something else?,romfs\story\spt\free06_02_05_03_t041.spt
沈没船か…,A sunken ship...,romfs\story\spt\free06_02_05_03_t041.spt
海賊船とか！？,Or a pirate ship!,romfs\story\spt\free06_02_05_03_t041.spt
『メダリア採取：旧港町沿岸』だな。,"It's ""Medallia collection: old port town coast"".",romfs\story\spt\free06_02_05_99_t001.spt
クエスト『メダリア採取：旧港町沿岸』を達成した！,"The quest ""Collecting Medaria: Old Port Town Coast"" was accomplished!",romfs\story\spt\free06_02_05_99_t011.spt
クエスト『』,"Quest ""The",romfs\story\spt\free07_01_01_00_t011.spt
クエスト『』開始だ！,The quest '''is beginning!,romfs\story\spt\free07_01_01_00_t021.spt
クエスト07_01_01_01,Quest 07_01_01_01,romfs\story\spt\free07_01_01_01.spt
『』だな。,... Right,romfs\story\spt\free07_01_01_99_t001.spt
くわしい内容は進行メモアプリを確認しよう。,Check the progress note application for more details.,romfs\story\spt\free07_01_01_99_t001.spt
クエスト『』を達成した！,"The quest """" was accomplished!",romfs\story\spt\free07_01_01_99_t011.spt
～に行って調査しよう,~ Let's go and investigate!,romfs\story\spt\free07_01_02_00_t011.spt
クエスト07_01_02_01,Quest 07_01_02_01,romfs\story\spt\free07_01_02_01.spt
あまり期待するなよ、ただの地形だぞ。,"Don't expect too much, it's just terrain.",romfs\story\spt\free08_01_01_00_t011.spt
いよいよクレーターの真ん中に侵入するんですね！,You are finally breaking into the middle of the crater!,romfs\story\spt\free08_01_01_00_t011.spt
つ、つまり…,"One, I mean...",romfs\story\spt\free08_01_01_00_t011.spt
ふだん俺らが山と呼んでいる外輪山が,The outer rim of the mountain we usually call a mountain,romfs\story\spt\free08_01_01_00_t011.spt
まあそうだが…,"Well, yes...",romfs\story\spt\free08_01_01_00_t011.spt
イン石の衝突で生まれた地形だ。大昔のな。,The terrain was created by the collision of in-stones. A long time ago.,romfs\story\spt\free08_01_01_00_t011.spt
クエスト『メダリア採取：クレーター』…,"Quest ""Medallia collection: crater""...",romfs\story\spt\free08_01_01_00_t011.spt
クレーターのふちにあたる。,It is the edge of the crater.,romfs\story\spt\free08_01_01_00_t011.spt
クレーター！？,Crater!,romfs\story\spt\free08_01_01_00_t011.spt
今回の反応は、それより内側からのものだな。,This time the reaction is more from the inside.,romfs\story\spt\free08_01_01_00_t011.spt
ほこらのある山頂を目指そう。,Aim for the summit of the mountain where the hokora is located.,romfs\story\spt\free08_01_01_00_t021.spt
クエスト『メダリア採取：クレーター』開始だ！,"The quest ""Collecting Medaria: Crater"" has begun!",romfs\story\spt\free08_01_01_00_t021.spt
内側のクレーターまで降りていく必要がある。,It is necessary to go down to the inner crater.,romfs\story\spt\free08_01_01_00_t021.spt
外輪山の頂上から、,"From the top of the outer rim,",romfs\story\spt\free08_01_01_00_t021.spt
山岳・樹海エリアから吊り橋を抜けて,From the mountain and jukai area through the suspension bridge,romfs\story\spt\free08_01_01_00_t021.spt
クレーター_out,Crater_out,romfs\story\spt\free08_01_01_02.spt
クレーター前,Before the crater,romfs\story\spt\free08_01_01_02.spt
ここが外輪山の頂点だな。,This is the top of the outer rim of the mountain.,romfs\story\spt\free08_01_01_02_t011.spt
ほこらだ。,Dustbin.,romfs\story\spt\free08_01_01_02_t011.spt
左手の坂からクレーター内側に降りていこう。,Let's go down inside the crater from the slope on the left.,romfs\story\spt\free08_01_01_02_t011.spt
『メダリア採取：クレーター』だな。,It's a 'medallia collection: crater.,romfs\story\spt\free08_01_01_99_t001.spt
クエスト『メダリア採取：クレーター』を達成した！,"The quest ""Collecting Medaria: Crater"" was accomplished!",romfs\story\spt\free08_01_01_99_t011.spt
ひとつぐらい拾っておこうよ。,Let's pick up at least one.,romfs\story\spt\free08_01_02_00_t011.spt
ほかの部の連中がウロウロしてると思うけど…,I'm sure there's a bunch of guys from other departments hanging around...,romfs\story\spt\free08_01_02_00_t011.spt
まだ反応があるね。採り尽くされる前に,You're still responding. Before they're all picked off.,romfs\story\spt\free08_01_02_00_t011.spt
クエスト『メダリア採取：旧港町』…,"Quest ""Collecting Medaria: Old Port Town""...",romfs\story\spt\free08_01_02_00_t011.spt
メダリア探しのホットスポットだね。,That's a hot spot to look for medallias.,romfs\story\spt\free08_01_02_00_t011.spt
クエスト『メダリア採取：旧港町』開始だ！,"The quest ""Collecting Medaria: Old Port Town"" has begun!",romfs\story\spt\free08_01_02_00_t021.spt
旧港町はトロッコ駅跡のかなり先だな。,The old port town is well beyond the trolley station ruins.,romfs\story\spt\free08_01_02_00_t021.spt
鉱山口から西に向かって進もう。,Let's proceed westward from the mine entrance.,romfs\story\spt\free08_01_02_00_t021.spt
クエスト08_01_02_01,Quest 08_01_02_01,romfs\story\spt\free08_01_02_01.spt
わたさない,abominable,romfs\story\spt\free08_01_02_02.spt
わたす,pass,romfs\story\spt\free08_01_02_02.spt
オカルト1,Occult 1,romfs\story\spt\free08_01_02_02.spt
クエスト08_01_02_02,Quest 08_01_02_02,romfs\story\spt\free08_01_02_02.spt
サララ1,Sarara 1,romfs\story\spt\free08_01_02_02.spt
サララ2,Sarara 2,romfs\story\spt\free08_01_02_02.spt
サララ_メダ,Salalah_Medha,romfs\story\spt\free08_01_02_02.spt
ベランダa前,Before balcony a,romfs\story\spt\free08_01_02_02.spt
メダリアを…,Medalia...,romfs\story\spt\free08_01_02_02.spt
ユキノ1,Yukino1,romfs\story\spt\free08_01_02_02.spt
ユキノ2,Yukino2,romfs\story\spt\free08_01_02_02.spt
ユキノ_メダ,Yukino_Meda,romfs\story\spt\free08_01_02_02.spt
いいねカンタンで。,Nice and easy.,romfs\story\spt\free08_01_02_02_t013.spt
さて、用事もすんだしとっとと帰ろう。,"Well, now that I've done my business, let's get out of here.",romfs\story\spt\free08_01_02_02_t013.spt
ずいぶんあっさり見つかったわね。,You found it so easily.,romfs\story\spt\free08_01_02_02_t013.spt
待って…,Wait...,romfs\story\spt\free08_01_02_02_t013.spt
お払いしなければ…,If you don't pay...,romfs\story\spt\free08_01_02_02_t014.spt
そのメダリアからは良くない気が感じられる…,I sense a bad vibe coming from that medallia...,romfs\story\spt\free08_01_02_02_t014.spt
そのメダリアを置いていけ…,Leave that medallion...,romfs\story\spt\free08_01_02_02_t014.spt
ただ返すだけでは手遅れね。,It's too late to just give it back.,romfs\story\spt\free08_01_02_02_t014.spt
やめたほうがいいわ…,You shouldn't...,romfs\story\spt\free08_01_02_02_t014.spt
わたしには聞こえるの。,I can hear it.,romfs\story\spt\free08_01_02_02_t014.spt
持ち主の声…,Voice of the owner...,romfs\story\spt\free08_01_02_02_t014.spt
良くない…　気？,Not so good... chi?,romfs\story\spt\free08_01_02_02_t014.spt
返せ…,Return...,romfs\story\spt\free08_01_02_02_t014.spt
このままにしておけばきっと,I'm sure if we keep it that way.,romfs\story\spt\free08_01_02_02_t015.spt
さあ、そのメダリアをこちらへ。,"Now, let's get that medallion over here.",romfs\story\spt\free08_01_02_02_t015.spt
すべてのメダリアは焼け,All medallias are burnt,romfs\story\spt\free08_01_02_02_t015.spt
そのメダリアを渡して。,Give me that medallion.,romfs\story\spt\free08_01_02_02_t015.spt
だけど安心して。,But don't worry.,romfs\story\spt\free08_01_02_02_t015.spt
ひいぃ！,Yikes!,romfs\story\spt\free08_01_02_02_t015.spt
わたしたちが浄化してあげるわ。,We will purify it for you.,romfs\story\spt\free08_01_02_02_t015.spt
わたしたちなら迷える魂を鎮めることができる。,We can soothe lost souls.,romfs\story\spt\free08_01_02_02_t015.spt
サイヤク…！？,Saiyak...!,romfs\story\spt\free08_01_02_02_t015.spt
多くの災厄があなたたちを襲うでしょう。,Many calamities will befall you.,romfs\story\spt\free08_01_02_02_t015.spt
夜は寝られず毎日チコクで先生に怒られ,"I couldn't sleep at night, and every day the teacher would get angry at me in Chicok.",romfs\story\spt\free08_01_02_02_t015.spt
期末テストでは落第点をとるでしょう！,They will flunk the final exam!,romfs\story\spt\free08_01_02_02_t015.spt
浄化してあげるわ。,I'll purify it for you.,romfs\story\spt\free08_01_02_02_t015.spt
部室は火事になり,The clubroom caught fire.,romfs\story\spt\free08_01_02_02_t015.spt
ちぇ、いいアイディアだと思ったのにぃ。,I thought it was a good idea.,romfs\story\spt\free08_01_02_02_t031.spt
負けちゃった…,I lost...,romfs\story\spt\free08_01_02_02_t031.spt
さあ部室へ戻るよー。,Now I'm going back to the club room!,romfs\story\spt\free08_01_02_02_t032.spt
やれやれ、こんどこそおしまいだね。,"Oh dear, this time it's over.",romfs\story\spt\free08_01_02_02_t032.spt
バカ！,Stupid!,romfs\story\spt\free08_01_02_02_t111.spt
あいてっ！,ATTENTION!,romfs\story\spt\free08_01_02_02_t112.spt
そうそう、ヘタな小細工しないで,"Yes, yes, don't play any tricks.",romfs\story\spt\free08_01_02_02_t112.spt
ちょっとは疑いなさいよ,You should be a little more skeptical.,romfs\story\spt\free08_01_02_02_t112.spt
もうちょっとだったのに,We were so close.,romfs\story\spt\free08_01_02_02_t112.spt
も～っ！,Mooo!,romfs\story\spt\free08_01_02_02_t112.spt
余計なことを～っ。,Extra~!,romfs\story\spt\free08_01_02_02_t112.spt
最初からそうすればよかったのよ。,We should have done that from the beginning.,romfs\story\spt\free08_01_02_02_t112.spt
くっ。,Damn.,romfs\story\spt\free08_01_02_02_t121.spt
さあ、そのメダリアをよこしなさい！,"Now, give me that medallion!",romfs\story\spt\free08_01_02_02_t121.spt
そして落第点をとって後悔するといいわ…！,And I hope you flunk and regret it..!,romfs\story\spt\free08_01_02_02_t121.spt
ならば実力行使で奪い取るのみ。,Then we have to take it away by force.,romfs\story\spt\free08_01_02_02_t121.spt
のろいが怖くないの！？,Aren't you afraid of the curse!,romfs\story\spt\free08_01_02_02_t121.spt
わかったわ…,"Okay, okay...",romfs\story\spt\free08_01_02_02_t121.spt
『メダリア採取：旧港町』だな。,"It's ""Medaglia Collection: Old Port Town"".",romfs\story\spt\free08_01_02_99_t001.spt
クエスト『メダリア採取：旧港町』を達成した！,"The quest ""Collecting Medaria: Old Port Town"" was accomplished!",romfs\story\spt\free08_01_02_99_t011.spt
クエスト『メダリア採取：人工スキー場』…,"Quest ""Collecting Medaria: Artificial Ski Area""...",romfs\story\spt\free08_01_03_00_t011.spt
スキー部の練習場だな。,That's the ski club's training ground.,romfs\story\spt\free08_01_03_00_t011.spt
探しに行ってみよう。,Let's go look for it.,romfs\story\spt\free08_01_03_00_t011.spt
雪の下にでも埋まっているのかもしれないね。,Maybe it's buried under the snow.,romfs\story\spt\free08_01_03_00_t011.spt
クエスト『メダリア採取：人工スキー場』開始だ！,"The quest ""Collecting Medaglia: Artificial Ski Slope"" has begun!",romfs\story\spt\free08_01_03_00_t021.spt
位置的には外輪山の山すそだな。,It's located on the edge of the outer rim of the mountain.,romfs\story\spt\free08_01_03_00_t021.spt
山岳入口から入ればすぐだ。,It is only a short walk from the mountain entrance.,romfs\story\spt\free08_01_03_00_t021.spt
クエスト08_01_03_01,Quest 08_01_03_01,romfs\story\spt\free08_01_03_01.spt
イチ_メダ,Ichi_Meda,romfs\story\spt\free08_01_03_02.spt
クエスト08_01_03_02,Quest 08_01_03_02,romfs\story\spt\free08_01_03_02.spt
セイコ_メダ,Seiko_Meda,romfs\story\spt\free08_01_03_02.spt
先客か…,I think the first guest is...,romfs\story\spt\free08_01_03_02_t011.spt
おっと残念だったね。,"Oops, that's too bad.",romfs\story\spt\free08_01_03_02_t021.spt
ここは、ぼくらスキー部のテリトリーさ。,This is our ski club's territory.,romfs\story\spt\free08_01_03_02_t021.spt
だからここのメダリアはスキー部のものってわけ。,So the medallions here belong to the ski club.,romfs\story\spt\free08_01_03_02_t021.spt
どうしてもというなら、力づくで奪ってみせるのね！,"If you insist, you will take it by force!",romfs\story\spt\free08_01_03_02_t021.spt
ああ、メダリアが～。,"Oh, the medallions~.",romfs\story\spt\free08_01_03_02_t031.spt
こんなことならお金で解決すればよかった…,I should have settled this with money...,romfs\story\spt\free08_01_03_02_t031.spt
これだからお坊ちゃまは…,That's why you're a little boy...,romfs\story\spt\free08_01_03_02_t032.spt
よし、部室へ戻ろう。,"Okay, let's go back to the club room.",romfs\story\spt\free08_01_03_02_t033.spt
反応は…　もうないな。,The response is... no more.,romfs\story\spt\free08_01_03_02_t033.spt
『メダリア採取：人工スキー場』だな。,It's a 'medallion collection: artificial ski resort.,romfs\story\spt\free08_01_03_99_t001.spt
クエスト『メダリア採取：人工スキー場』を,"The quest ""Collecting Medaria: Artificial Ski Slope"".",romfs\story\spt\free08_01_03_99_t011.spt
これは少々やっかいなクエストだな。,This is a somewhat tricky quest.,romfs\story\spt\free08_02_01_00_t011.spt
そこに通じる道がまだわからないんだ。,I still don't know the path that leads there.,romfs\story\spt\free08_02_01_00_t011.spt
まあ、行くだけ行ってみようよ。,"Well, let's just go.",romfs\story\spt\free08_02_01_00_t011.spt
クエスト『メダリア採取：封鎖された山道』か…,"The quest ""Collecting Medaglia: Blocked Mountain Road"" or...",romfs\story\spt\free08_02_01_00_t011.spt
ムリならあきらめて戻ればいいよ。,"If you can't, just give up and go back.",romfs\story\spt\free08_02_01_00_t011.spt
反応は見つけたものの,Although I found the response,romfs\story\spt\free08_02_01_00_t011.spt
いまは使われていない吊り橋があるらしいが…,I heard there is a suspension bridge that is no longer in use...,romfs\story\spt\free08_02_01_00_t021.spt
クエスト『メダリア採取：封鎖された山道』開始だ！,"The quest ""Collecting Medaglia: Blocked Mountain Road"" has begun!",romfs\story\spt\free08_02_01_00_t021.spt
山道の先には,At the end of the mountain road,romfs\story\spt\free08_02_01_00_t021.spt
クエスト08_02_01_02,Quest 08_02_01_02,romfs\story\spt\free08_02_01_02.spt
封鎖_out,Blockade_out,romfs\story\spt\free08_02_01_02.spt
ほらここ…,Here... here...,romfs\story\spt\free08_02_01_02_t011.spt
看板があります。,There is a sign.,romfs\story\spt\free08_02_01_02_t011.spt
あ、わかった。,"Oh, okay.",romfs\story\spt\free08_02_01_02_t012.spt
これ鉱山時代のやつでしょ、古いよ。,"This is from the mining era, right? It's old.",romfs\story\spt\free08_02_01_02_t012.spt
こんどはどうした。,What's wrong this time?,romfs\story\spt\free08_02_01_02_t012.spt
こんなの前からあったっけ。,I don't remember this kind of thing happening before.,romfs\story\spt\free08_02_01_02_t012.spt
こんな場所でもけっこう人が歩くようになって,"Even in a place like this, there are quite a few people walking around.",romfs\story\spt\free08_02_01_02_t012.spt
なにか書いてある？,What does it say?,romfs\story\spt\free08_02_01_02_t012.spt
やっぱり草に隠れててよく見えないけど…,"I still can't see much because it's hidden by the grass, but...",romfs\story\spt\free08_02_01_02_t012.spt
ムリだね、ほとんどペンキがハゲてる。,I can't. Most of the paint is bald.,romfs\story\spt\free08_02_01_02_t012.spt
メダリア反応のある方角と一致します。,It coincides with the direction of the medallion response.,romfs\story\spt\free08_02_01_02_t012.spt
最近みんなメダリアさがしに夢中だからですよ。,That's because everyone is on the hunt for medallias these days.,romfs\story\spt\free08_02_01_02_t012.spt
気がつかなかったな。,I didn't notice that.,romfs\story\spt\free08_02_01_02_t012.spt
草に隠れていたのか…？,Were they hiding in the grass...?,romfs\story\spt\free08_02_01_02_t012.spt
草を踏みならしちゃったんじゃないですか？,I think you stepped on the grass.,romfs\story\spt\free08_02_01_02_t012.spt
行ってみましょう！,Let's go!,romfs\story\spt\free08_02_01_02_t012.spt
道があります！,There is a way!,romfs\story\spt\free08_02_01_02_t012.spt
まだメダリアも見つけてないし、,"And I haven't even found a medallion yet,",romfs\story\spt\free08_02_01_03_t011.spt
もっと調べないと。,I need to look into it more.,romfs\story\spt\free08_02_01_03_t011.spt
『メダリア採取：封鎖された山道』だな。,"It's ""Medallia Collecting: Blocked Mountain Roads.",romfs\story\spt\free08_02_01_99_t001.spt
クエスト『メダリア採取：封鎖された山道』を,"The quest ""Collecting Medaria: The Blocked Mountain Road"".",romfs\story\spt\free08_02_01_99_t011.spt
クエスト08_02_02_01,Quest 08_02_02_01,romfs\story\spt\free08_02_02_01.spt
ガイドOFF,Guide OFF,romfs\story\spt\g_disp_off.spt
ガイドON,Guide ON,romfs\story\spt\g_disp_off.spt
eArea.主人公の町：エリア２,eArea. Town of the main character: Area 2,romfs\story\spt\june_rom.spt
もろこし,Chinese,romfs\story\spt\june_rom.spt
カブト,rhinoceros hornbeam (esp. the hornbeam of a Japanese yam),romfs\story\spt\june_rom.spt
カブトVSクワガタ,Horseshoe vs. Stag Beetle,romfs\story\spt\june_rom.spt
カブト（無音）,Kabuto (silent),romfs\story\spt\june_rom.spt
クワガタ,stag beetle,romfs\story\spt\june_rom.spt
クワガタVSカブト,Stag Beetle VS Beetle,romfs\story\spt\june_rom.spt
クワガタ（無音）,Stag Beetle (Silent),romfs\story\spt\june_rom.spt
ショップテスト,Store Test,romfs\story\spt\june_rom.spt
ダンジョン,dungeon,romfs\story\spt\june_rom.spt
メダロッチ,Medarocci,romfs\story\spt\june_rom.spt
ロード,load,romfs\story\spt\june_rom.spt
事務所へ自動始点,Automatic starting point to the office,romfs\story\spt\june_rom.spt
探偵事務所扉,detective bureau door,romfs\story\spt\june_rom.spt
提出内容,Submission details,romfs\story\spt\june_rom.spt
画面テスト,Screen Test,romfs\story\spt\june_rom.spt
１VS１（ねらいうち、メダ選択可）,"1 VS 1 (Neraireuchi, Meda selectable)",romfs\story\spt\june_rom.spt
１VS１（最初：チャージ可）,1 VS 1 (first: chargeable),romfs\story\spt\june_rom.spt
２VS２（リーダー選択、メダフォース可）,"2 VS 2 (leader selection, medaforce allowed)",romfs\story\spt\june_rom.spt
３VS３（チームロボトル、がむしゃら可）,3 VS 3 (Team Robotle and Gumshoe are acceptable),romfs\story\spt\june_rom.spt
ＳＤロード,SD Load,romfs\story\spt\june_rom.spt
開かない,It won't open.,romfs\story\spt\kabe_800_door_t001.spt
※ＳＥ：どんどんどん！,※SE: Don't go on and on and on!,romfs\story\spt\kabe_800_door_t011.spt
※ＳＥ：どんどん！,※SE: More and more!,romfs\story\spt\kabe_800_door_t011.spt
※ＳＥ：どん！,※SE: Don!,romfs\story\spt\kabe_800_door_t011.spt
だれか～！！,Anyone~!,romfs\story\spt\kabe_800_door_t011.spt
※この扉以外にも必要な分だけテキスト追加,※Add as much text as needed besides this door.,romfs\story\spt\kabe_800_door_t012.spt
みんな今ごろ、どうしてるんだろう。,I wonder what everyone is doing now.,romfs\story\spt\kabe_800_door_t012.spt
セクターは…？,Sector is...?,romfs\story\spt\kabe_800_door_t012.spt
体育祭だったんだ。,It was a gymnasium.,romfs\story\spt\kabe_800_door_t012.spt
※ベッドを調べる,※Examine the beds.,romfs\story\spt\kabe_bed_t001.spt
※主人公ベッドに寝て,※Lying on the hero's bed.,romfs\story\spt\kabe_bed_t001.spt
※起きて,※Wake up.,romfs\story\spt\kabe_bed_t001.spt
　～休むを選択したときのデフォルトイベント,　~ Default event when Rest is selected,romfs\story\spt\kabe_bed_t001.spt
　～自由行動,　~Free to do as one pleases,romfs\story\spt\kabe_bed_t001.spt
　～間（またはフェードインアウト）,　~ between (or fade in/out),romfs\story\spt\kabe_bed_t001.spt
この機械は一体何だろう…？,What is this machine...?,romfs\story\spt\m_cmp.spt
メダリア合成マシンを…,Medalia synthesis machine...,romfs\story\spt\m_cmp.spt
メダリア合成マシンを停止した。,Stopped medallia synthesis machine.,romfs\story\spt\m_cmp.spt
メダリア合成マシンを起動した。,The medallia synthesis machine was activated.,romfs\story\spt\m_cmp.spt
使う,"use (a person, animal, puppet, etc.)",romfs\story\spt\m_cmp.spt
使わない,I don't use it.,romfs\story\spt\m_cmp.spt
洗濯機？？？,Washing machine?,romfs\story\spt\m_cmp.spt
POPしたよ,I POP'd it.,romfs\story\spt\m001_pop.spt
PUSHしたよ,I PUSHED it.,romfs\story\spt\m001_push.spt
おにいさん,elder brother,romfs\story\spt\m091_init.spt
生徒女2年_C2,Student Woman 2 years_C2,romfs\story\spt\m100_init.spt
左スロープ,Left slope,romfs\story\spt\m101_boot.spt
校門スタート,Start at the school gate,romfs\story\spt\m101_boot.spt
生徒女2年_C2_メダ,Student Woman 2 years_C2_Med.,romfs\story\spt\m101_doll.spt
生徒女3年_A,"Student Woman, 3rd year_A",romfs\story\spt\m101_doll.spt
生徒女3年_A_メダ,Student Woman 3_A_Med.,romfs\story\spt\m101_doll.spt
生徒女3年_C,"Student Woman, 3rd year_C",romfs\story\spt\m101_doll.spt
生徒女3年_C_メダ,Student Woman 3_C_Med.,romfs\story\spt\m101_doll.spt
生徒男3年_E,"Student male, 3rd year_E",romfs\story\spt\m101_doll.spt
生徒男3年_E_メダ,Student Male 3rd_Year_E_Med.,romfs\story\spt\m101_doll.spt
生徒男3年_F,"Student male, 3rd year_F",romfs\story\spt\m101_doll.spt
生徒男3年_F_メダ,Student_Male_3_F_Meda,romfs\story\spt\m101_doll.spt
生徒女3年_A_メダ移動,Student Woman 3_A_Meda_Movement,romfs\story\spt\m101_init.spt
生徒男1年_C_メダ移動,StudentMale1_C_Meda_Movement,romfs\story\spt\m101_init.spt
生徒男3年_E移動,Student Male 3 years_E Movement,romfs\story\spt\m101_init.spt
早朝カメラ,early-morning camera,romfs\story\spt\m102_boot.spt
早朝視点スタート,Early morning viewpoint start,romfs\story\spt\m102_boot.spt
生徒会役員女A_メダ,Student Council Woman A_Meda,romfs\story\spt\m102_init.spt
生徒会役員女B_メダ,Student Council Woman B_Meda,romfs\story\spt\m102_init.spt
生徒会役員男A_メダ,Student Council Officer Man A_Meda,romfs\story\spt\m102_init.spt
生徒会役員男B_メダ,Student Council Officer Man B_Meda,romfs\story\spt\m102_init.spt
おじいさん,grandfather,romfs\story\spt\m104_boot.spt
おじいさん1,Grandfather 1,romfs\story\spt\m104_boot.spt
おじさん,uncle,romfs\story\spt\m104_boot.spt
おじさん1,Uncle1,romfs\story\spt\m104_boot.spt
おにいさん1,elder brother1,romfs\story\spt\m104_boot.spt
おねえさん,ma'am (used by geisha to refer to their superiors),romfs\story\spt\m104_boot.spt
おねえさん1,Lady 1,romfs\story\spt\m104_boot.spt
おばあさん1,Grandmother 1,romfs\story\spt\m104_boot.spt
おばさん,ma'am (vocative),romfs\story\spt\m104_boot.spt
おばさん1,Aunt 1,romfs\story\spt\m104_boot.spt
保健1,Health 1,romfs\story\spt\m108_boot.spt
保健メダ1,Health Meda 1,romfs\story\spt\m108_boot.spt
先生,teacher,romfs\story\spt\m108_boot.spt
先生女_B_メダ,Teacher_woman_b_meda,romfs\story\spt\m108_boot.spt
先生注視点,Teacher's Gazing Point,romfs\story\spt\m108_boot.spt
ベッド校長,bed-principal,romfs\story\spt\m108_init.spt
先生女_B_メダ通常,Teacher_woman_b_meda_normal,romfs\story\spt\m108_init.spt
先生女_B通常,Teacher Woman_B Normal,romfs\story\spt\m108_init.spt
校長机前,in front of the principal's desk,romfs\story\spt\m110_boot.spt
先生女_A_メダ,Teacher Woman_A_Meda,romfs\story\spt\m114_doll.spt
先生男_B_メダ,Teacher_Man_B_Meda,romfs\story\spt\m114_doll.spt
先生男_C_メダ,Teacher_Man_C_Meda,romfs\story\spt\m114_doll.spt
担任の先生_メダ,Homeroom teacher_meda,romfs\story\spt\m114_doll.spt
中間1,Intermediate 1,romfs\story\spt\m115_boot.spt
中間2,Intermediate 2,romfs\story\spt\m115_boot.spt
右2,Right 2,romfs\story\spt\m115_boot.spt
扉1_out,Door 1_out,romfs\story\spt\m115_boot.spt
生徒男3年_D,"Student male, 3rd year_D",romfs\story\spt\m116_doll.spt
生徒男3年_D_メダ,StudentMale3year_D_Med.,romfs\story\spt\m116_doll.spt
購買部のおねえさん_メダ,Purchasing department lady_meda,romfs\story\spt\m116_doll.spt
教頭_メダ,Head teacher_meda,romfs\story\spt\m116_init.spt
イス１１,Chair 11.,romfs\story\spt\m117_chair_set.spt
イス２１,Chair 21.,romfs\story\spt\m117_chair_set.spt
イス２２,Chair 22.,romfs\story\spt\m117_chair_set.spt
イス２３,Chair 23.,romfs\story\spt\m117_chair_set.spt
イス３１,Chair 31.,romfs\story\spt\m117_chair_set.spt
イス３２,Chair 32.,romfs\story\spt\m117_chair_set.spt
イス３３,Chair 33.,romfs\story\spt\m117_chair_set.spt
イス４１,Chair 41.,romfs\story\spt\m117_chair_set.spt
イス４２,Chair 42.,romfs\story\spt\m117_chair_set.spt
イス４３,Chair 43.,romfs\story\spt\m117_chair_set.spt
ループ1,Loop 1,romfs\story\spt\m117_init.spt
生徒女1年_Cメダ勉強中,"Student girl, 1st year_C-med studying",romfs\story\spt\m117_init.spt
生徒女1年_C勉強中,"Student Woman, 1st year_C Studying",romfs\story\spt\m117_init.spt
セレクト隊男隊員1,Select Squad Male Member 1,romfs\story\spt\m118_boot.spt
セレクト隊男隊員4,Select Squad Male Member 4,romfs\story\spt\m118_boot.spt
セレクト隊男隊員5,Select Squad Male Member 5,romfs\story\spt\m118_boot.spt
セレクト隊男隊員6,Select Squad Male Member 6,romfs\story\spt\m118_boot.spt
セレクト隊男隊員7,Select Squad Male Member 7,romfs\story\spt\m118_boot.spt
セレクト隊男隊員8,Select Squad Male Member 8,romfs\story\spt\m118_boot.spt
セレクト隊男隊員9,Select Squad Male Member 9,romfs\story\spt\m118_boot.spt
先生男_A_メダ,Teacher_Man_A_Meda,romfs\story\spt\m120_doll.spt
生徒女1年_D2,Student Woman 1 year_D2,romfs\story\spt\m120_doll.spt
生徒女1年_D2_メダ,Student Woman 1 year_D2_Meda,romfs\story\spt\m120_doll.spt
生徒女2年_D2,Student Woman 2 years_D2,romfs\story\spt\m120_doll.spt
生徒女2年_D2_メダ,Student Woman 2 years_D2_Meda,romfs\story\spt\m120_doll.spt
生徒女3年_A2,Student Woman 3 years_A2,romfs\story\spt\m120_doll.spt
生徒女3年_A2_メダ,Student Woman 3 years_A2_Med.,romfs\story\spt\m120_doll.spt
生徒男1年_D2,"Student male, 1st year_D2",romfs\story\spt\m120_doll.spt
生徒男1年_D2_メダ,StudentMale1year_D2_Medha,romfs\story\spt\m120_doll.spt
生徒男2年_D,"Student male, 2nd year_D",romfs\story\spt\m120_doll.spt
生徒男2年_D_メダ,Student man_2_year_d_meda,romfs\story\spt\m120_doll.spt
体育館前,In front of the gymnasium,romfs\story\spt\m130_boot.spt
台,"counter for machines, incl. vehicles",romfs\story\spt\m130_boot.spt
先生女_C_メダ,Teacher_woman_c_meda,romfs\story\spt\m130_doll.spt
生徒女2年_B_メダ,Student Woman 2 years_B_Meda,romfs\story\spt\m130_doll.spt
生徒女2年_E_メダ,"Student Woman, 2nd year_E_Med.",romfs\story\spt\m130_doll.spt
生徒女3年_B_メダ,Student Woman 3_B_Meda,romfs\story\spt\m130_doll.spt
生徒男1年_A,"Student male, 1st year_A",romfs\story\spt\m130_doll.spt
生徒男1年_A_メダ,Student-Male-1-year_A_Med.,romfs\story\spt\m130_doll.spt
生徒男1年_F,"Student male, 1st year_F",romfs\story\spt\m130_doll.spt
生徒男1年_F_メダ,Student_Male_1_F_Med.,romfs\story\spt\m130_doll.spt
生徒男2年_A2,"Student male, 2nd year_A2",romfs\story\spt\m130_doll.spt
生徒男2年_A2_メダ,StudentMale2year_A2_Med.,romfs\story\spt\m130_doll.spt
生徒男2年_C,"Student male, 2nd year_C",romfs\story\spt\m130_doll.spt
生徒男2年_C_メダ,Student_Male_2_C_Med.,romfs\story\spt\m130_doll.spt
生徒男3年_B,"Student male, 3rd year_B",romfs\story\spt\m130_doll.spt
生徒男3年_B_メダ,Student-Male-3-year_B_Med.,romfs\story\spt\m130_doll.spt
生徒男3年_C_メダ,StudentMale3_C_Med.,romfs\story\spt\m130_doll.spt
ランニング1,Running 1,romfs\story\spt\m130_init.spt
ランニング1_メダ,Running 1_Meda,romfs\story\spt\m130_init.spt
ランニング2,Running 2,romfs\story\spt\m130_init.spt
イベントスタート1,Event Start 1,romfs\story\spt\m131_boot.spt
イベントスタート2,Event Start 2,romfs\story\spt\m131_boot.spt
イベントスタート3,Event Start 3,romfs\story\spt\m131_boot.spt
左前,wearing a kimono with the right side tucked under the left (normally used only for the dead),romfs\story\spt\m131_boot.spt
生徒女1年_E2,"Student Woman, 1st year_E2",romfs\story\spt\m140_doll.spt
生徒女1年_E2_メダ,Student Woman 1 year_E2_Meda,romfs\story\spt\m140_doll.spt
生徒女1年_F2,Student Woman 1 year_F2,romfs\story\spt\m140_doll.spt
生徒女1年_F2_メダ,Student Woman 1 year_F2_Med.,romfs\story\spt\m140_doll.spt
生徒男2年_F2,StudentMale2_F2,romfs\story\spt\m140_doll.spt
生徒男2年_F2_メダ,StudentMale_2_F2_Meda,romfs\story\spt\m140_doll.spt
生徒男3年_E2,"Student male, 3rd year_E2",romfs\story\spt\m140_doll.spt
生徒男3年_E2_メダ,StudentMale3_E2_Meda,romfs\story\spt\m140_doll.spt
生徒男3年_F2,Student male 3 years_F2,romfs\story\spt\m140_doll.spt
生徒男3年_F2_メダ,StudentMale3_F2_Meda,romfs\story\spt\m140_doll.spt
対戦右,opposing right,romfs\story\spt\m140_init.spt
対戦左,opposing side,romfs\story\spt\m140_init.spt
応援右,Cheering Right,romfs\story\spt\m140_init.spt
応援左,left cheering,romfs\story\spt\m140_init.spt
生徒女2年_D,"Student Woman, 2nd year_D",romfs\story\spt\m150_doll.spt
生徒女2年_D_メダ,Student Woman 2nd_Year_D_Med.,romfs\story\spt\m150_doll.spt
生徒女3年_E2,Student Woman 3 years_E2,romfs\story\spt\m150_doll.spt
生徒女3年_E2_メダ,Student Woman 3 years_E2_Med.,romfs\story\spt\m150_doll.spt
生徒男2年_A,"Student male, 2nd year_A",romfs\story\spt\m150_doll.spt
生徒男3年_D2,"Student male, 3rd year_D2",romfs\story\spt\m150_doll.spt
生徒男3年_D2_メダ,StudentMale3years_D2_Medha,romfs\story\spt\m150_doll.spt
用務員のおじさん_メダ,Uncle janitor_meda,romfs\story\spt\m150_doll.spt
ゴミ箱初期,Trash can initial,romfs\story\spt\m150_init.spt
ミオとアオイF01ミオ1,Mio and Aoi F01 Mio 1,romfs\story\spt\m150_init.spt
ミオとアオイF01ラピス1,Mio and Aoi F01 Lapis 1,romfs\story\spt\m150_init.spt
ミオ追跡中,Mio in pursuit.,romfs\story\spt\m150_init.spt
生徒女1年_D移動,"Student Woman, 1st year_D Movement",romfs\story\spt\m150_init.spt
用務員のおじさん_メダ移動,Uncle janitor_meda move,romfs\story\spt\m150_init.spt
起床,rising,romfs\story\spt\m151_2_boot.spt
マインの部屋へ,Go to Mine's room.,romfs\story\spt\m152_init.spt
自室前,in front of one's room,romfs\story\spt\m155_boot.spt
エレベーター前,In front of elevator,romfs\story\spt\m158_boot.spt
生徒女2年_A,"Student Woman, 2nd year_A",romfs\story\spt\m160_doll.spt
生徒女2年_A_メダ,Student Woman 2 years_A_Med.,romfs\story\spt\m160_doll.spt
生徒女3年_D_メダ,Student Woman 3rd_Year_D_Med.,romfs\story\spt\m160_doll.spt
生徒男2年_E_メダ,"Student man, 2nd year_E_Med.",romfs\story\spt\m160_doll.spt
生徒男2年_F,"Student male, 2nd year_F",romfs\story\spt\m160_doll.spt
生徒男2年_F_メダ,Student_Male_2_F_Meda,romfs\story\spt\m160_doll.spt
生徒男3年_A_メダ,Student-Male-3-year_A_Med.,romfs\story\spt\m160_doll.spt
2end生徒会長初期配置,2end student body president initial placement,romfs\story\spt\m161_2_boot.spt
会議5,Conference 5,romfs\story\spt\m161_boot.spt
机,desk,romfs\story\spt\m161_boot.spt
マイン0a,Mine0a,romfs\story\spt\m161_default_set.spt
マイン_メダ0a,Mine_Meda0a,romfs\story\spt\m161_default_set.spt
マイン_メダ0b,Mine_Meda0b,romfs\story\spt\m161_default_set.spt
ミオ0a,Mio0a,romfs\story\spt\m161_default_set.spt
ミオ_メダ0a,Mio_Meda0a,romfs\story\spt\m161_default_set.spt
ミオ_メダ0b,Mio_Meda0b,romfs\story\spt\m161_default_set.spt
リョウマ_メダ0,Ryoma_Meda0,romfs\story\spt\m161_default_set.spt
ロボ,robot,romfs\story\spt\m161_default_set.spt
拡張Ａ,Extension A,romfs\story\spt\m161_default_set.spt
拡張Ａモニター,Extended A Monitor,romfs\story\spt\m161_default_set.spt
拡張Ａ後,After Extension A,romfs\story\spt\m161_default_set.spt
拡張Ｂ,Extension B,romfs\story\spt\m161_default_set.spt
探検部長_メダ0,Director of Exploration_Meda0,romfs\story\spt\m161_default_set.spt
ブリキ0,Tin 0,romfs\story\spt\m161_init.spt
畳,tatami mat,romfs\story\spt\m161_init.spt
スタート2,Start 2,romfs\story\spt\m162_boot.spt
アオイ_冬服,Aoi_Winter clothes,romfs\story\spt\m163_boot.spt
回想_ミオ,Recollection_Mio,romfs\story\spt\m163_boot.spt
ダンス1,Dance 1,romfs\story\spt\m163_init.spt
ダンス2,Dance 2,romfs\story\spt\m163_init.spt
生徒女2年_C,"Student Woman, 2nd year_C",romfs\story\spt\m164_doll.spt
生徒女2年_C_メダ,Student Woman 2 years_C_Med.,romfs\story\spt\m164_doll.spt
生徒女3年_E_メダ,Student Woman 3rd_Year_E_Med.,romfs\story\spt\m164_doll.spt
カブト背景,horseshoe background,romfs\story\spt\m164_init.spt
クワガタ背景,Stag Beetle Background,romfs\story\spt\m164_init.spt
生徒女2年_C_メダs04,Student Woman 2 years_C_meda s04,romfs\story\spt\m164_init.spt
生徒女2年_Cs04,Student Woman 2nd year_Cs04,romfs\story\spt\m164_init.spt
生徒女3年_Es04,Student Woman 3 years_Es04,romfs\story\spt\m164_init.spt
生徒女2年_F_メダ,Student Woman 2 years_F_Med.,romfs\story\spt\m165_doll.spt
リュウセイ_メダ腹筋時,Ryusei_meda at the time of abdominal muscles,romfs\story\spt\m165_init.spt
生徒女2年_F_メダs03,Student Woman 2 years_F_Meda s03,romfs\story\spt\m165_init.spt
生徒女2年_Fs03,Student Woman 2 years_Fs03,romfs\story\spt\m165_init.spt
生徒男2年_B2_メダ,StudentMale2year_B2_Medha,romfs\story\spt\m166_doll.spt
s03_対戦右マスター,s03_Master of Opposition Right,romfs\story\spt\m166_init.spt
s03_対戦右メダ,s03_Meda right against,romfs\story\spt\m166_init.spt
s03_対戦左マスター,s03_competitive_left_master,romfs\story\spt\m166_init.spt
s03_対戦左メダ,s03_Left meda against,romfs\story\spt\m166_init.spt
s03_観戦マスター,s03_watch_master,romfs\story\spt\m166_init.spt
s03_観戦メダ,s03_watch_meda,romfs\story\spt\m166_init.spt
右から,From right.,romfs\story\spt\m168_boot.spt
探検部前,in front of the Exploration Department,romfs\story\spt\m168_boot.spt
カメラエンド,camera end,romfs\story\spt\m169_boot.spt
カメラスタート,Camera start,romfs\story\spt\m169_boot.spt
グラウンド_out,Ground_out,romfs\story\spt\m169_boot.spt
子供,child,romfs\story\spt\m169_boot.spt
武道場前,in front of martial arts stadium,romfs\story\spt\m169_boot.spt
流し,cruising (e.g. taxi),romfs\story\spt\m169_boot.spt
エレベーター,elevator,romfs\story\spt\m210_boot.spt
出口矢印_地下側,Exit arrow_Underground side,romfs\story\spt\m210_boot.spt
地下前,before an underground train,romfs\story\spt\m210_boot.spt
裏口スタート,Start at the back door,romfs\story\spt\m210_boot.spt
エレベーター通電,Elevator energization,romfs\story\spt\m210_init.spt
発見１ポイント,Discovery 1 point,romfs\story\spt\m210_init.spt
ゴムボート1,Rubber Boat 1,romfs\story\spt\m211_boot.spt
水路1,Waterway 1,romfs\story\spt\m211_boot.spt
出口矢印_エレベーター,Exit arrow_elevator,romfs\story\spt\m211_init.spt
出口矢印_ダクト,Exit arrow _ duct,romfs\story\spt\m211_init.spt
目印,landmark,romfs\story\spt\m211_init.spt
港前,harbour front,romfs\story\spt\m220_boot.spt
ゲート閉,Gate closing,romfs\story\spt\m220_init.spt
ゲート開,Gate open,romfs\story\spt\m220_init.spt
f03ミオeve初期配置,f03 mioeve initial placement,romfs\story\spt\m230_boot.spt
f03リョウマeve初期配置,f03 ryoma eve initial placement,romfs\story\spt\m230_boot.spt
シャッター前,Before shutter,romfs\story\spt\m230_boot.spt
ePrg.メタビーとロボトル,ePrg. Metabee and Lobottle,romfs\story\spt\m230_init.spt
ストップ右,Stop Right,romfs\story\spt\m230_init.spt
ストップ左,stop left,romfs\story\spt\m230_init.spt
出口矢印_坑道へ,Exit arrow_to tunnel,romfs\story\spt\m230_init.spt
出口矢印_道へ,Exit arrow _ to the road,romfs\story\spt\m230_init.spt
駅跡方面ストッパー,Station Track Direction Stopper,romfs\story\spt\m230_init.spt
坑道１前,Before Tunnel 1,romfs\story\spt\m232_boot.spt
ロボロボ,robot-robot,romfs\story\spt\m232_init.spt
飛行カメラ,flight camera,romfs\story\spt\m337_1_boot.spt
飛行機1,Airplane 1,romfs\story\spt\m337_1_boot.spt
おじさん１,Uncle1,romfs\story\spt\m339_init.spt
おばさん２,Aunt 2,romfs\story\spt\m339_init.spt
祠前,in front of the shrine,romfs\story\spt\m400_boot.spt
生徒男1年_C2,"Student male, 1st year_C2",romfs\story\spt\m500_doll.spt
生徒男1年_C2_メダ,StudentMale1_C2_Meda,romfs\story\spt\m500_doll.spt
カウンター,counter,romfs\story\spt\m501_init.spt
ガチャ１－４,Gacha 1-4,romfs\story\spt\m501_init.spt
コンビニ店員女,Convenience store clerk woman,romfs\story\spt\m501_init.spt
コンビニ店員女_メダ,Convenience store clerk woman_meda,romfs\story\spt\m501_init.spt
船へ,To the ship.,romfs\story\spt\m510_init.spt
船組,composition,romfs\story\spt\m510_init.spt
様子見,wait-and-see,romfs\story\spt\m800_boot.spt
マイン_私服,Mine_Private,romfs\story\spt\m810_boot.spt
ミオ_探検服,Mio_Exploration_Clothing,romfs\story\spt\m810_boot.spt
リョウマ_私服,Ryoma_Private Clothes,romfs\story\spt\m810_boot.spt
探検部長_探検服,Exploration Director_Exploration Clothing,romfs\story\spt\m810_boot.spt
学校,school,romfs\story\spt\m900_boot.spt
遠景,background,romfs\story\spt\m900_boot.spt
坂,slope,romfs\story\spt\m901_boot.spt
レスキュー3位置,Rescue 3 position,romfs\story\spt\m950_1_boot.spt
メダ中央,Meda Central,romfs\story\spt\m953_1_boot.spt
メダ右,Meda right,romfs\story\spt\m953_1_boot.spt
メダ左,meda left,romfs\story\spt\m953_1_boot.spt
右,right,romfs\story\spt\m953_1_boot.spt
左,left,romfs\story\spt\m953_1_boot.spt
真メダルイーター,True Medal Eater,romfs\story\spt\m953_1_boot.spt
アイドル1,Idol 1,romfs\story\spt\m956_boot.spt
アイドル1_メダ,Idol1_meda,romfs\story\spt\m956_boot.spt
見上げ注視点,look-up lookout point of view,romfs\story\spt\m959_1_boot.spt
入学式カメラ初期,Early entrance ceremony camera,romfs\story\spt\ma_m110_boot.spt
ボックス周辺3,Around the box 3,romfs\story\spt\ma_m161_boot.spt
鉱山,mine (ore),romfs\story\spt\ma_m161_boot.spt
山道２前,Before Mountain Road 2,romfs\story\spt\ma_m400_boot.spt
マップ選択,Map Selection,romfs\story\spt\map_select.spt
仲間からはずれた。,I'm out of my league.,romfs\story\spt\member_m.spt
CF準備,CF Preparation,romfs\story\spt\model_mot_test.spt
MFカットイン1,MF cut-in 1,romfs\story\spt\model_mot_test.spt
MFカットイン2,MF Cut-in 2,romfs\story\spt\model_mot_test.spt
MFカットイン3,MF Cut-in 3,romfs\story\spt\model_mot_test.spt
MFカットイン4,MF Cut-in 4,romfs\story\spt\model_mot_test.spt
MFカットイン5,MF Cut-in 5,romfs\story\spt\model_mot_test.spt
がむしゃら待機,standby at the front,romfs\story\spt\model_mot_test.spt
その場やられ,instant hit,romfs\story\spt\model_mot_test.spt
ねらいうち待機,awaiting one's chance to catch a ride (e.g. on a train),romfs\story\spt\model_mot_test.spt
アタックＴ,attack T,romfs\story\spt\model_mot_test.spt
インプレグナブル,impregnable,romfs\story\spt\model_mot_test.spt
インベーション,invasion,romfs\story\spt\model_mot_test.spt
エクスプロシブ,exploit,romfs\story\spt\model_mot_test.spt
エフェクトＴ,Effect T,romfs\story\spt\model_mot_test.spt
オプチカル,optical,romfs\story\spt\model_mot_test.spt
オロゲニー,ologeny,romfs\story\spt\model_mot_test.spt
オーバードライブ,overdrive,romfs\story\spt\model_mot_test.spt
オールリバース,all reverse,romfs\story\spt\model_mot_test.spt
カラタケワリ,Japanese bird cherry (Prunus grayana),romfs\story\spt\model_mot_test.spt
ガンスリンガー,gunslinger,romfs\story\spt\model_mot_test.spt
ガード右,right guard,romfs\story\spt\model_mot_test.spt
ガード左,left guard,romfs\story\spt\model_mot_test.spt
ガード脚,guard leg,romfs\story\spt\model_mot_test.spt
グラビティ,gravity,romfs\story\spt\model_mot_test.spt
グレイシャー,glacier,romfs\story\spt\model_mot_test.spt
コンストラクト,construct,romfs\story\spt\model_mot_test.spt
サバイバル,survival,romfs\story\spt\model_mot_test.spt
サンダー,thunder,romfs\story\spt\model_mot_test.spt
シノビアクション,Shinobi Action,romfs\story\spt\model_mot_test.spt
ジェノサイド,genocide,romfs\story\spt\model_mot_test.spt
ステイシス,stasis,romfs\story\spt\model_mot_test.spt
ステルスアタック,stealth attack,romfs\story\spt\model_mot_test.spt
スーパーサーチ,supersearch,romfs\story\spt\model_mot_test.spt
スーパーチャージ,supercharge,romfs\story\spt\model_mot_test.spt
ソニックショット,sonic shot,romfs\story\spt\model_mot_test.spt
タイダルボア,tidal bore,romfs\story\spt\model_mot_test.spt
タイラント,tyrant,romfs\story\spt\model_mot_test.spt
ダウンＰ,down p,romfs\story\spt\model_mot_test.spt
ダッシュ,dash,romfs\story\spt\model_mot_test.spt
チャージ,charge (i.e. fee),romfs\story\spt\model_mot_test.spt
トランジション,transition,romfs\story\spt\model_mot_test.spt
トルネード,tornado,romfs\story\spt\model_mot_test.spt
ニードルショット,needle shot,romfs\story\spt\model_mot_test.spt
ノンイバーシブ,non-eversive,romfs\story\spt\model_mot_test.spt
ハイデフェンス,high defense,romfs\story\spt\model_mot_test.spt
ハイパーリペア,Hyper Repair,romfs\story\spt\model_mot_test.spt
ハイモビリティ,high mobility,romfs\story\spt\model_mot_test.spt
バインダー,binder,romfs\story\spt\model_mot_test.spt
バインド,bind,romfs\story\spt\model_mot_test.spt
バーサーク,berserk,romfs\story\spt\model_mot_test.spt
バーニング,burning,romfs\story\spt\model_mot_test.spt
バーン,BAAN,romfs\story\spt\model_mot_test.spt
パワーアップ,making more powerful,romfs\story\spt\model_mot_test.spt
ヒット,hit,romfs\story\spt\model_mot_test.spt
フロート,float,romfs\story\spt\model_mot_test.spt
ブレイブ,brave,romfs\story\spt\model_mot_test.spt
プロテクション,protection,romfs\story\spt\model_mot_test.spt
ホビリティ,hobbility,romfs\story\spt\model_mot_test.spt
ボルテックス,vortex,romfs\story\spt\model_mot_test.spt
ライトニング,lightning,romfs\story\spt\model_mot_test.spt
リジェネレート,regenerate,romfs\story\spt\model_mot_test.spt
リフレクター,reflector,romfs\story\spt\model_mot_test.spt
リロード,reload,romfs\story\spt\model_mot_test.spt
レストネーション,restoration,romfs\story\spt\model_mot_test.spt
レベルロスト,level-lost,romfs\story\spt\model_mot_test.spt
ロックラッシャー,rock rusher,romfs\story\spt\model_mot_test.spt
ワンダーＰ,Wonder P.,romfs\story\spt\model_mot_test.spt
一斉射撃,volley firing,romfs\story\spt\model_mot_test.spt
体当たり,body blow,romfs\story\spt\model_mot_test.spt
勝利,victory,romfs\story\spt\model_mot_test.spt
味方,ally,romfs\story\spt\model_mot_test.spt
回避,avoidance,romfs\story\spt\model_mot_test.spt
定点,fixed point,romfs\story\spt\model_mot_test.spt
待機,standby,romfs\story\spt\model_mot_test.spt
攻撃右,Attack right,romfs\story\spt\model_mot_test.spt
攻撃左,left side of an attack,romfs\story\spt\model_mot_test.spt
攻撃頭,attack head,romfs\story\spt\model_mot_test.spt
敵,enemy,romfs\story\spt\model_mot_test.spt
構え,style,romfs\story\spt\model_mot_test.spt
横一閃,flashing sideways,romfs\story\spt\model_mot_test.spt
走る,run,romfs\story\spt\model_mot_test.spt
防御右,right defensive,romfs\story\spt\model_mot_test.spt
防御左,defensive left,romfs\story\spt\model_mot_test.spt
防御脚,defensive leg,romfs\story\spt\model_mot_test.spt
Ｃアブソーバー,C Absorber,romfs\story\spt\model_mot_test.spt
ＭＥビーム,ME Beam,romfs\story\spt\model_mot_test.spt
Ｐ転送右,P Transfer Right,romfs\story\spt\model_mot_test.spt
Ｐ転送左,P-transfer left,romfs\story\spt\model_mot_test.spt
Ｐ転送脚,P-transfer leg,romfs\story\spt\model_mot_test.spt
ＳリペアＰ,S Repair P,romfs\story\spt\model_mot_test.spt
ドライブA,Drive A,romfs\story\spt\model_mot_test_bg.spt
ドライブB,Drive B,romfs\story\spt\model_mot_test_bg.spt
ドライブC,Drive C,romfs\story\spt\model_mot_test_bg.spt
ヒット竜巻,hit tornado,romfs\story\spt\model_mot_test_bg.spt
フリーズ,freeze,romfs\story\spt\model_mot_test_bg.spt
メダチェンジ,median change,romfs\story\spt\model_mot_test_bg.spt
右手A,Right hand A,romfs\story\spt\model_mot_test_bg.spt
右手B,Right hand B,romfs\story\spt\model_mot_test_bg.spt
右手C,Right hand C,romfs\story\spt\model_mot_test_bg.spt
左手A,Left Hand A,romfs\story\spt\model_mot_test_bg.spt
左手B,Left hand B,romfs\story\spt\model_mot_test_bg.spt
左手C,Left Hand C,romfs\story\spt\model_mot_test_bg.spt
ヒット右,hit right (baseball),romfs\story\spt\model_mot_test_mc.spt
ヒット左,left-handed baseball pitcher,romfs\story\spt\model_mot_test_mc.spt
ヒット脚,hit leg,romfs\story\spt\model_mot_test_mc.spt
ヒット頭,hit head,romfs\story\spt\model_mot_test_mc.spt
いつの間に通信テスト,When is the communication test?,romfs\story\spt\nadl_test.spt
このため、いつの間に通信を利用できません。,"For this reason, when communication is not available.",romfs\story\spt\nadl_test.spt
データが壊れていたため、,"Because the data was corrupted,",romfs\story\spt\nadl_test.spt
プレゼントを受け取っています。,I am receiving a gift.,romfs\story\spt\nadl_test.spt
削除しました。,Deleted.,romfs\story\spt\nadl_test.spt
受け取り,receipt,romfs\story\spt\nadl_test.spt
新しいプレゼントがありませんでした。,There were no new gifts.,romfs\story\spt\nadl_test.spt
登録,Registration,romfs\story\spt\nadl_test.spt
解除,release,romfs\story\spt\nadl_test.spt
追加データを作成しました。,Additional data has been created.,romfs\story\spt\nadl_test.spt
追加データを新規に作成しています。,Additional data is newly created.,romfs\story\spt\nadl_test.spt
ＳＤカードが書き込み禁止になっています。,SD card is write-protected.,romfs\story\spt\nadl_test.spt
ＳＤカードの空き容量が足りません。,Not enough free space on SD card.,romfs\story\spt\nadl_test.spt
ＳＤカードを認識できませんでした。,SD card could not be recognized.,romfs\story\spt\nadl_test.spt
♀のみ,♀ only,romfs\story\spt\netrule_debug.spt
♂のみ,♂ only,romfs\story\spt\netrule_debug.spt
コンボ禁止,Combo Prohibition,romfs\story\spt\netrule_debug.spt
テストルール,test rule,romfs\story\spt\netrule_debug.spt
ハイランダー,highlander,romfs\story\spt\netrule_debug.spt
メダフォース禁止,Medaforce prohibition,romfs\story\spt\netrule_debug.spt
メダリア禁止,Medaglia prohibition,romfs\story\spt\netrule_debug.spt
純正のみ,Genuine only,romfs\story\spt\netrule_debug.spt
<先日@04せんじつ>のことでローレル<探偵@04たんてい><事務所@04じむしょ>の,Laurel <Detective @04 Sentojitsu> <Detective @04 Tantei> <Office @04 Jimusho> about the other day.,romfs\story\spt\npc_001_00.spt
<新人@04しんじん>さんの<評判@05ひょうばん>はうなぎ<登@02のぼ>りじゃよ。,<Newcomer@04 shinjin>'s <reputation@05 hyoban> is an eel <ascent@02 nobori>.,romfs\story\spt\npc_001_00.spt
ePrg.第七章完,ePrg. Chapter 7 complete,romfs\story\spt\npc_001_00.spt
ePrg.第三章解決,ePrg. Chapter 3 Resolution,romfs\story\spt\npc_001_00.spt
ePrg.第二章スタート,ePrg. Chapter 2 starts,romfs\story\spt\npc_001_00.spt
ePrg.第二章予告状,ePrg. Chapter II notice letter,romfs\story\spt\npc_001_00.spt
ePrg.第二章解決,ePrg. Chapter 2 Resolution,romfs\story\spt\npc_001_00.spt
ePrg.第五章解決,ePrg. Chapter 5 Resolution,romfs\story\spt\npc_001_00.spt
ePrg.第六章完,ePrg. Chapter 6 complete,romfs\story\spt\npc_001_00.spt
ePrg.第四章解決,ePrg. Chapter 4 Resolution,romfs\story\spt\npc_001_00.spt
パーツボックス。,Parts Box.,romfs\story\spt\npc_box_000.spt
部で手に入れたパーツはここに保管される。,Parts obtained in the department will be stored here.,romfs\story\spt\npc_box_000.spt
これは何だろう？,What is this?,romfs\story\spt\npc_box_010.spt
ゴミの回収箱かな？,Is it a garbage collection box?,romfs\story\spt\npc_box_010.spt
コンビニ_カブト,Convenience store_Kabuto,romfs\story\spt\npc_cvs.spt
コンビニ_クワガタ,Convenience store_Stag beetle,romfs\story\spt\npc_cvs.spt
いらっしゃいませ～！,Welcome~!,romfs\story\spt\npc_cvs_501_s00_t011.spt
ご注文ドーゾ！,Ordering Dozo!,romfs\story\spt\npc_cvs_501_s00_t011.spt
タイムフォーラー,time for error,romfs\story\spt\npc_cvs_501_s00_t011.spt
ありがとうございました！,Thank you very much!,romfs\story\spt\npc_cvs_501_s00_t021.spt
また来てくださいね～！,Please come back!,romfs\story\spt\npc_cvs_501_s00_t021.spt
いらっしゃいマセ！,Welcome Mase!,romfs\story\spt\npc_cvs_501_s09_t011.spt
また来てくださいネ！,Please come again!,romfs\story\spt\npc_cvs_501_s09_t021.spt
アリガトございマシタ！,Thank you very much!,romfs\story\spt\npc_cvs_501_s09_t021.spt
こんにちは。,Hello.,romfs\story\spt\npc_f_1a_000_s00_t001.spt
い、いやあ…,"No, no...",romfs\story\spt\npc_f_1a_117_s03_t011.spt
きっと、わたしのことキライなんだわ！,I'm sure he doesn't like me!,romfs\story\spt\npc_f_1a_117_s03_t011.spt
くんもそう思うでしょ！？,"You think so too, don't you!",romfs\story\spt\npc_f_1a_117_s03_t011.spt
そうに決まってる！,Of course it is!,romfs\story\spt\npc_f_1a_117_s03_t011.spt
つらい練習させるんだろ…,You're going to make me practice hard...,romfs\story\spt\npc_f_1a_117_s03_t011.spt
は～やだやだ,"Oh no, no, no!",romfs\story\spt\npc_f_1a_117_s03_t011.spt
トミギク先生どうしてわたしにばっかり,"Dr. Tomigiku, why are you always on me?",romfs\story\spt\npc_f_1a_117_s03_t011.spt
部活行きたくな～い！,I don't want to go to club activities!,romfs\story\spt\npc_f_1a_117_s03_t011.spt
いくらなんでもロコツすぎじゃない？,"I think you're too much of a locust, no matter how much you want to be.",romfs\story\spt\npc_f_1a_117_s04_t011.spt
くんはどう思う？,What do you think?,romfs\story\spt\npc_f_1a_117_s04_t011.spt
そりゃさ,That's right.,romfs\story\spt\npc_f_1a_117_s04_t011.spt
だからって、男子のあのタイド！,"That said, that tied of boys!",romfs\story\spt\npc_f_1a_117_s04_t011.spt
確かにちょっとかわいいけど？,"Sure, it's kinda cute, but?",romfs\story\spt\npc_f_1a_117_s04_t011.spt
あたし今ね、人生の岐路に立ってるんだから！,I'm at a crossroads in my life right now!,romfs\story\spt\npc_f_1a_117_s05_t001.spt
う～んう～んう～ん――,Mm-mm-mm-mm--,romfs\story\spt\npc_f_1a_117_s05_t001.spt
くんか、ジャマしないで。,"Don't get in my way, Kunkan.",romfs\story\spt\npc_f_1a_117_s05_t001.spt
距離を求めるには、速さと時間それぞれの,"To find the distance, we need to find the speed and time, respectively.",romfs\story\spt\npc_f_1a_117_s05_t001.spt
※ふたりで勉強中配置,※Two study arrangement,romfs\story\spt\npc_f_1a_117_s05_t002.spt
え、人さがししてるの？,"Oh, you're looking for someone?",romfs\story\spt\npc_f_1a_117_s05_t002.spt
くんもいっしょに勉強する？,Do you want to study together?,romfs\story\spt\npc_f_1a_117_s05_t002.spt
ていうか、現実にいるの？　ハッカーとか。,"I mean, are they real?　Or hackers?",romfs\story\spt\npc_f_1a_117_s05_t002.spt
ハッカー！？,Hacker!,romfs\story\spt\npc_f_1a_117_s05_t002.spt
知らないわよそんな人。,I don't know anyone like that.,romfs\story\spt\npc_f_1a_117_s05_t002.spt
はやく行かないとまた怒られちゃうニャ。,"If I don't go quickly, he will get angry at me again.",romfs\story\spt\npc_f_1a_meda_117_s03_t011.spt
はやく行こマスター。,Quickly go master.,romfs\story\spt\npc_f_1a_meda_117_s03_t011.spt
いいニャ！,Good nyah!,romfs\story\spt\npc_f_1a_meda_117_s04_t011.spt
くん出場するのね。,I see that you are going to participate in the competition.,romfs\story\spt\npc_f_1a_meda_117_s04_t011.spt
いいテンキ。,Good tenki.,romfs\story\spt\npc_f_1a_meda_117_s05_t001.spt
お外でゴロゴロしたいニャ。,I want to go outside and romp around.,romfs\story\spt\npc_f_1a_meda_117_s05_t001.spt
これで授業料はメチャ安いとか。,I hear that the tuition is very inexpensive.,romfs\story\spt\npc_f_1b_000_s02_t011.spt
さっすが世界一の人気校よねー。,That's the most popular school in the world!,romfs\story\spt\npc_f_1b_000_s02_t011.spt
なかなか馴れないわ。,It's hard to get used to.,romfs\story\spt\npc_f_1b_000_s02_t011.spt
ふう、どこもかしこもゴージャスすぎて,"Phew, so much gorgeousness everywhere.",romfs\story\spt\npc_f_1b_000_s02_t011.spt
うっかり海に落ちたらどうしよう…,What if I accidentally fall into the sea...,romfs\story\spt\npc_f_1b_500_s03_t011.spt
ヨットなんて初めてだからドキドキしちゃう。,I'm so nervous because I've never sailed before.,romfs\story\spt\npc_f_1b_500_s03_t011.spt
嵐が来たらどうしよう！,What if a storm comes?,romfs\story\spt\npc_f_1b_500_s03_t011.spt
急におなか痛くなったらどうしよう…！！,What if I suddenly get a stomach ache...!,romfs\story\spt\npc_f_1b_500_s03_t011.spt
スイマーメイツ,swimmermates,romfs\story\spt\npc_f_1b_meda_000_s00_t001.spt
ねえマスター、今日は海に行かないの？,"Hey Master, aren't you going to the beach today?",romfs\story\spt\npc_f_1b_meda_000_s02_t011.spt
わたし今、とっても泳ぎたい気分なの。,I'm in the mood for a swim.,romfs\story\spt\npc_f_1b_meda_000_s02_t011.spt
なにがあってもワタシが守るから平気なのにー。,"I'll protect you no matter what happens, I'll be fine.",romfs\story\spt\npc_f_1b_meda_500_s03_t011.spt
マスター心配性だなー。,You are a master worrier!,romfs\story\spt\npc_f_1b_meda_500_s03_t011.spt
ていうか、現実にいるの？　ハッカーなんて。,"I mean, is there such a thing as a real person?　What kind of hacker?",romfs\story\spt\npc_f_1c_117_s05_t002.spt
いくらなんでも騒ぎすぎだと思うわ。,"I think you're making too much noise, no matter how much you want to.",romfs\story\spt\npc_f_1c_117_s08_t001.spt
レンアイとか！,Like ren'ai!,romfs\story\spt\npc_f_1c_117_s08_t001.spt
学生には、もっと大切なこともあると思うの。,I think there are more important things for students to do.,romfs\story\spt\npc_f_1c_117_s08_t001.spt
最近みんなメダリアのことばーっか！,Everyone is talking about medallions these days!,romfs\story\spt\npc_f_1c_117_s08_t001.spt
オンナ型のパーツって,What are the parts of an onna type...,romfs\story\spt\npc_f_1c_130_meda_s01_t011.spt
パワータイプも増やしてほしいな。,I'd like to see more power types.,romfs\story\spt\npc_f_1c_130_meda_s01_t011.spt
支援タイプばっかり多くて、つまんない。,"There are so many support types, it's boring.",romfs\story\spt\npc_f_1c_130_meda_s01_t011.spt
きっつー！,Kitsuki!,romfs\story\spt\npc_f_1c_130_s01_t011.spt
やっぱセンパイはちがうな…,I knew Senpai was different...,romfs\story\spt\npc_f_1c_130_s01_t011.spt
わたしもがんばらなくちゃ！,I have to do my best!,romfs\story\spt\npc_f_1c_130_s01_t011.spt
あんたクラスの,You're in a class of your own.,romfs\story\spt\npc_f_1c_130_s03_t011.spt
くん…？,Kun...?,romfs\story\spt\npc_f_1c_130_s03_t011.spt
しんどいトコ男の子に見られるのイヤなの。,I don't like it when boys see me having a hard time.,romfs\story\spt\npc_f_1c_130_s03_t011.spt
ぜえ、はあ、う…　やば。,"Geez, haha, ugh... yikes.",romfs\story\spt\npc_f_1c_130_s03_t011.spt
そんなとこ立ってないであっち行ってくれる？,Would you please go away and not stand there?,romfs\story\spt\npc_f_1c_130_s03_t011.spt
たとえそれが,Even if it is,romfs\story\spt\npc_f_1c_130_s03_t011.spt
好きな男の子じゃなくてもね！,Even if it's not a boy you like!,romfs\story\spt\npc_f_1c_130_s03_t011.spt
練習きつすぎてキモチ悪くなってきた…,I'm getting grossed out from all the practice...,romfs\story\spt\npc_f_1c_130_s03_t011.spt
センパイたちは島の外で大会だって！,Senpai and the others are at a convention off the island!,romfs\story\spt\npc_f_1c_130_s06_t011.spt
大会についてくこともできないってどうなの？,How is it that you can't even keep up with the competition?,romfs\story\spt\npc_f_1c_130_s06_t011.spt
応援ぐらいさせてくれてもいいのに。もうっ。,They should at least let us cheer them on. Damn it.,romfs\story\spt\npc_f_1c_130_s06_t011.spt
１００歩ゆずって、帰れないのはいいけどさ…,"It's okay if you can't go home, 100 paces away, but...",romfs\story\spt\npc_f_1c_130_s06_t011.spt
ウキウキなんてしてないよ！,I'm not getting excited!,romfs\story\spt\npc_f_1c_130_s07_t011.spt
文化祭期間中は部活はお休みなんだー。,Club activities are closed during the festival.,romfs\story\spt\npc_f_1c_130_s07_t011.spt
残念だなー！,That's too bad!,romfs\story\spt\npc_f_1c_130_s07_t011.spt
バスケはしばらくお休みかなー。,I think I'll take a break from basketball for a while.,romfs\story\spt\npc_f_1c_meda_117_s05_t001.spt
メダリアより大事なもの？,More important than medallions?,romfs\story\spt\npc_f_1c_meda_117_s08_t001.spt
レンアイってなんだろ。,What is ren'ai?,romfs\story\spt\npc_f_1c_meda_117_s08_t001.spt
ばかね、足りてないのは、わたしの力。,"Silly me, it is my power that is lacking.",romfs\story\spt\npc_f_1c_meda_130_s06_t011.spt
アンタは悪くないってば！,It's not your fault!,romfs\story\spt\npc_f_1c_meda_130_s06_t011.spt
レギュラーだったら行けたと思うの。,I think I could have gone if I was a regular.,romfs\story\spt\npc_f_1c_meda_130_s06_t011.spt
ワタシの力が足りなかったのー！,I didn't have enough power!,romfs\story\spt\npc_f_1c_meda_130_s06_t011.spt
わかんないけど楽しみ～！,"I don't know, but I'm looking forward to it!",romfs\story\spt\npc_f_1c_meda_130_s07_t011.spt
わ～い、ぶんかさいぶんかさい！,"Wow, bunkasai bunkasai!",romfs\story\spt\npc_f_1c_meda_130_s07_t011.spt
わたしの出番なんてなさそうね。,I don't think I'm going to get a chance to do anything.,romfs\story\spt\npc_f_1d_117_s04_t011.spt
学校案内してあげるつもりだったんだけど,I was going to give you a tour of the school.,romfs\story\spt\npc_f_1d_117_s04_t011.spt
ダイエットしろってこと…？,You mean I should go on a diet...?,romfs\story\spt\npc_f_1d_150_s03_t011.spt
フコウヘイだと思わない？,Don't you think it's fukouhay?,romfs\story\spt\npc_f_1d_150_s03_t011.spt
女子寮のほうが男子寮より校舎まで遠いなんて,I can't believe that the girls' dormitory is farther from the school building than the boys' dormitory.,romfs\story\spt\npc_f_1d_150_s03_t011.spt
すごしてほしいからだって教えてくれたんだけど…,He told me it was because he wanted me to spend time with him...,romfs\story\spt\npc_f_1d_150_s06_t011.spt
そんなの、どこにいたって同じでしょ？,"It's the same no matter where you are, isn't it?",romfs\story\spt\npc_f_1d_150_s06_t011.spt
どうして１年生は,Why are first-year students,romfs\story\spt\npc_f_1d_150_s06_t011.spt
先生に聞いたら、メダロットといっしょの時間を,I asked my teacher if I could spend some time with Medarotto.,romfs\story\spt\npc_f_1d_150_s06_t011.spt
夏休みに帰っちゃいけないんだろ。,You're not allowed to go home for summer vacation.,romfs\story\spt\npc_f_1d_150_s06_t011.spt
授業もないのに、ヘンなのー。,"I don't even have classes, it's weird.",romfs\story\spt\npc_f_1d_150_s06_t011.spt
大会だって！,He said it was a convention!,romfs\story\spt\npc_f_1d_meda_117_s04_t011.spt
楽しみだね～,I'm looking forward to it!,romfs\story\spt\npc_f_1d_meda_117_s04_t011.spt
ダイエットってなに？,What is a diet?,romfs\story\spt\npc_f_1d_meda_150_s03_t011.spt
近道のこと？,You mean shortcuts?,romfs\story\spt\npc_f_1d_meda_150_s03_t011.spt
お部屋でトマト育ててるの。,I grow tomatoes in my room.,romfs\story\spt\npc_f_1d_meda_150_s06_t011.spt
トマトって丸くて赤くてかわいいんだよ。,"Tomatoes are round, red and cute.",romfs\story\spt\npc_f_1d_meda_150_s06_t011.spt
今ね、マスターといっしょに,"Right now, with Master",romfs\story\spt\npc_f_1d_meda_150_s06_t011.spt
知ってる？,Do you know?,romfs\story\spt\npc_f_1d_meda_150_s06_t011.spt
いつ見てもクールでゴージャス,Always cool and gorgeous.,romfs\story\spt\npc_f_1d2_131_s04_t001.spt
ねえねえちょっと、あそこにいるの,"Hey, hey, hey, hey. There he is.",romfs\story\spt\npc_f_1d2_131_s04_t001.spt
ステキね～！,That's beautiful!,romfs\story\spt\npc_f_1d2_131_s04_t001.spt
生徒会長のスズネさんじゃない？,"Isn't that Suzune, the student body president?",romfs\story\spt\npc_f_1d2_131_s04_t001.spt
ジラスジダス,Giras Zidas.,romfs\story\spt\npc_f_1d2_meda_000_s00_t001.spt
マスターちゃんと使ってくれるかな。,I wonder if the master will use it properly.,romfs\story\spt\npc_f_1d2_meda_131_s04_t001.spt
新しいパーツすごくいい感じ。,The new parts look great.,romfs\story\spt\npc_f_1d2_meda_131_s04_t001.spt
そういうのやめてくださいよ、センパ～イ！,"Please don't be like that, Sempai!",romfs\story\spt\npc_f_1e_000_s01_t011.spt
ねえねえセンパイ。,"Hey, hey, hey, sempai.",romfs\story\spt\npc_f_1e_000_s01_t011.spt
ひとりで入ると、だれもいないのに、うめき声が――,"I went in alone, no one was there, but the moaning--",romfs\story\spt\npc_f_1e_000_s01_t011.spt
やだ～！,Oh no~!,romfs\story\spt\npc_f_1e_000_s01_t011.spt
ウワサでは、夜中の１２時に寮のおフロに,Rumor has it that at 12:00 a.m. in the dormitory floor,romfs\story\spt\npc_f_1e_000_s01_t011.spt
大勢の人が亡くなったらしいわ…,I heard a lot of people died...,romfs\story\spt\npc_f_1e_000_s01_t011.spt
昔この島で大事故があったってホントですか～？,Is it true that there was a big accident on this island in the past?,romfs\story\spt\npc_f_1e_000_s01_t011.spt
本当みたい…,It sounds too good to be true...,romfs\story\spt\npc_f_1e_000_s01_t011.spt
あいさつしようと思ったけど、やめたの。,"I was going to say hello, but decided not to.",romfs\story\spt\npc_f_1e_000_s03_t011.spt
それでそれで？,And so?,romfs\story\spt\npc_f_1e_000_s03_t011.spt
だって、見まちがえかもしれないけど…,"Because I might be looking in the wrong place, but...",romfs\story\spt\npc_f_1e_000_s03_t011.spt
わたしも見たことがあるわ。,I've seen it too.,romfs\story\spt\npc_f_1e_000_s03_t011.spt
クラスメイトが言うんですけど…,My classmates say...,romfs\story\spt\npc_f_1e_000_s03_t011.spt
ホントですか！？,Really?,romfs\story\spt\npc_f_1e_000_s03_t011.spt
先生の先に、手招きするたくさんの手が見えた,"Beyond the teacher, I saw many hands beckoning to me.",romfs\story\spt\npc_f_1e_000_s03_t011.spt
夜中にこっそり学校を出て行くところを見たって,He saw her sneaking out of school in the middle of the night.,romfs\story\spt\npc_f_1e_000_s03_t011.spt
忘れ物を取りに夜、教室に戻ったときにね。,When I went back to the classroom at night to pick up something I had forgotten.,romfs\story\spt\npc_f_1e_000_s03_t011.spt
明かりもつけずに歩いてらしたわ。,He was walking around with no lights on.,romfs\story\spt\npc_f_1e_000_s03_t011.spt
月もない真っ暗な中,In the pitch dark with no moon,romfs\story\spt\npc_f_1e_000_s03_t011.spt
校長先生のウワサ知ってます？,Do you know the rumors about the principal?,romfs\story\spt\npc_f_1e_000_s03_t011.spt
校門のところでグウゼン見ちゃったの。,I saw Gusen at the school gate.,romfs\story\spt\npc_f_1e_000_s03_t011.spt
気がしたから――,I felt like--,romfs\story\spt\npc_f_1e_000_s03_t011.spt
うちの教頭先生って、やさしいよねー。,Our vice principal is so kind!,romfs\story\spt\npc_f_1e_000_s06_t011.spt
この間、あわてて廊下を走ってたとき,"The other day, when I was running down the hallway in a panic.",romfs\story\spt\npc_f_1e_000_s06_t011.spt
もう紳士！,Already a gentleman!,romfs\story\spt\npc_f_1e_000_s06_t011.spt
わたしの不注意なのに『大丈夫？』って,"I was careless and he said, ""Are you okay?"" I'm okay?",romfs\story\spt\npc_f_1e_000_s06_t011.spt
ハンカチ差し出してニッコリ笑ってくれるのよ。,He offers me a handkerchief and smiles at me.,romfs\story\spt\npc_f_1e_000_s06_t011.spt
思いっきり先生にぶつかっちゃったの。,I bumped into the teacher with all my might.,romfs\story\spt\npc_f_1e_000_s06_t011.spt
絵に描いたような紳士ぷりだったわあ…！,He was a picture-perfect gentleman...!,romfs\story\spt\npc_f_1e_000_s06_t011.spt
あっ！　やっぱいいです怖いから中止！,Ah!　I'm afraid it's okay to cancel!,romfs\story\spt\npc_f_1e_000_s07_t011.spt
あるじゃないですかいろいろと！,"There are a lot of things, aren't there?",romfs\story\spt\npc_f_1e_000_s07_t011.spt
うちがやると呼び寄せちゃうから…,"If we do it, they'll call us...",romfs\story\spt\npc_f_1e_000_s07_t011.spt
うち？,Home?,romfs\story\spt\npc_f_1e_000_s07_t011.spt
えええええっ！？,"Eh, eh, eh, eh!",romfs\story\spt\npc_f_1e_000_s07_t011.spt
お化け屋敷とか、島の心霊スポット紹介とかー。,"Haunted houses, introduction to haunted places on the island, etc.",romfs\story\spt\npc_f_1e_000_s07_t011.spt
そしたら――,And then--,romfs\story\spt\npc_f_1e_000_s07_t011.spt
ねえねえセンパイのところ,"Hey hey hey, Senpai's place.",romfs\story\spt\npc_f_1e_000_s07_t011.spt
やめてくださいよ、センパ～イ！,"Please don't do that, Sempai!",romfs\story\spt\npc_f_1e_000_s07_t011.spt
よ、呼び寄せる？,"Yo, you want to call them up?",romfs\story\spt\npc_f_1e_000_s07_t011.spt
オカルト部なのに屋台ですかあ？,A food stall in an occult club?,romfs\story\spt\npc_f_1e_000_s07_t011.spt
クレープ屋台よ。,It's a crepe stall.,romfs\story\spt\npc_f_1e_000_s07_t011.spt
ナニを？？,What?,romfs\story\spt\npc_f_1e_000_s07_t011.spt
去年お化け屋敷やったのよ。,We did a haunted house last year.,romfs\story\spt\npc_f_1e_000_s07_t011.spt
文化祭なにやるんですかあ？,What are you going to do for the festival?,romfs\story\spt\npc_f_1e_000_s07_t011.spt
な、なんか今,"Hey, something just now.",romfs\story\spt\npc_f_1e_000_s10_t011.spt
フツーに目の前横切ったんですけど校長先生…,"I walked right in front of him, but the principal...",romfs\story\spt\npc_f_1e_000_s10_t011.spt
ユ～レイどころか、すごいお元気そうだったけど…,"Not only did you look great, but you looked great...",romfs\story\spt\npc_f_1e_000_s10_t011.spt
病気じゃなかったの？？,You weren't sick?,romfs\story\spt\npc_f_1e_000_s10_t011.spt
ここのとこ元気なかったし、どっか悪いのかもね。,"He hasn't been well recently, maybe there is something wrong with him.",romfs\story\spt\npc_f_1e_150_s02_t001.spt
んー、ちょっと心配になってきた。,"Hmmm, I'm getting a little worried.",romfs\story\spt\npc_f_1e_150_s02_t001.spt
アオイなら寮に戻ってるんじゃないかな。,I think Aoi would be back in the dorm.,romfs\story\spt\npc_f_1e_150_s02_t001.spt
メールでもしとこっかな。,I'll send you an email.,romfs\story\spt\npc_f_1e_150_s02_t001.spt
ずいぶん大胆なのね、あなたたち！,"You are very bold, you guys!",romfs\story\spt\npc_f_1e_150_s02_t002.spt
ぼんやりしてそうだけど,You seem to be in a daze.,romfs\story\spt\npc_f_1e_150_s02_t002.spt
見てたわ。,I watched.,romfs\story\spt\npc_f_1e_150_s02_t002.spt
フラッフィヘア,fluffy hair,romfs\story\spt\npc_f_1e_meda_000_s00_t001.spt
まだかなー。,I wonder if it's ready yet.,romfs\story\spt\npc_f_1e_meda_000_s01_t011.spt
ぜんぜんちがうよフラちゃん。,"Not at all, Hula.",romfs\story\spt\npc_f_1e_meda_000_s06_t011.spt
ジェントルマン！,Gentleman!,romfs\story\spt\npc_f_1e_meda_000_s06_t011.spt
教頭先生ってだれ？,Who is the vice principal?,romfs\story\spt\npc_f_1e_meda_000_s06_t011.spt
教頭先生は――,The vice principal--,romfs\story\spt\npc_f_1e_meda_000_s06_t011.spt
校長先生といっしょ？,With the principal?,romfs\story\spt\npc_f_1e_meda_000_s06_t011.spt
校長先生はなに考えてるかわかんない、こわ～い人。,The principal is a scary guy who doesn't know what he's thinking.,romfs\story\spt\npc_f_1e_meda_000_s06_t011.spt
あのねリレーでいちばんになっちゃった！,"You know, I became the first in the relay!",romfs\story\spt\npc_f_1e_meda_000_s10_t011.spt
楽しかった！,It was fun!,romfs\story\spt\npc_f_1e_meda_000_s10_t011.spt
こんにちはっ。,Hello.,romfs\story\spt\npc_f_1e_meda_150_s02_t001.spt
ここ来ると、いつも気持ちが引きしまるの。,"Whenever I come here, I always feel so much more relaxed.",romfs\story\spt\npc_f_1e2_140_s01_t011.spt
だけど、お掃除が大変なのー。,But it's hard to clean up.,romfs\story\spt\npc_f_1e2_140_s01_t011.spt
リッパな道場でしょ。,"It's a ripe dojo, isn't it?",romfs\story\spt\npc_f_1e2_140_s01_t011.spt
あちこち見て回ってるんだって！,He's looking all over the place!,romfs\story\spt\npc_f_1e2_140_s06_t011.spt
あの子、転入生なんだって。,"That girl is a transfer student, he said.",romfs\story\spt\npc_f_1e2_140_s06_t011.spt
まっ、センパイはデレデレで？,"Well, Senpai is dere-dere?",romfs\story\spt\npc_f_1e2_140_s06_t011.spt
ま～ったく気にしてないみたいですけど？,"He doesn't seem to care at all, though, does he?",romfs\story\spt\npc_f_1e2_140_s06_t011.spt
フシギな子よ。寮で見かけたこと、いちどもないの。,She's a strange girl. I've never seen her in the dormitory.,romfs\story\spt\npc_f_1e2_140_s06_t011.spt
全寮制なのに、いったいどこに住んでるのかしら？,Where in the world does he live when he's in a boarding school?,romfs\story\spt\npc_f_1e2_140_s06_t011.spt
新学期から入る部を決めたいから,I'm trying to decide which club I'm going to join from the new semester.,romfs\story\spt\npc_f_1e2_140_s06_t011.spt
さっきまで転入生って子が見学に来てたの。,"There was a girl, a transfer student, who was here for a visit just now.",romfs\story\spt\npc_f_1e2_140_s06_t111.spt
ま～ったく気にしてなかったみたいですけど？,"He didn't seem to mind at all, though, did he?",romfs\story\spt\npc_f_1e2_140_s06_t111.spt
いいのよ、文化祭は文化部がメインだもん。,"It's okay, the cultural club is the main part of the festival.",romfs\story\spt\npc_f_1e2_140_s07_t011.spt
だから特に準備はなし！,So no special preparation!,romfs\story\spt\npc_f_1e2_140_s07_t011.spt
わたしたちの本番は体育祭よ！,Our main event is the gymnastics festival!,romfs\story\spt\npc_f_1e2_140_s07_t011.spt
当日はお客さんキブンで楽しませてもらうわ。,I'll be entertaining the guests kiven the day of the event.,romfs\story\spt\npc_f_1e2_140_s07_t011.spt
文化祭の出し物？　部長の護身術指導よ。,The festival program?　It's a self-defense lesson by the director.,romfs\story\spt\npc_f_1e2_140_s07_t011.spt
レディーゴー,ready go,romfs\story\spt\npc_f_1e2_meda_000_s00_t001.spt
タタミの拭き掃除はワタシのお仕事なの！,It's my job to wipe down the tatami!,romfs\story\spt\npc_f_1e2_meda_140_s01_t011.spt
毎朝拭くの！,I wipe it every morning!,romfs\story\spt\npc_f_1e2_meda_140_s01_t011.spt
がんばれ～。,Good luck~!,romfs\story\spt\npc_f_1e2_meda_140_s06_t011.spt
シャイニーちゃん,Shiny.,romfs\story\spt\npc_f_1e2_meda_140_s06_t011.spt
今日はカレーにする。,I'll make curry today.,romfs\story\spt\npc_f_1f_000_s01_t012.spt
決めたわ。,I've decided.,romfs\story\spt\npc_f_1f_000_s01_t012.spt
やっぱり…,I knew it...,romfs\story\spt\npc_f_1f_000_s01_t013.spt
今日は購買のお弁当にしよ。,I'll make lunch from purchasing today.,romfs\story\spt\npc_f_1f_000_s01_t013.spt
やっぱり今日は麻婆豆腐にしよう。,"After all, let's make Bean-curd soup with Bean-curd soup seasoned with red pepper.",romfs\story\spt\npc_f_1f_000_s01_t014.spt
今日はチキン南蛮にしよ。,I'll have chicken nanban today.,romfs\story\spt\npc_f_1f_000_s01_t015.spt
決めた。,Decided.,romfs\story\spt\npc_f_1f_000_s01_t015.spt
今日は焼き魚とお味噌汁にする。,Today we will have grilled fish and miso soup.,romfs\story\spt\npc_f_1f_000_s01_t016.spt
スィーカマー,Suikamar (brand-name breath mint marketed as having various medicinal properties),romfs\story\spt\npc_f_1f_meda_000_s00_t001.spt
マスターは今、とっても忙しいんだ。,Master is very busy right now.,romfs\story\spt\npc_f_1f_meda_000_s01_t011.spt
話しかけてもムダだよ。,It's no use talking to them.,romfs\story\spt\npc_f_1f_meda_000_s01_t011.spt
すっごい強いんだから！,They are very strong!,romfs\story\spt\npc_f_1f2_140_s01_t011.spt
たまにメダロッター学院大学から,Sometimes from Medalotter Institute College.,romfs\story\spt\npc_f_1f2_140_s01_t011.spt
センパイたちが教えに来てくれるの。,The sempai come to teach us.,romfs\story\spt\npc_f_1f2_140_s01_t011.spt
去年の大会で全国優勝したセンパイもいるのよ。,Some sempai won the national championship last year.,romfs\story\spt\npc_f_1f2_140_s01_t011.spt
みんな体育館に向かっちゃったんですけど！,Everyone went to the gymnasium!,romfs\story\spt\npc_f_1f2_140_s04_t011.spt
もう時間なんですけど！,It's time to go!,romfs\story\spt\npc_f_1f2_140_s04_t011.spt
センパイたち！,Sempai!,romfs\story\spt\npc_f_1f2_140_s04_t011.spt
ロボトルの練習してる場合じゃないんですけど！！,I don't have time to practice robattle!,romfs\story\spt\npc_f_1f2_140_s04_t011.spt
ぜったいウソよ。,It's an absolute lie.,romfs\story\spt\npc_f_1f2_140_s06_t011.spt
初心者？,Beginner?,romfs\story\spt\npc_f_1f2_140_s06_t011.spt
手かげんしてるけど、そうとう心得あるわ。,"I'm a handful, but I know what I'm doing.",romfs\story\spt\npc_f_1f2_140_s06_t011.spt
本人もパートナーもね…　何者？？,Both he and his partner... Who are you?,romfs\story\spt\npc_f_1f2_140_s06_t011.spt
手かげんしてたけど、そうとう心得あるわ。,"I've been hand-carrying, but I know what I'm doing.",romfs\story\spt\npc_f_1f2_140_s06_t111.spt
…て、聞いてます！？,...and I'm listening!,romfs\story\spt\npc_f_1f2_140_s07_t011.spt
さっき生徒会の人が来たんですけど！,I just had a visit from the student council!,romfs\story\spt\npc_f_1f2_140_s07_t011.spt
さっさと予定出せって怒られちゃったんですけど！,I was told to get off my ass and give them a schedule!,romfs\story\spt\npc_f_1f2_140_s07_t011.spt
シャイニースター,Shiny Star,romfs\story\spt\npc_f_1f2_meda_000_s00_t001.spt
ニンゲンとは戦えないもんね。,"You can't fight ningen, can you?",romfs\story\spt\npc_f_1f2_meda_140_s01_t011.spt
メダロットはメダロットとだけ試合をするのよ。,Medalots only play games with medalots.,romfs\story\spt\npc_f_1f2_meda_140_s01_t011.spt
おトウフと戦ってるみたい。,It's like fighting otouf.,romfs\story\spt\npc_f_1f2_meda_140_s06_t011.spt
なんだか、へんな感じ。,It's kind of weird.,romfs\story\spt\npc_f_1f2_meda_140_s06_t011.spt
おトウフと戦ってるみたいだったのよ。,It was like fighting with Otouf.,romfs\story\spt\npc_f_1f2_meda_140_s06_t111.spt
なんだか、へんな感じだったの。,It was kind of weird.,romfs\story\spt\npc_f_1f2_meda_140_s06_t111.spt
ここは部室棟よ。,This is the club building.,romfs\story\spt\npc_f_2a_000_s01_t011.spt
主に、文化部の部室が入っているの。,It mainly houses the club rooms of the cultural club.,romfs\story\spt\npc_f_2a_000_s01_t011.spt
学校の外には行ってみた？,Have you tried going outside the school?,romfs\story\spt\npc_f_2a_000_s02_t011.spt
早く夏にならないかなー！,I can't wait for summer to arrive!,romfs\story\spt\npc_f_2a_000_s02_t011.spt
近くにすっごいキレイなビーチがあるんだよ。,There is a beautiful beach nearby.,romfs\story\spt\npc_f_2a_000_s02_t011.spt
あ～早く夏が来ないかなー。,"Oh, I can't wait for summer to arrive!",romfs\story\spt\npc_f_2a_000_s03_t011.spt
そしたらずーっと海で過ごすんだー！,Then I'll spend all my time at sea!,romfs\story\spt\npc_f_2a_000_s03_t011.spt
それが終わったら期末テスト…,"After that, I'll have a final exam...",romfs\story\spt\npc_f_2a_000_s03_t011.spt
だけどだけど、それも終わっちゃったら,"But, but when it's over...",romfs\story\spt\npc_f_2a_000_s03_t011.spt
ついに待ってた夏休みだよ！,It's finally the summer vacation I've been waiting for!,romfs\story\spt\npc_f_2a_000_s03_t011.spt
もうすぐロボトル大会だね。,It's almost time for the Robotle convention.,romfs\story\spt\npc_f_2a_000_s03_t011.spt
いよいよ大会ね！,The convention is finally here!,romfs\story\spt\npc_f_2a_000_s04_t011.spt
フィールドさえ水辺ならね！,If only the field was near water!,romfs\story\spt\npc_f_2a_000_s04_t011.spt
去年はサンザンだったけど今年は自信あるよ！,"Last year it was Sanzan, but this year I'm confident!",romfs\story\spt\npc_f_2a_000_s04_t011.spt
すごく強いメダロットがいて,There was a very strong medallion.,romfs\story\spt\npc_f_2a_000_s06_t011.spt
ずるいわ、わたしも戦ってみたいのにぃ！,"It's not fair, I want to fight too!",romfs\story\spt\npc_f_2a_000_s06_t011.spt
ヒミツのロボトル場があるってホント？,Is it true that there's a secret Lobotolu place?,romfs\story\spt\npc_f_2a_000_s06_t011.spt
勝つとすごいパーツがゲットできるんでしょ？,"You get awesome parts when you win, right?",romfs\story\spt\npc_f_2a_000_s06_t011.spt
男子しか知らない,I only know boys.,romfs\story\spt\npc_f_2a_000_s06_t011.spt
部の男子に聞いても、笑ってごまかされちゃうの。,"When I ask the boys in the club, they laugh and cover it up.",romfs\story\spt\npc_f_2a_000_s06_t011.spt
こないだまで夏休みだったなんてウソみたい！,I can't believe I was on summer vacation until the other day!,romfs\story\spt\npc_f_2a_000_s07_t011.spt
校内は文化祭ムード一色ね。,The school is in a festival mood.,romfs\story\spt\npc_f_2a_000_s07_t011.spt
…あ、今のナイショよ。先回りしちゃダメだからね！,"...Oh, that's a secret. Don't get ahead of yourself!",romfs\story\spt\npc_f_2a_000_s08_t011.spt
きのうは３つも見つけちゃった～！,I found three of them yesterday!,romfs\story\spt\npc_f_2a_000_s08_t011.spt
メダリアメダリア♪,Medaglia Medaglia Medaglia Medaglia Medaglia Medaglia Medaglia Medaglia Medaglia Medaglia,romfs\story\spt\npc_f_2a_000_s08_t011.spt
今日は南の海に行ってみようって話してたの。,We were talking about going to the South Seas today.,romfs\story\spt\npc_f_2a_000_s08_t011.spt
今日は部活はお休みよ？,"No club activities today, okay?",romfs\story\spt\npc_f_2a_000_s10_t011.spt
部室に行ってもだれもいないと思うわよ？,"I don't think anyone will be in the clubroom, do you?",romfs\story\spt\npc_f_2a_000_s10_t011.spt
ねえ今地震あった？,"Hey, was there an earthquake just now?",romfs\story\spt\npc_f_2a_000_s10_t021.spt
わたしの気のせいかなあ…？,Is it my imagination or...?,romfs\story\spt\npc_f_2a_000_s10_t021.spt
ピンゲン,pingen,romfs\story\spt\npc_f_2a_meda_000_s00_t001.spt
わたし、この学校すきー。,I love this school.,romfs\story\spt\npc_f_2a_meda_000_s01_t011.spt
毎日キレイな海で泳げるなんてシアワセー。,It's a sheer joy to be able to swim in the beautiful ocean every day.,romfs\story\spt\npc_f_2a_meda_000_s01_t011.spt
たとえジャングルだっても雪山だっても,"Even in the jungle, even in the snowy mountains.",romfs\story\spt\npc_f_2a_meda_000_s04_t011.spt
潜水脚部でつき進むのがポリシーなのー。,It's my policy to push forward with the diving legs.,romfs\story\spt\npc_f_2a_meda_000_s04_t011.spt
でも潜水以外の脚部パーツならガッカリだなー。,"But if it's leg parts other than diving, I'm disappointed.",romfs\story\spt\npc_f_2a_meda_000_s06_t011.spt
勝ったらすごいパーツかー。ほしいなー。,What a great part if I win! I'd like to have it.,romfs\story\spt\npc_f_2a_meda_000_s06_t011.spt
マスターと海で泳げなくなるんだもん。,I can't swim in the ocean with the master.,romfs\story\spt\npc_f_2a_meda_000_s07_t011.spt
夏が終わるのやだ。さびしいな。,I hate the end of summer. I'll miss it.,romfs\story\spt\npc_f_2a_meda_000_s07_t011.spt
だけど海にはあんまり落ちてないんだよねー,But there's not much down in the ocean!,romfs\story\spt\npc_f_2a_meda_000_s08_t011.spt
もぐるのは得意中の得意だよー。,I'm very good at squirming!,romfs\story\spt\npc_f_2a_meda_000_s08_t011.spt
メダリアってー。,Medaglia.,romfs\story\spt\npc_f_2a_meda_000_s08_t011.spt
今ここ通ったニンゲン知ってる！,I know a ningen who just passed through here!,romfs\story\spt\npc_f_2a_meda_000_s10_t011.spt
校長先生だよね！,You're a principal!,romfs\story\spt\npc_f_2a_meda_000_s10_t011.spt
だけどメダロットのほうは知らなかった！,But I didn't know about the Medalot one!,romfs\story\spt\npc_f_2a_meda_000_s10_t021.spt
校長先生のパートナーかなー？,I wonder if he's the principal's partner?,romfs\story\spt\npc_f_2a_meda_000_s10_t021.spt
うちの活動はＰＶ中心なんですぅ。,Our activities are mainly PV.,romfs\story\spt\npc_f_2b_163_s01_t011.spt
たくさんのファンがいらっしゃるんですよぉ。,We have a lot of fans.,romfs\story\spt\npc_f_2b_163_s01_t011.spt
だから、島の外にも,"So, off the island.",romfs\story\spt\npc_f_2b_163_s01_t011.spt
わたし、衣装を新調したいんですけどお。,I'd like to get a new outfit.,romfs\story\spt\npc_f_2b_163_s04_t011.spt
優勝したら、どのくらいもらえるんでしょうね。,I wonder how much they will get if they win.,romfs\story\spt\npc_f_2b_163_s04_t011.spt
大会のセイセキがいいと,He said the sages of the tournament.,romfs\story\spt\npc_f_2b_163_s04_t011.spt
部の活動費を増やしてくれるみたいなんですよお。,It looks like they are going to increase the cost of the club's activities.,romfs\story\spt\npc_f_2b_163_s04_t011.spt
せめて夏休みの前にしてほしい…,At least before the summer holidays...,romfs\story\spt\npc_f_2b_163_s06_t011.spt
夏休みのすぐあとに文化祭なんてあんまりです。,A cultural festival right after the summer vacation is too much.,romfs\story\spt\npc_f_2b_163_s06_t011.spt
どうしましょ～。,What should I do~?,romfs\story\spt\npc_f_2b_163_s07_t001.spt
オロオロ…　アクシデント発生ですぅ。,Oro-ro-ro-ro... Accident occurred.,romfs\story\spt\npc_f_2b_163_s07_t001.spt
思わず見とれちゃいました。,I couldn't help but admire it.,romfs\story\spt\npc_f_2b_163_s07_t010.spt
悔しいですけど、ちょっとだけ…,"It's frustrating, but just a little...",romfs\story\spt\npc_f_2b_163_s07_t010.spt
ブレザーメイツ,Blazermates,romfs\story\spt\npc_f_2b_meda_000_s00_t001.spt
こんどのＰＶはビーチで撮るの。,The next PV will be shot on the beach.,romfs\story\spt\npc_f_2b_meda_163_s01_t011.spt
どんなセッティングにしようか悩んじゃうな～。,I can't decide what kind of setting to use!,romfs\story\spt\npc_f_2b_meda_163_s01_t011.spt
今年はあばれちゃうゾ～！,"This year, I'm going to go crazy!",romfs\story\spt\npc_f_2b_meda_163_s04_t011.spt
ず～っと船に乗ってた気がするよー。,I feel like I've been on a boat the whole time!,romfs\story\spt\npc_f_2b_meda_163_s06_t011.spt
夏休み３日しかなかったんだ。,I only had three days of summer vacation.,romfs\story\spt\npc_f_2b_meda_163_s06_t011.spt
どうしよ～！,What should I do~?,romfs\story\spt\npc_f_2b_meda_163_s07_t001.spt
アイドル部始まって以来の大ピンチかも！？,This could be the biggest crisis since the beginning of the Idol Club!,romfs\story\spt\npc_f_2b_meda_163_s07_t001.spt
よかったー！,Thank goodness!,romfs\story\spt\npc_f_2b_meda_163_s07_t010.spt
大ピンチはもうオシマイかな？,Is the big pinch over?,romfs\story\spt\npc_f_2b_meda_163_s07_t010.spt
…え、うち？,"...What, our house?",romfs\story\spt\npc_f_2c_164_s01_t011.spt
この時期になっちゃうと大変ね。,It's tough when it comes to this time of year.,romfs\story\spt\npc_f_2c_164_s01_t011.spt
もちろん万年募集中よ、あははははっ。,"Of course, I'm always looking for people. hahaha.",romfs\story\spt\npc_f_2c_164_s01_t011.spt
人気の部は、もう定員いっぱいでしょう。,The most popular sections are probably already filled to capacity.,romfs\story\spt\npc_f_2c_164_s01_t011.spt
部の見学に回ってるんだ。,I'm making the rounds to see the department.,romfs\story\spt\npc_f_2c_164_s01_t011.spt
あれがそのイン石が落ちた跡なんだってー！,"That's where the in-stone fell, he said!",romfs\story\spt\npc_f_2c_164_s02_t011.spt
それが降り積もってメダリアになったんだって。,They say that it piled up and became a medallia.,romfs\story\spt\npc_f_2c_164_s02_t011.spt
だから世界中でこの島にしか無いんだって。,That's why this island is the only one in the world.,romfs\story\spt\npc_f_2c_164_s02_t011.spt
メダリアが宇宙から来たって知ってる？,Did you know that medallias come from outer space?,romfs\story\spt\npc_f_2c_164_s02_t011.spt
大昔、この島に落ちたイン石が砕けて散らばって――,"A long time ago, an in-stone fell on this island, shattered and scattered...",romfs\story\spt\npc_f_2c_164_s02_t011.spt
島の真ん中あたりに大きなクレーターがあるでしょ。,You see the big crater in the middle of the island?,romfs\story\spt\npc_f_2c_164_s02_t011.spt
こ、この子があの伝説のマインちゃん！？,This is the legendary Mine!,romfs\story\spt\npc_f_2c_164_s04_t011.spt
初めて会った…,First time we met...,romfs\story\spt\npc_f_2c_164_s04_t011.spt
そりゃあ夏休みだし、部活動は強制じゃないけど,"Well, it's summer vacation, and club activities are not mandatory.",romfs\story\spt\npc_f_2c_164_s06_t011.spt
それにしたって、ねえ？,"And for that, hey?",romfs\story\spt\npc_f_2c_164_s06_t011.spt
って、この島じゃそんなの覚える場所もないか。,But there is no place to learn such a thing on this island.,romfs\story\spt\npc_f_2c_164_s06_t011.spt
どこかで、悪い遊びとか覚えてないといいけど…,I hope you don't remember somewhere that you played bad or something...,romfs\story\spt\npc_f_2c_164_s06_t011.spt
最近ヒロキくん,"Lately, Hiroki.",romfs\story\spt\npc_f_2c_164_s06_t011.spt
部活にぜんぜん出てこないけど、どうしたのかしら。,I wonder what's going on.,romfs\story\spt\npc_f_2c_164_s06_t011.spt
いいけれど…,"It's nice, but...",romfs\story\spt\npc_f_2c_164_s06_t021.spt
なんてキャー！,What a cah!,romfs\story\spt\npc_f_2c_164_s06_t021.spt
な～んかおかしいのよね、ヒロキくん。,"There is something wrong with you, Hiroki.",romfs\story\spt\npc_f_2c_164_s06_t021.spt
もしかして恋わずらい！？,Could it be that you are in love?,romfs\story\spt\npc_f_2c_164_s06_t021.spt
ようやく部にカオを出してくれるようになったのは,The only thing that finally got me to give the club a cao...,romfs\story\spt\npc_f_2c_164_s06_t021.spt
急にハイになったり落ち込んだり,Sudden high or depression.,romfs\story\spt\npc_f_2c_164_s06_t021.spt
セーラーメイツ,sailor mates,romfs\story\spt\npc_f_2c_meda_000_s00_t001.spt
いろんなパーツを組み合わせるのが好き。,I like to combine various parts.,romfs\story\spt\npc_f_2c_meda_164_s01_t011.spt
うまく組み合わせると、かわいくなるし,"When combined well, they can be cute and",romfs\story\spt\npc_f_2c_meda_164_s01_t011.spt
みんなとちがってオシャレだと思う。,"I think it's fashionable, unlike everyone else.",romfs\story\spt\npc_f_2c_meda_164_s01_t011.spt
わたし、セットじゃなくて,I'm not a set.,romfs\story\spt\npc_f_2c_meda_164_s01_t011.spt
おっきいなー！,You're a big guy!,romfs\story\spt\npc_f_2c_meda_164_s04_t011.spt
わあ、,"Wow,",romfs\story\spt\npc_f_2c_meda_164_s04_t011.spt
この時間ならフツー部活なんじゃない？,"At this time of the day, isn't this a normal club activity?",romfs\story\spt\npc_f_2c2_000_s02_t011.spt
人をさがしてるの？,Are you looking for someone?,romfs\story\spt\npc_f_2c2_000_s02_t011.spt
ディスティニー,destiny,romfs\story\spt\npc_f_2c2_meda_000_s00_t001.spt
りりしくって、か～っこいい生徒会長であることに,For being a smart and cute student body president.,romfs\story\spt\npc_f_2d_150_s06_t031.spt
初代じゃなくてもスズネさんはスズネさん。,Suzune-san is Suzune-san even if he is not the first generation.,romfs\story\spt\npc_f_2d_150_s06_t031.spt
変わりはないんですから！,There is no change!,romfs\story\spt\npc_f_2d_150_s06_t031.spt
さっき校舎のほう、うるさくなかった？,Wasn't it noisy in the school building earlier?,romfs\story\spt\npc_f_2d_150_s10_t011.spt
工事でも始めたのかな？,Did they start construction?,romfs\story\spt\npc_f_2d_150_s10_t011.spt
あたしオカルトわからないけど,I don't know anything about the occult.,romfs\story\spt\npc_f_2d_meda_150_s03_t011.spt
マスターといっしょだから楽しいよ。,It's fun because I'm with the master.,romfs\story\spt\npc_f_2d_meda_150_s03_t011.spt
マスターはオカルト研究会なの。,Master is an occultist.,romfs\story\spt\npc_f_2d_meda_150_s03_t011.spt
マスターつかれたー！,Master is tired!,romfs\story\spt\npc_f_2d_meda_150_s10_t011.spt
今日ははやく帰って休もうよー！,Let's go home and rest early today!,romfs\story\spt\npc_f_2d_meda_150_s10_t011.spt
今年はウチにもワンチャンあると思ってんの！,I think we have a chance this year!,romfs\story\spt\npc_f_2d2_131_s04_t001.spt
３連覇なんて、そうそう起きないと思うし。,And I don't think a three-peat is going to happen very often.,romfs\story\spt\npc_f_2d2_131_s04_t001.spt
トレミー,tremie,romfs\story\spt\npc_f_2d2_meda_000_s00_t001.spt
サインはお断り。,Signatures are not accepted.,romfs\story\spt\npc_f_2e_163_meda_s01_t011.spt
先生に止められてるの。,The teacher is stopping me.,romfs\story\spt\npc_f_2e_163_meda_s01_t011.spt
あのお。なにか用ですか？,Excuse me. Can I help you?,romfs\story\spt\npc_f_2e_163_s01_t011.spt
いちおうここ男子禁制なんですけどお。,"For the record, this is a no-men's area.",romfs\story\spt\npc_f_2e_163_s01_t011.spt
いい子ですよお。,She's a good girl.,romfs\story\spt\npc_f_2e_163_s02_t002.spt
え、アオイのことですか？,"Oh, you mean aoi?",romfs\story\spt\npc_f_2e_163_s02_t002.spt
だれにでもやさしくて親切で――,He is kind and gentle to everyone.,romfs\story\spt\npc_f_2e_163_s02_t002.spt
て、ほめすぎかな。,I think that's too much of a compliment.,romfs\story\spt\npc_f_2e_163_s02_t002.spt
でもホント、いい子ですよぉ。,"But really, she is a good girl.",romfs\story\spt\npc_f_2e_163_s02_t002.spt
なのに、ぜんぜんイバったりしないし,"And yet, they don't get all flustered.",romfs\story\spt\npc_f_2e_163_s02_t002.spt
アオイがアイドル部に来てくれてよかった！,I am glad Aoi came to the idol club!,romfs\story\spt\npc_f_2e_163_s02_t002.spt
フローラとの息もぴったりだし,And you and Flora are perfect for each other.,romfs\story\spt\npc_f_2e_163_s02_t002.spt
新しい振り付けだってすぐに覚えちゃうしぃ,I can learn new choreography in no time.,romfs\story\spt\npc_f_2e_163_s02_t002.spt
歌もダンスもかわいいし,"She sings, she dances, she's cute.",romfs\story\spt\npc_f_2e_163_s02_t002.spt
練習熱心でマジメで,He's practiced and serious.,romfs\story\spt\npc_f_2e_163_s02_t002.spt
あなたまだいたんですか！？,You're still here!,romfs\story\spt\npc_f_2e_163_s02_t003.spt
ここ男子禁制なんですけどお！,This place is for men only!,romfs\story\spt\npc_f_2e_163_s02_t003.spt
そう、１年はアオイだけで十分,"Yes, one year is enough aoi.",romfs\story\spt\npc_f_2e_163_s02_t003.spt
ちょっとお、いつまでいるんですかあ？,"Hey, how long are you going to stay?",romfs\story\spt\npc_f_2e_163_s02_t003.spt
てあっ,enemy,romfs\story\spt\npc_f_2e_163_s02_t003.spt
アイツのセンターなんて、ぜったい――,I can't believe he's the center of--,romfs\story\spt\npc_f_2e_163_s02_t003.spt
ミオなんて最初から必要なかったのよ。,We didn't need Mio in the first place.,romfs\story\spt\npc_f_2e_163_s02_t003.spt
いちおうここ男子禁――　ていうかぁ,I'm not sure if this is a boys-only area or what.,romfs\story\spt\npc_f_2e_163_s05_t011.spt
す、すみません！,"Sorry, sorry!",romfs\story\spt\npc_f_2e_163_s05_t011.spt
すぐ出ていきますハイ！,I'll be right out. Hi!,romfs\story\spt\npc_f_2e_163_s05_t011.spt
今ここ、あたしひとりだけなんですけど。,I'm all alone here.,romfs\story\spt\npc_f_2e_163_s05_t011.spt
早く出てかないと、大声出しますけどぉ？,"If you don't get out of here soon, I'm going to start yelling, okay?",romfs\story\spt\npc_f_2e_163_s05_t011.spt
あたしのほうが、よっぽど――,I'm much more of a...,romfs\story\spt\npc_f_2e_163_s07_t010.spt
ここ男子禁制なんですけど～。,"I'm sorry, but this place is forbidden to boys.",romfs\story\spt\npc_f_2e_163_s07_t010.spt
それくらいだったら,If that's all you got.,romfs\story\spt\npc_f_2e_163_s07_t010.spt
ちょっと～、なに見てるんですかぁ？,"Hey~, what are you looking at?",romfs\story\spt\npc_f_2e_163_s07_t010.spt
今さら、あの子に頼るなんて！,I can't believe I'm relying on that girl now!,romfs\story\spt\npc_f_2e_163_s07_t010.spt
ハイカラメイツ,"fashion style purportedly created by former amateur models, salespeople, etc. (from the Muromachi period)",romfs\story\spt\npc_f_2e_meda_000_s00_t001.spt
お気に入りのパラソルにキズがつきそうで。,I'm afraid I'm going to scratch my favorite parasol.,romfs\story\spt\npc_f_2e_meda_163_s04_t011.spt
大会なんて、あんまり気が進まないわ。,I'm not too keen on conventions.,romfs\story\spt\npc_f_2e_meda_163_s04_t011.spt
そこでだったらしてあげるわ。,I'll give you a hand there.,romfs\story\spt\npc_f_2e_meda_163_s07_t001.spt
文化祭のステージ中にサイン会があるから,I'll be signing autographs during the stage at the festival.,romfs\story\spt\npc_f_2e_meda_163_s07_t001.spt
メダロットとコンビを組んで、どんな地形や状況でも,Team up with Medalot to take on any terrain or situation.,romfs\story\spt\npc_f_2f_165_s01_t011.spt
レスキュー部はいちおう文化部に所属してるけど,"The Rescue Club is part of a cultural club, but...",romfs\story\spt\npc_f_2f_165_s01_t011.spt
活動はどちらかといえば運動系ですね。,The activities are more of an exercise type.,romfs\story\spt\npc_f_2f_165_s01_t011.spt
素早く救助活動ができるよう訓練してるんですよ。,We train them for quick rescue operations.,romfs\story\spt\npc_f_2f_165_s01_t011.spt
きゃー大変！,"Oh, my God!",romfs\story\spt\npc_f_2f_165_s03_t011.spt
きゃー！,Kyah!,romfs\story\spt\npc_f_2f_165_s03_t011.spt
そのあともすぐ野外訓練に――,"And right after that, we went into field training--",romfs\story\spt\npc_f_2f_165_s03_t011.spt
だからわたしも早く行かなくっちゃ！,That's why I have to go soon too!,romfs\story\spt\npc_f_2f_165_s03_t011.spt
な、なにかご用ですか？,Can I help you?,romfs\story\spt\npc_f_2f_165_s03_t011.spt
失礼します！！,Excuse me!,romfs\story\spt\npc_f_2f_165_s03_t011.spt
戻ってくるのは、しばらく先になりますし,It will be a while before they return and,romfs\story\spt\npc_f_2f_165_s03_t011.spt
遅れちゃう！　大変！,I'm going to be late!　Oh my God!,romfs\story\spt\npc_f_2f_165_s03_t011.spt
部員はみんな港で買出し中ですよ？,"All the club members are shopping at the port, you know?",romfs\story\spt\npc_f_2f_165_s03_t011.spt
レスキュー部は文化祭に出店できないんです。,The Rescue Club can't open a stall at the festival.,romfs\story\spt\npc_f_2f_165_s07_t011.spt
毎年、大会直前の大切な時期とかぶってしまうので…,"Every year, it coincides with the important period just before the convention...",romfs\story\spt\npc_f_2f_165_s07_t011.spt
いえ、とてもそんな時間はないです。,"No, I don't have time for that very much.",romfs\story\spt\npc_f_2f_165_s08_t011.spt
メダリアさがしですか？,Are you looking for medallions?,romfs\story\spt\npc_f_2f_165_s08_t011.spt
最近なぜか訓練メニューがいっそうハードになって,"For some reason, the training menu has become even harder lately.",romfs\story\spt\npc_f_2f_165_s08_t011.spt
部活だけでもうヘトヘトです…,I'm already exhausted from club activities alone...,romfs\story\spt\npc_f_2f_165_s08_t011.spt
ラピュセル,Lapucelle,romfs\story\spt\npc_f_2f_meda_000_s00_t001.spt
この島には、いろんな場所があって好きさ。,I like this island because there are so many places to visit.,romfs\story\spt\npc_f_2f_meda_165_s01_t011.spt
場所はヒミツだけどな。,"The location is a secret, though.",romfs\story\spt\npc_f_2f_meda_165_s01_t011.spt
断崖絶壁とか、大きな滝とか。,Like precipitous cliffs and large waterfalls.,romfs\story\spt\npc_f_2f_meda_165_s01_t011.spt
難破船だってあるんだぞ。,There are even shipwrecks.,romfs\story\spt\npc_f_2f_meda_165_s01_t011.spt
はやく！,Quickly!,romfs\story\spt\npc_f_2f_meda_165_s03_t011.spt
このセッティングで大丈夫かなー。,I wonder if this setting will work.,romfs\story\spt\npc_f_2f_meda_165_s07_t011.spt
今日はどこに行くんだろ。,Where are we going today?,romfs\story\spt\npc_f_2f_meda_165_s07_t011.spt
この島の野良って攻撃的な気がするわ。,I feel like the strays on this island are aggressive.,romfs\story\spt\npc_f_3a_000_s01_t011.spt
ちょっと学校の外に出ただけなのに,I was just out of school for a bit.,romfs\story\spt\npc_f_3a_000_s01_t011.spt
本土と比べると,Compared to the mainland,romfs\story\spt\npc_f_3a_000_s01_t011.spt
野良メダロットが襲ってきたの。,A stray medallion attacked me.,romfs\story\spt\npc_f_3a_000_s01_t011.spt
うん知ってるよ。,"Yeah, I know.",romfs\story\spt\npc_f_3a_000_s02_t011.spt
え、アオイ？,"Eh, aoi?",romfs\story\spt\npc_f_3a_000_s02_t011.spt
かわいいけど、マジメなコよね。,She's cute but serious.,romfs\story\spt\npc_f_3a_000_s02_t011.spt
アオイちゃんって、アイドル部の？,"Aoi, are you in the idol club?",romfs\story\spt\npc_f_3a_000_s02_t011.spt
今ごろは部で練習中じゃないかな？,I'm sure they're practicing at the club by now.,romfs\story\spt\npc_f_3a_000_s02_t011.spt
寮で部屋が近いから。,Because the rooms are close together in the dormitory.,romfs\story\spt\npc_f_3a_000_s02_t011.spt
うん見たわ。,"Yeah, I saw that.",romfs\story\spt\npc_f_3a_000_s02_t021.spt
ずいぶん急いでたみたい。,He seemed to be in a great hurry.,romfs\story\spt\npc_f_3a_000_s02_t021.spt
ついさっき、この道まっすぐ歩いてった。,"Just a few minutes ago, he walked straight down this road.",romfs\story\spt\npc_f_3a_000_s02_t021.spt
アオイちゃんって…　１年生の？,Aoi... is she a first-year student?,romfs\story\spt\npc_f_3a_000_s02_t021.spt
忘れ物でも取りに寮に戻ったんじゃない？,Maybe he went back to the dorm to pick up something he forgot?,romfs\story\spt\npc_f_3a_000_s02_t021.spt
メダロットってみんな広い場所が好きよね。,"Medalots all like wide open spaces, don't they?",romfs\story\spt\npc_f_3a_000_s03_t011.spt
車両タイプは特にね。,Especially for vehicle types.,romfs\story\spt\npc_f_3a_000_s03_t011.spt
クロノラビット,chronorabbit,romfs\story\spt\npc_f_3a_meda_000_s00_t001.spt
なあなあマスター、外行こうぜ！,"Hey, hey master, let's go outside!",romfs\story\spt\npc_f_3a_meda_000_s01_t011.spt
思いっきり走り回りたいよー。,I want to run around as much as I can!,romfs\story\spt\npc_f_3a_meda_000_s01_t011.spt
オレ思いっきり走り回りたいよー。,I want to run around as much as I can.,romfs\story\spt\npc_f_3a_meda_101_s01_t011.spt
いくつ持ってるかが勝負よね。,It's a matter of how many you have.,romfs\story\spt\npc_f_3a2_131_s04_t001.spt
勝ち抜きの大会は、セッティングと戦略のパターンを,Winning competitions are a pattern of setting and strategy.,romfs\story\spt\npc_f_3a2_131_s04_t001.spt
ルージュカッツェ,"boned pork rib meat, cut into 5 cm squares, stewed in awamori, soy, dashi broth, and sugar",romfs\story\spt\npc_f_3a2_meda_000_s00_t001.spt
おっきいメダルみたい！,It looks like a big medal!,romfs\story\spt\npc_f_3a2_meda_131_s04_t001.spt
おっきいリングだねー。,It's a big ring!,romfs\story\spt\npc_f_3a2_meda_131_s04_t001.spt
あっち行って！,Go away!,romfs\story\spt\npc_f_3b_163_s01_t011.spt
きのう食べ過ぎたからヤバって――,I ate too much yesterday.,romfs\story\spt\npc_f_3b_163_s01_t011.spt
じゃん！　４５．６５キロ。,Jang!　45.65 kilos.,romfs\story\spt\npc_f_3b_163_s01_t011.spt
ぜんぜん増えてないよー。,It hasn't increased at all!,romfs\story\spt\npc_f_3b_163_s01_t011.spt
ちょっ！,Hey!,romfs\story\spt\npc_f_3b_163_s01_t011.spt
どれどれ、んーと…,"Let's see, let's see...",romfs\story\spt\npc_f_3b_163_s01_t011.spt
なによアンタ、いつからいたの！？,"What, you've been here for how long!",romfs\story\spt\npc_f_3b_163_s01_t011.spt
ひょっとして太ったかも！？,Maybe I've gained weight!,romfs\story\spt\npc_f_3b_163_s01_t011.spt
ほっ、よかったー。,"Ho, thank goodness!",romfs\story\spt\npc_f_3b_163_s01_t011.spt
むむっ、なんだか動きが重い気がする…,"Mmmm, I feel like it's moving too slow...",romfs\story\spt\npc_f_3b_163_s01_t011.spt
ラブリードッグ,lovely dog,romfs\story\spt\npc_f_3b_163_s01_t011.spt
男子は外！,Boys are outside!,romfs\story\spt\npc_f_3b_163_s01_t011.spt
にしても遅いなあ。,But it's too late.,romfs\story\spt\npc_f_3b_163_s03_t011.spt
交渉あんまりうまくいってないのかなー。,I wonder if the negotiations are not going very well.,romfs\story\spt\npc_f_3b_163_s03_t011.spt
新しく撮るＰＶの打ち合わせ中。,In the middle of a meeting for a new PV.,romfs\story\spt\npc_f_3b_163_s03_t011.spt
部長なら留守よ。,"If you're the director, he's not home.",romfs\story\spt\npc_f_3b_163_s03_t011.spt
…あ、もちろん優勝賞品のハナシじゃなくてー,"...Oh, of course, I'm not talking about the prize for winning...",romfs\story\spt\npc_f_3b_163_s04_t011.spt
メダリアだったらいいなあ。,I wish it was a medallia.,romfs\story\spt\npc_f_3b_163_s04_t011.spt
今年の賞品はなんだろ。,I wonder what the prize is this year.,romfs\story\spt\npc_f_3b_163_s04_t011.spt
参加賞よ参加賞！,"Participation prizes, participation prizes!",romfs\story\spt\npc_f_3b_163_s04_t011.spt
そんなにアセって帰ってきても,Even if you come home so achey.,romfs\story\spt\npc_f_3b_163_s06_t011.spt
だれもいなかったらイミないじゃん！,"If no one was there, there would be no immeasurable benefit!",romfs\story\spt\npc_f_3b_163_s06_t011.spt
って心配してたんだけど、そんなことなかった。,"I was worried about that, but it wasn't true.",romfs\story\spt\npc_f_3b_163_s06_t011.spt
夏休み？,Summer vacation?,romfs\story\spt\npc_f_3b_163_s06_t011.spt
帰るには帰ったけど、トンボ帰りね。,"I left to go home, but I left to go home.",romfs\story\spt\npc_f_3b_163_s06_t011.spt
文化祭が近いし、できるだけ踊って合わせてないと,"The festival is coming up, and I need to dance and match as much as possible.",romfs\story\spt\npc_f_3b_163_s06_t011.spt
気持ちはみんないっしょだねー。,The feeling is the same for everyone.,romfs\story\spt\npc_f_3b_163_s06_t011.spt
落ち着かなくってさあ。,I was restless.,romfs\story\spt\npc_f_3b_163_s06_t011.spt
あれはそうとう悩んでるね～。,That one is really struggling!,romfs\story\spt\npc_f_3b_163_s07_t001.spt
あ～、ラウリのやつ,"Ahhh, the Lauri one.",romfs\story\spt\npc_f_3b_163_s07_t001.spt
つくづく部長って大変だわ～。,It's really tough being a department head!,romfs\story\spt\npc_f_3b_163_s07_t001.spt
まあムリもないか…　意見まっぷたつだもん。,"Well, I guess it's understandable... They are on opposite sides of the fence.",romfs\story\spt\npc_f_3b_163_s07_t001.spt
との息もぴったりだし。,And he is in perfect sync with the,romfs\story\spt\npc_f_3b_163_s07_t010.spt
もったいないな～。,What a waste!,romfs\story\spt\npc_f_3b_163_s07_t010.spt
アレで性格がもう少し丸ければねえ。,If only he had a more rounded personality.,romfs\story\spt\npc_f_3b_163_s07_t010.spt
久々に見たけど、やっぱうまいわミオってば。,"It's been a while since I've seen him, but he's still good, Mio.",romfs\story\spt\npc_f_3b_163_s07_t010.spt
この島が元メダリア鉱山なのは知ってたけど,I knew this island was a former medallia mine.,romfs\story\spt\npc_f_3b_163_s08_t011.spt
そりゃわたしだって,"Well, that's because I'm...",romfs\story\spt\npc_f_3b_163_s08_t011.spt
なくなったんじゃなくて、見えなかっただけなのね。,"You didn't lose it, you just couldn't see it.",romfs\story\spt\npc_f_3b_163_s08_t011.spt
まだこんなに残ってるとは思ってもみなかったわ。,I didn't realize there was still so much left.,romfs\story\spt\npc_f_3b_163_s08_t011.spt
わたしたちの歌とダンスを映像にするの。,We will make a film of our songs and dances.,romfs\story\spt\npc_f_3b_meda_163_s03_t011.spt
ページビューじゃないよ。,It's not page views.,romfs\story\spt\npc_f_3b_meda_163_s03_t011.spt
ＰＶはプロモーションビデオのことだよ。,PV stands for promotional video.,romfs\story\spt\npc_f_3b_meda_163_s03_t011.spt
ロボトル用のセッティングって苦手。,I'm not a fan of setting up for robattle.,romfs\story\spt\npc_f_3b_meda_163_s04_t011.spt
重くて動きにくいんだもの。,They're heavy and hard to move.,romfs\story\spt\npc_f_3b_meda_163_s04_t011.spt
いいの。オシャレなメダロットは,It's ok. The fashionable medallions are,romfs\story\spt\npc_f_3b_meda_163_s06_t011.spt
え、見えない？,"Oh, you can't see it?",romfs\story\spt\npc_f_3b_meda_163_s06_t011.spt
ほら、このアームのカンセツ部の下に見えるところ。,"See, this is what you see under the canceted portion of the arm.",romfs\story\spt\npc_f_3b_meda_163_s06_t011.spt
夏だから。,It's summer.,romfs\story\spt\npc_f_3b_meda_163_s06_t011.spt
涼しい色のイジェクトリングにしてみたの。,I went with a cool colored ejector ring.,romfs\story\spt\npc_f_3b_meda_163_s06_t011.spt
見えないところにも手を抜かないものなのよ。,They don't cut corners in places you can't even see.,romfs\story\spt\npc_f_3b_meda_163_s06_t011.spt
だって、なにをセットしても似合っちゃうんだもの。,"Because no matter what you set, it will look good on you.",romfs\story\spt\npc_f_3b_meda_163_s07_t001.spt
文化祭用のパーツがまだ決まらなくて困っちゃう。,I'm still having trouble deciding on parts for the festival.,romfs\story\spt\npc_f_3b_meda_163_s07_t001.spt
トップシークレットなのー！,It's top secret!,romfs\story\spt\npc_f_3b_meda_163_s08_t011.spt
メダリアはロボトルだけじゃないよ。,Medallias aren't just for robattle.,romfs\story\spt\npc_f_3b_meda_163_s08_t011.spt
レシピはね。,The recipe is.,romfs\story\spt\npc_f_3b_meda_163_s08_t011.spt
工夫すれば、ダンスも歌もうまくなっちゃうんだよ。,"If you work at it, you can dance and sing well.",romfs\story\spt\npc_f_3b_meda_163_s08_t011.spt
え、あたし？　いいの！,"Oh, me?　It's okay!",romfs\story\spt\npc_f_3c_101_s05_t001.spt
とっくの昔にサトリの境地よ、あっはっは！,"I've been a satori long ago, haha!",romfs\story\spt\npc_f_3c_101_s05_t001.spt
人少ないねー、みんな寮で勉強かな？,Not many people...are they all studying in the dorms?,romfs\story\spt\npc_f_3c_101_s05_t001.spt
部室もガランとしちゃってるし…,The clubroom is deserted...,romfs\story\spt\npc_f_3c_101_s05_t001.spt
だけど明日試験だから、部室はどうかなあ…,"But I have an exam tomorrow, so I'm not sure about the club room...",romfs\story\spt\npc_f_3c_101_s05_t002.spt
だったらやっぱ文科系クラブじゃないの？,"If that's the case, isn't it a liberal arts club?",romfs\story\spt\npc_f_3c_101_s05_t002.spt
みんな寮にこもって勉強してるんじゃないかな。,I think everyone is holed up in the dorms studying.,romfs\story\spt\npc_f_3c_101_s05_t002.spt
ネットとプログラムにくわしい人？,Someone who knows the Internet and the program?,romfs\story\spt\npc_f_3c_101_s05_t002.spt
あっ、聞いたことある！,"Oh, I've heard of it!",romfs\story\spt\npc_f_3c_101_s05_t003.spt
う～ん！！,Hmmm!,romfs\story\spt\npc_f_3c_101_s05_t003.spt
どこでだっけ、う～んと、う～ん…っ。,"Where was it, ummmm....",romfs\story\spt\npc_f_3c_101_s05_t003.spt
ど～しても思い出せない！,I can't remember how!,romfs\story\spt\npc_f_3c_101_s05_t003.spt
ぷはっ！　ダメ！,Pfft!　No good!,romfs\story\spt\npc_f_3c_101_s05_t003.spt
聞いたことあるんだけどなあ！,I've heard of it!,romfs\story\spt\npc_f_3c_101_s05_t003.spt
うちの学校はどの運動部も、入学前から活躍してた,All of our school's athletic teams were active before we even started.,romfs\story\spt\npc_f_3c_130_s01_t011.spt
きみのメダロットは、見たとこ万能タイプかな。,I think your medallion is a versatile type from what I've seen.,romfs\story\spt\npc_f_3c_130_s01_t011.spt
エリート連中ばかりだからさ。,Because they are all elites.,romfs\story\spt\npc_f_3c_130_s01_t011.spt
キビしいこと言っちゃうけど…,I'm going to say something harsh...,romfs\story\spt\npc_f_3c_130_s01_t011.spt
メダロットも、その種目に特化したカスタマイズが,"Medalots, too, are customized specifically for their discipline.",romfs\story\spt\npc_f_3c_130_s01_t011.spt
今から運動部はキビしいかもね。,It might be tough for the athletic department now.,romfs\story\spt\npc_f_3c_130_s01_t011.spt
入部かあ、う～ん…,"Joining the club, hmmm...",romfs\story\spt\npc_f_3c_130_s01_t011.spt
前提だし――,It's a premise.,romfs\story\spt\npc_f_3c_130_s01_t011.spt
少なくとも、経験者のカスタマイズじゃないよねー。,At least it's not the customization of an experienced person - right?,romfs\story\spt\npc_f_3c_130_s01_t011.spt
未経験者がついて来られる運動部はないと思う。,I don't think there is an athletic department where an inexperienced person can keep up.,romfs\story\spt\npc_f_3c_130_s01_t011.spt
今から入部するなら文化部のがいいんじゃないかな。,"If you're going to join a club now, it's probably better to join a cultural club.",romfs\story\spt\npc_f_3c_130_s01_t012.spt
部室棟に行ってみたら？,Why don't you go to the club building?,romfs\story\spt\npc_f_3c_130_s01_t012.spt
え、アイドル部の１年生…？,"What, the first year of the idol club...?",romfs\story\spt\npc_f_3c_130_s02_t011.spt
ごめ～ん、文化部のコはちょっとわかんないや。,"Sorry, I'm not sure about the girls in the culture club.",romfs\story\spt\npc_f_3c_130_s02_t011.spt
なに、だれか探してんの？,"What, are you looking for someone?",romfs\story\spt\npc_f_3c_130_s02_t011.spt
少なくとも、ここには来てないと思うけど。,"At least, I don't think they're here.",romfs\story\spt\npc_f_3c_130_s02_t011.spt
うんうん、今年の１年は,"Yeah, yeah, yeah, this whole year.",romfs\story\spt\npc_f_3c_130_s03_t011.spt
これなら新人戦も期待できるかな？,Can we expect this to be the newcomer's game?,romfs\story\spt\npc_f_3c_130_s03_t011.spt
男女パートナー共にガッツがあって実にいいね。,"Both male and female partners have guts, which is really nice.",romfs\story\spt\npc_f_3c_130_s03_t011.spt
お祭りだもん！,It's a festival!,romfs\story\spt\npc_f_3c_130_s07_t011.spt
だけど、しかたないわね,But I can't help it.,romfs\story\spt\npc_f_3c_130_s07_t011.spt
コンサート会場になっちゃうから,It would be a concert venue.,romfs\story\spt\npc_f_3c_130_s07_t011.spt
文化祭期間中の練習はお休みね。,No practice during the festival.,romfs\story\spt\npc_f_3c_130_s07_t011.spt
シャーフー,sha-fu,romfs\story\spt\npc_f_3c_meda_000_s00_t001.spt
よい子はマスターのマネしちゃダメだぞ。,Good children should not imitate the master.,romfs\story\spt\npc_f_3c_meda_101_s05_t001.spt
オレもアンテナが高いよ！,I have a high antenna too!,romfs\story\spt\npc_f_3c_meda_130_s01_t011.spt
サワヒメはバスケ部のキャプテンなんだぜ！,Sawahime is the captain of the basketball team!,romfs\story\spt\npc_f_3c_meda_130_s01_t011.spt
そのまま国際レスキューに入隊するの。,I'm going straight into International Rescue.,romfs\story\spt\npc_f_3d_165_s01_t011.spt
わたし卒業したら、上の学校には行かずに,"After I graduate, I'm not going to a higher school.",romfs\story\spt\npc_f_3d_165_s01_t011.spt
困ってる人たちを助けたいからね。,I want to help people in need.,romfs\story\spt\npc_f_3d_165_s01_t011.spt
少しでも早く実際の災害現場に入って,Get into the actual disaster site as soon as possible.,romfs\story\spt\npc_f_3d_165_s01_t011.spt
わたしは３年だけど未知のエリアがまだまだあるの。,I've been here for three years and there are still many unknown areas.,romfs\story\spt\npc_f_3d_165_s06_t011.spt
卒業までには、せめて白地図を埋めたいわね。,I hope to at least fill in the blank map by the time I graduate.,romfs\story\spt\npc_f_3d_165_s06_t011.spt
実際に歩いてみると、かなり大きな島よね。,It's a pretty big island when you actually walk around it.,romfs\story\spt\npc_f_3d_165_s06_t011.spt
校外はもうだいぶ回ってみた？,Have you tried going around outside the school much yet?,romfs\story\spt\npc_f_3d_165_s06_t011.spt
あの足で野外訓練に行っちゃったわ。,I went to field training on that leg.,romfs\story\spt\npc_f_3d_165_s06_t021.spt
うち燃費が悪いから、細かく節約してかないとねー。,"We are not very fuel-efficient, so we have to save money in every detail.",romfs\story\spt\npc_f_3d_165_s06_t021.spt
さっきはお疲れさま！,Thanks for your help earlier!,romfs\story\spt\npc_f_3d_165_s06_t021.spt
わたしは備品の管理中。,I am in charge of the equipment.,romfs\story\spt\npc_f_3d_165_s06_t021.spt
ん？　…あら、あなたたち。,"Hmm?　...Oh, my goodness, you guys.",romfs\story\spt\npc_f_3d_165_s06_t021.spt
部長たちなら留守よ。,The directors aren't home.,romfs\story\spt\npc_f_3d_165_s06_t021.spt
え、文化祭？　参加しないのかって？,"What, a cultural festival?　Don't you want to participate?",romfs\story\spt\npc_f_3d_165_s07_t011.spt
これからしばらく山ごもりなの。,I'm going to stay in the mountains for a while.,romfs\story\spt\npc_f_3d_165_s07_t011.spt
それ以上聞かないで！　よけい悲しくなるから…,Don't ask me any more questions!　It makes me even sadder...,romfs\story\spt\npc_f_3d_165_s07_t011.spt
部長たちはもう野営地に行ってるはずよ。,The chiefs should be at the encampment by now.,romfs\story\spt\npc_f_3d_165_s07_t011.spt
この季節のキャンプは気持ちいいわね。,It's nice to camp this time of year.,romfs\story\spt\npc_f_3d_320_s08_t011.spt
ん～、なんだかんだいっても,Hmmm... I don't know what it is.,romfs\story\spt\npc_f_3d_320_s08_t011.spt
空気がおいし～！,The air is delicious~!,romfs\story\spt\npc_f_3d_320_s08_t011.spt
フロートスピナー,float spinner,romfs\story\spt\npc_f_3d_meda_000_s00_t001.spt
レスキューのときは、せまくて足元の悪いことが,"When I was in rescue, I had to do a lot of narrow and foothold things.",romfs\story\spt\npc_f_3d_meda_165_s01_t011.spt
多いから、浮遊タイプが有利なのよ。,"There are a lot of them, so the floating type has an advantage.",romfs\story\spt\npc_f_3d_meda_165_s01_t011.spt
山道はせまくて足元の悪いことが多いから,Mountain roads are often narrow and poorly traversed.,romfs\story\spt\npc_f_3d_meda_320_s08_t011.spt
浮遊タイプが有利なのよ。,Floating types have the advantage.,romfs\story\spt\npc_f_3d_meda_320_s08_t011.spt
今はいいです,It's good now.,romfs\story\spt\npc_f_3e.spt
聞きたいです,I'd like to hear it.,romfs\story\spt\npc_f_3e.spt
でもまた襲ってくるかもしれないから,But I don't know if they'll attack me again.,romfs\story\spt\npc_f_3e_150_s11_t011.spt
ふう、やれやれ,"Phew, good grief.",romfs\story\spt\npc_f_3e_150_s11_t011.spt
やっといなくなってくれた。,They were finally gone.,romfs\story\spt\npc_f_3e_150_s11_t011.spt
見張ってないとなー。,I'll have to keep an eye on it.,romfs\story\spt\npc_f_3e_150_s11_t011.spt
うちの部は合わないかもなあ。,Maybe our club doesn't fit in.,romfs\story\spt\npc_f_3e_164_s01_t001.spt
きみのメダロットは。,Your medallion.,romfs\story\spt\npc_f_3e_164_s01_t001.spt
そうとう勉強苦手らしいね,I hear you're not very good at studying.,romfs\story\spt\npc_f_3e_164_s01_t001.spt
残念だけど…,Unfortunately...,romfs\story\spt\npc_f_3e_164_s01_t001.spt
え、なんの装置かだって？,What kind of device is it?,romfs\story\spt\npc_f_3e_164_s02_t011.spt
それはナイショさ、完成してのお楽しみ～。,"That's a secret, you'll have to wait and see when it's finished.",romfs\story\spt\npc_f_3e_164_s02_t011.spt
まだ未完成なんだ。,It's still a work in progress.,romfs\story\spt\npc_f_3e_164_s02_t011.spt
やあ、メダ研にようこそ！,"Hi, welcome to the Meda Institute!",romfs\story\spt\npc_f_3e_164_s02_t011.spt
ホワイトボートの横にある機械に触っちゃダメだよ。,Don't touch the machine next to the white boat.,romfs\story\spt\npc_f_3e_164_s02_t011.spt
うれしいよ来てくれて。,I'm glad you're here.,romfs\story\spt\npc_f_3e_164_s04_t011.spt
うんうん、わかってる。,"Yeah, yeah, yeah, I know.",romfs\story\spt\npc_f_3e_164_s04_t011.spt
わたしたちはフォローに徹するからさ。,We'll follow up on it.,romfs\story\spt\npc_f_3e_164_s04_t011.spt
卒業までもう会えないかと思ったよー、あはははは。,I thought I wouldn't see you again until graduation...hahaha.,romfs\story\spt\npc_f_3e_164_s04_t011.spt
おっと、きみたち！,"Oops, boys!",romfs\story\spt\npc_f_3e_164_s06_t011.spt
お願いして籍を置いてもらってただけだからね。,I just asked them to put me on the registry.,romfs\story\spt\npc_f_3e_164_s06_t011.spt
なにか聞きたい？　なんでも――,You want to ask me something?　Anything.,romfs\story\spt\npc_f_3e_164_s06_t011.spt
ははは冗談だよ。,Haha just kidding.,romfs\story\spt\npc_f_3e_164_s06_t011.spt
マインちゃんは、うちの正式な部員じゃない。,Mine is not an official member of our club.,romfs\story\spt\npc_f_3e_164_s06_t011.spt
マインちゃんを誘拐した探検部じゃないかー。,Isn't that the exploration club that kidnapped Mine-chan?,romfs\story\spt\npc_f_3e_164_s06_t011.spt
本人の希望ならしかたないよ。,"If that's what he wants, then so be it.",romfs\story\spt\npc_f_3e_164_s06_t011.spt
残念だけどさ。,It's a shame.,romfs\story\spt\npc_f_3e_164_s06_t011.spt
誘拐だなんて人聞きの悪い…,"Kidnapping, that's not a very nice thing to say...",romfs\story\spt\npc_f_3e_164_s06_t011.spt
なにもないけど、ゆっくりしてってよ。,"Nothing much, but take your time.",romfs\story\spt\npc_f_3e_164_s06_t021.spt
あ、ところで…　メダリア合成機はもう試してみた？,"Oh, by the way... have you tried the medallia synthesizer yet?",romfs\story\spt\npc_f_3e_164_s06_t022.spt
どんな発見か聞きたい？,Would you like to hear what they found?,romfs\story\spt\npc_f_3e_164_s06_t022.spt
マインちゃんがついに完成させたあの装置だよ。,It's that device that Mine-chan finally perfected.,romfs\story\spt\npc_f_3e_164_s06_t022.spt
実はこの間ちょっとおもしろい発見をしたんだ。,"Actually, I made a rather interesting discovery the other day.",romfs\story\spt\npc_f_3e_164_s06_t022.spt
あれ、そうなの？,"Oh, really?",romfs\story\spt\npc_f_3e_164_s06_t023.spt
だれかに話したかったのに残念だなあ。,Too bad I wanted to talk to someone.,romfs\story\spt\npc_f_3e_164_s06_t023.spt
待ってるからね～。,I'll be waiting for you!,romfs\story\spt\npc_f_3e_164_s06_t023.spt
聞きたかったら、いつでも言ってね。,"If you want to ask, just let me know anytime.",romfs\story\spt\npc_f_3e_164_s06_t023.spt
あは、あはははははは。,Ha-ha-ha-ha.,romfs\story\spt\npc_f_3e_164_s06_t024.spt
わたしみたいにね。,Just like me.,romfs\story\spt\npc_f_3e_164_s06_t024.spt
ヒサンなことになっちゃうから気をつけよう。,"Be careful, because it will be a hissing thing.",romfs\story\spt\npc_f_3e_164_s06_t024.spt
メダリアの性質をほぼ受け継ぐんだよ。,It takes on almost all the properties of the medallia.,romfs\story\spt\npc_f_3e_164_s06_t024.spt
合成してできるメダリアの性質は、ベースにした,The properties of the medalia that can be synthesized are based,romfs\story\spt\npc_f_3e_164_s06_t024.spt
残したいメダリアをうっかり合成する側で使うと,If you inadvertently use the medallion you want to keep on the side of synthesizing,romfs\story\spt\npc_f_3e_164_s06_t024.spt
色とか形とか、スキルとかね。,"Colors, shapes, skills, and so on.",romfs\story\spt\npc_f_3e_164_s06_t024.spt
うまく利用すればお得だよ。,It's a great deal if you use it well.,romfs\story\spt\npc_f_3e_164_s06_t025.spt
合成するメダリアの性質が似ているものが多いほど,"The more similar the properties of the medallias to be synthesized, the more",romfs\story\spt\npc_f_3e_164_s06_t025.spt
強いメダリアが生まれるんだよ。,It's going to produce strong medallions.,romfs\story\spt\npc_f_3e_164_s06_t025.spt
色が同じだったり、形やスキルが同じだったりね。,"They could be the same color, the same shape, or the same skill.",romfs\story\spt\npc_f_3e_164_s06_t025.spt
あはははは。,Ha ha ha.,romfs\story\spt\npc_f_3e_164_s06_t026.spt
たとえば――,For example--,romfs\story\spt\npc_f_3e_164_s06_t026.spt
だけど逆のパターンもあり得るんだ。,But the opposite pattern is also possible.,romfs\story\spt\npc_f_3e_164_s06_t026.spt
もしも余ってるなら試す価値アリだね。,"If you have some left over, it's worth a try.",romfs\story\spt\npc_f_3e_164_s06_t026.spt
わたしにはそんな余裕とてもないけどね。,"I can't afford it, though.",romfs\story\spt\npc_f_3e_164_s06_t026.spt
ベースから性質が変化したメダリアが,"The medallias, whose nature has changed from the base",romfs\story\spt\npc_f_3e_164_s06_t026.spt
ベースにするメダリアと、色や形状やスキルがちがう,"Different colors, shapes, and skills from the medallions that make up the base.",romfs\story\spt\npc_f_3e_164_s06_t026.spt
強いメダリアが生まれるのは、もう知ってるよね？,"You already know that strong medallions are born, right?",romfs\story\spt\npc_f_3e_164_s06_t026.spt
生まれたりするんだよ。,They can be born.,romfs\story\spt\npc_f_3e_164_s06_t026.spt
貴重なメダリアをつぎ込むにはちょっと冒険だけど,It's a bit of an adventure to put precious medallions into it.,romfs\story\spt\npc_f_3e_164_s06_t026.spt
５つのメダリアを合成すると,When the five medallias are synthesized,romfs\story\spt\npc_f_3e_164_s06_t026.spt
サイショウグンシ,Rangoon creeper (Quisqualis indica),romfs\story\spt\npc_f_3e_meda_000_s00_t001.spt
ヤミクモに攻撃してるだけじゃ勝てないぞ。,You can't win just by attacking the Yamikumo.,romfs\story\spt\npc_f_3e_meda_164_s01_t011.spt
ロボトルもいまや情報戦の時代。,robattle is now in the age of information warfare.,romfs\story\spt\npc_f_3e_meda_164_s01_t011.spt
情報だけでも勝てないんだけどね。,I can't win on information alone.,romfs\story\spt\npc_f_3e_meda_164_s01_t011.spt
うれしいけど、びっくりしたよー。,"I'm happy, but I was surprised!",romfs\story\spt\npc_f_3e_meda_164_s06_t011.spt
ここじゃいつだってボコボコなのにね。,It's always a bumpy ride here.,romfs\story\spt\npc_f_3e_meda_164_s06_t011.spt
そしたら優勝しちゃったんだ！,And then I won!,romfs\story\spt\npc_f_3e_meda_164_s06_t011.spt
久しぶりにマスターと故郷に帰ってたから,I hadn't been back home with the Master in a while.,romfs\story\spt\npc_f_3e_meda_164_s06_t011.spt
地元のロボトル大会にも出てみたんだ。,I also went to a local robattle competition.,romfs\story\spt\npc_f_3e_meda_164_s06_t011.spt
いちおう忠告しとくわ。,Just a word of advice.,romfs\story\spt\npc_f_3e2_150_s01_t011.spt
この先、道がまーっすぐ続いてるけど…,"The road continues straight ahead, but...",romfs\story\spt\npc_f_3e2_150_s01_t011.spt
いや～んわたし寮にいなかったの見たかったな～！,I wish I could have seen it when I was not in the dormitory!,romfs\story\spt\npc_f_3e2_150_s03_t011.spt
ほらここ、ムダに広いし部屋の間取りも同じだし。,"See, here, it's unnecessarily large and the room layout is the same.",romfs\story\spt\npc_f_3e2_150_s03_t011.spt
ま、今回はなにもヒガイはなかったみたいだけど。,"Well, it seems that this time there were no problems.",romfs\story\spt\npc_f_3e2_150_s03_t011.spt
わたしも前うっかり男子寮に入っちゃって,I also accidentally ended up in a boys' dormitory before.,romfs\story\spt\npc_f_3e2_150_s03_t011.spt
トイレ入ったら知らない男子がいて超あせったもん！,"When I entered the restroom, I was super upset because I didn't know any boys!",romfs\story\spt\npc_f_3e2_150_s03_t011.spt
ノンキねえ。,"Nonchalant, huh?",romfs\story\spt\npc_f_3e2_150_s03_t011.spt
フツーその前に気づきそうなもんだけど。,I'm sure they would have noticed it before that.,romfs\story\spt\npc_f_3e2_150_s03_t011.spt
侵入者のこと聞いた？,Did you hear about the intruder?,romfs\story\spt\npc_f_3e2_150_s03_t011.spt
男子寮とまちがえただけじゃないですか？,I think you just mistook it for a men's dormitory.,romfs\story\spt\npc_f_3e2_150_s03_t011.spt
聞いた聞いた！　男子ですよね？,"I heard, I heard!　Boys, right?",romfs\story\spt\npc_f_3e2_150_s03_t011.spt
いろいろ話すわよ。,I'll tell you all about it.,romfs\story\spt\npc_f_3e2_150_s06_t011.spt
え、それじゃセンパイって,"Oh, so you're a sempai then.",romfs\story\spt\npc_f_3e2_150_s06_t011.spt
ええ～、いいなあ。,"Ehhhh, I like it.",romfs\story\spt\npc_f_3e2_150_s06_t011.spt
なによりＭＥＤＡ学院の初代生徒会長！,"Above all, he was the first student body president of MEDA Academy!",romfs\story\spt\npc_f_3e2_150_s06_t011.spt
りりしくって、かっこよくて…,"He's so cool, so handsome...",romfs\story\spt\npc_f_3e2_150_s06_t011.spt
わたしのあこがれ、スズネさん！,"My longing, Suzune-san!",romfs\story\spt\npc_f_3e2_150_s06_t011.spt
クラスメイトだもん。,We're classmates.,romfs\story\spt\npc_f_3e2_150_s06_t011.spt
スズネさんとお知り合いなんですか？,Are you acquainted with Suzune?,romfs\story\spt\npc_f_3e2_150_s06_t011.spt
ステキぃ～！,Lovely!,romfs\story\spt\npc_f_3e2_150_s06_t011.spt
えっ、そうなんですかぁ？,"Oh, really?",romfs\story\spt\npc_f_3e2_150_s06_t021.spt
その後をついで生徒会長に就任したのがスズネ。,Suzune succeeded him as student body president.,romfs\story\spt\npc_f_3e2_150_s06_t021.spt
そりゃまたなんで？,Why is that again?,romfs\story\spt\npc_f_3e2_150_s06_t021.spt
それ、ヘンじゃないですか？,Isn't that weird?,romfs\story\spt\npc_f_3e2_150_s06_t021.spt
ふうん…。,Hmmm...,romfs\story\spt\npc_f_3e2_150_s06_t021.spt
へえ！,Heh!,romfs\story\spt\npc_f_3e2_150_s06_t021.spt
ま、いろいろあったんでしょうね。,"Well, I guess a lot has happened.",romfs\story\spt\npc_f_3e2_150_s06_t021.spt
ん～、生徒会の内情は知らないけど…,Hmmm... I don't know the ins and outs of the student council...,romfs\story\spt\npc_f_3e2_150_s06_t021.spt
ウチのガッコって創設３年目ですよね？,"Our gakko is in its third year of existence, right?",romfs\story\spt\npc_f_3e2_150_s06_t021.spt
スズネが初代生徒会長？,Suzne was the first student body president?,romfs\story\spt\npc_f_3e2_150_s06_t021.spt
初代は別の男子よ。,The first generation is different boys.,romfs\story\spt\npc_f_3e2_150_s06_t021.spt
卒業生なんていないんですけど。,I don't have any alumni.,romfs\story\spt\npc_f_3e2_150_s06_t021.spt
継ぐって、どういうことですか…？,"What do you mean by ""take over""...?",romfs\story\spt\npc_f_3e2_150_s06_t021.spt
辞退しちゃったのよ、彼。,"He turned it down, he did.",romfs\story\spt\npc_f_3e2_150_s06_t021.spt
違うわ。,"No, it's not.",romfs\story\spt\npc_f_3e2_150_s06_t021.spt
１年もたたずにね。,In less than a year.,romfs\story\spt\npc_f_3e2_150_s06_t021.spt
スズネがりりしくてかっこいい？,Suzune is sleek and cool?,romfs\story\spt\npc_f_3e2_150_s06_t031.spt
知らなきゃそう見えるかもね…,"If I didn't know any better, it might look that way...",romfs\story\spt\npc_f_3e2_150_s06_t031.spt
…って、ずっとチューコクしてきたのに,I've been chukking it up for a long time.,romfs\story\spt\npc_f_3e2_meda_150_s03_t011.spt
だれかがしまっちゃったのかナ？,Did someone put it away?,romfs\story\spt\npc_f_3e2_meda_150_s03_t011.spt
アブナいから,for no reason at all,romfs\story\spt\npc_f_3e2_meda_150_s03_t011.spt
ゴミ箱チョットなくなっちゃったネ。,The trash can is gone.,romfs\story\spt\npc_f_3e2_meda_150_s03_t011.spt
まちがえました。,I made a mistake.,romfs\story\spt\npc_f_3f.spt
本気です！,I'm serious!,romfs\story\spt\npc_f_3f.spt
これは映画じゃないの。アイドル部のＰＶなの。,This is not a movie. It's a music video for the idol club.,romfs\story\spt\npc_f_3f_160_s03_t011.spt
そうね、絵的には確かにいいけど…,"Yes, it's definitely picturesque, but...",romfs\story\spt\npc_f_3f_160_s03_t011.spt
なんども言うけどサッカラくん…,"I've said it many times, Mr. Sakkara...",romfs\story\spt\npc_f_3f_160_s03_t011.spt
もう少し考えてくれないかなあ。,I wonder if you could give it some more thought.,romfs\story\spt\npc_f_3f_160_s03_t011.spt
悪いんだけどさ。,I'm sorry.,romfs\story\spt\npc_f_3f_160_s03_t011.spt
顔が見えなくなる時間が長すぎでしょコレ。,"You've been out of sight of faces for too long, right, Kore?",romfs\story\spt\npc_f_3f_160_s03_t011.spt
え、部の見学…？,"What, visiting the club...?",romfs\story\spt\npc_f_3f_163_s01_t011.spt
ここアイドル部なんだけど…？,This is an idol club...?,romfs\story\spt\npc_f_3f_163_s01_t011.spt
本気？,Are you serious?,romfs\story\spt\npc_f_3f_163_s01_t011.spt
うち男子部員とってないんだ。,We don't take male members.,romfs\story\spt\npc_f_3f_163_s01_t021.spt
どっちみち無理だったわ。,I couldn't have done it either way.,romfs\story\spt\npc_f_3f_163_s01_t021.spt
男性アイドルの育成ノウハウもないしね…,And we don't have the know-how to train male idols...,romfs\story\spt\npc_f_3f_163_s01_t021.spt
聞いといてごめん。,Sorry for asking.,romfs\story\spt\npc_f_3f_163_s01_t021.spt
だったら、そろそろ出てくれないかな。,"If so, it's time for you to get out.",romfs\story\spt\npc_f_3f_163_s01_t031.spt
着替えたいんだけど。,I need to change my clothes.,romfs\story\spt\npc_f_3f_163_s01_t031.spt
あたしの気のせいかな…？,Am I imagining things...?,romfs\story\spt\npc_f_3f_163_s02_t001.spt
あれ、きみ前にもここに来なかった？,"Hey, haven't you been here before?",romfs\story\spt\npc_f_3f_163_s02_t001.spt
え、アオイ？　ウチの部員よ。,"Eh, Aoi?　He's a member of our club.",romfs\story\spt\npc_f_3f_163_s02_t001.spt
今そこで踊ってるコがそうよ。,That's the girl dancing there right now.,romfs\story\spt\npc_f_3f_163_s02_t001.spt
期待の新人だよ！,He's a promising newcomer!,romfs\story\spt\npc_f_3f_163_s02_t001.spt
あんたはマジメすぎるとこあるからさー。,You're too serious at times.,romfs\story\spt\npc_f_3f_163_s02_t002.spt
ぜったいムリしちゃダメだからね？,"Don't be too hard on yourself, okay?",romfs\story\spt\npc_f_3f_163_s02_t002.spt
そうは言っても心配だわ。,"That said, I'm worried.",romfs\story\spt\npc_f_3f_163_s02_t002.spt
約束よ。,Promise.,romfs\story\spt\npc_f_3f_163_s02_t002.spt
ううん、なんでもない。,"Nah, it's nothing.",romfs\story\spt\npc_f_3f_163_s02_t003.spt
うまくはいかなかったみたい。結局――,It didn't seem to work out. After all--,romfs\story\spt\npc_f_3f_163_s02_t003.spt
どっちが悪いわけでもないわ。,It's not either one's fault.,romfs\story\spt\npc_f_3f_163_s02_t003.spt
ま、人が増えればどうしてもいろいろと、ね。,"Well, as the number of people increases, there are inevitably many things to do, you know.",romfs\story\spt\npc_f_3f_163_s02_t003.spt
アオイとミオの関係…　そうねー。,Aoi and Mio's relationship... yes.,romfs\story\spt\npc_f_3f_163_s02_t003.spt
アオイも気を使ってアレコレ話しかけてたけど,Aoi was also very attentive and talked to him about all kinds of things.,romfs\story\spt\npc_f_3f_163_s02_t003.spt
ミオはああいう性格だから,Mio has that kind of personality.,romfs\story\spt\npc_f_3f_163_s02_t003.spt
仲が良かった、とは言いがたいかな。,"We were close, I guess it's hard to say.",romfs\story\spt\npc_f_3f_163_s02_t003.spt
部にもあまり馴染めなくてね。,I didn't really fit in at the club either.,romfs\story\spt\npc_f_3f_163_s02_t003.spt
大会？　もちろん出場するよ。,Competitions?　Of course I'll compete.,romfs\story\spt\npc_f_3f_163_s04_t011.spt
日ごろのチームワークをためすチャンスだもんね！,It's a chance to test our daily teamwork!,romfs\story\spt\npc_f_3f_163_s04_t011.spt
うん、みんなカタチになってきたね！,"Yes, they are all taking shape!",romfs\story\spt\npc_f_3f_163_s06_t011.spt
これならギリで間に合いそうかな？,Do you think this will make it just in time?,romfs\story\spt\npc_f_3f_163_s06_t011.spt
そりゃキアイだって入るわよ。,"That's right, even kiai will be in there.",romfs\story\spt\npc_f_3f_163_s06_t011.spt
文化祭のプログラムのことよ。,I'm talking about the program for the festival.,romfs\story\spt\npc_f_3f_163_s06_t011.spt
生で観てもらえる、年いちばんのお祭りだもん！,It's the best festival of the year to see them live!,romfs\story\spt\npc_f_3f_163_s06_t011.spt
あいかわらずだねー、あの子。,You haven't changed - that girl.,romfs\story\spt\npc_f_3f_163_s07_t010.spt
でも今は小事より大事よ。,But right now it's more important than the little things.,romfs\story\spt\npc_f_3f_163_s07_t010.spt
少しぐらいガマンしなきゃ…,I've got to hold back a little bit...,romfs\story\spt\npc_f_3f_163_s07_t010.spt
文化祭を成功させるためには,To make the Cultural Festival a success,romfs\story\spt\npc_f_3f_163_s07_t010.spt
ゴールドフィン,goldfin,romfs\story\spt\npc_f_3f_meda_000_s00_t001.spt
うちはメダロットも男子禁制だよ？,"We have a no boys allowed medallion, too, you know?",romfs\story\spt\npc_f_3f_meda_163_s01_t011.spt
早く出てったほうがいいよ？,"You better get out of here, okay?",romfs\story\spt\npc_f_3f_meda_163_s01_t011.spt
このごろ練習がハードになってきたね。,Practice is getting harder these days.,romfs\story\spt\npc_f_3f_meda_163_s06_t011.spt
ちゃんとメンテナンスしなくちゃね。,I have to maintain it properly.,romfs\story\spt\npc_f_3f_meda_163_s06_t011.spt
ナヤミがあるならわたし相談にのるよ？,"If you have nayami, I'm here to help you.",romfs\story\spt\npc_f_3f_meda_163_s07_t001.spt
マスターだいじょうぶ？,"Master, are you okay?",romfs\story\spt\npc_f_3f_meda_163_s07_t001.spt
ガマンはよくないんだよ？,"Gumption is not good, okay?",romfs\story\spt\npc_f_3f_meda_163_s07_t010.spt
メダロットもガマンばっかすると病気になるんだよ？,"Medarotto gets sick too if he's all gung-ho, you know?",romfs\story\spt\npc_f_3f_meda_163_s07_t010.spt
あら,rough,romfs\story\spt\npc_g_f1a.spt
こんなところで珍しいわねー。,That's so unusual for a place like this!,romfs\story\spt\npc_g_f1a.spt
はやく走りたいニャ。,I want to run as soon as possible.,romfs\story\spt\npc_g_f1a_meda.spt
キューケイはたいくつニャ。,Kyu-Kei is a tired old woman.,romfs\story\spt\npc_g_f1a_meda.spt
ふう、最近スピード落ちた気がする…,"Phew, I feel like I've slowed down lately...",romfs\story\spt\npc_g_f1d2.spt
スランプかもー。,Maybe I'm in a slump.,romfs\story\spt\npc_g_f1d2.spt
そんなときはセッティング変えて気分転換するの。,"When that happens, I change the setting and change my mind.",romfs\story\spt\npc_g_f1d2_meda.spt
メダロットにもスランプはあるよ。,"Medalots have slumps, too.",romfs\story\spt\npc_g_f1d2_meda.spt
うちって、グラウンド広すぎると思わない？,Don't you think our house is too big a ground?,romfs\story\spt\npc_g_f2d2.spt
自転車ほしいわー。,I want a bicycle!,romfs\story\spt\npc_g_f2d2.spt
今日はどんな練習するのかな。,What kind of practice are we going to do today?,romfs\story\spt\npc_g_f2d2_meda.spt
試合だといいなー。,I hope it's a match.,romfs\story\spt\npc_g_f2d2_meda.spt
これならいつ引退しても大丈夫ね。,This way I can retire whenever I want.,romfs\story\spt\npc_g_f3a2.spt
なんて、ちょっと気が早いかな？,"How, a little fastidious, don't you think?",romfs\story\spt\npc_g_f3a2.spt
今年の1年はいい子が多くてうれしいわ。,Glad to see so many good kids this past year.,romfs\story\spt\npc_g_f3a2.spt
やっぱりメンテナンスは大事だね。,"After all, maintenance is important.",romfs\story\spt\npc_g_f3a2_meda.spt
今日は調子がいいみたい。,He seems to be in good shape today.,romfs\story\spt\npc_g_f3a2_meda.spt
こう見えてもセンターフォワードさ。,"I may look like this, but I'm a center forward.",romfs\story\spt\npc_g_m1d2.spt
ロボトルもね！,"Lobottle, too!",romfs\story\spt\npc_g_m1d2.spt
運動神経にはちょっと自信あるよ。,I'm a little confident in my athleticism.,romfs\story\spt\npc_g_m1d2.spt
バロンキャッスル,Baron Castle,romfs\story\spt\npc_g_m1d2_meda.spt
今日は調子いいなー。,I'm feeling good today.,romfs\story\spt\npc_g_m1d2_meda.spt
そろそろキューケイ終わりか。,It's time to end the cue-cay.,romfs\story\spt\npc_g_m2d.spt
どうすっかな…,I don't know what to do...,romfs\story\spt\npc_g_m2d.spt
きみもいっしょにサッカーする？,Do you want to play soccer with us?,romfs\story\spt\npc_g_m2d_meda.spt
それともロボトルのほうがいい？,Or would you prefer a robo bottle?,romfs\story\spt\npc_g_m2d_meda.spt
ヘルフェニックス,Hell Phoenix,romfs\story\spt\npc_g_m2d_meda.spt
いやいや、それは学院の理念に反するな。,"No, no, no, that's against the philosophy of the institute.",romfs\story\spt\npc_g_sena.spt
しかし、ううむ…,But ummm...,romfs\story\spt\npc_g_sena.spt
やはりロボトルは制限したほうが――,I still think it's better to limit the amount of robotol--,romfs\story\spt\npc_g_sena.spt
最近どうも生徒たちのやる気が感じられん。,I can't seem to motivate my students these days.,romfs\story\spt\npc_g_sena.spt
…て、もう知ってるかな？,"...and you already know that, don't you?",romfs\story\spt\npc_g_sena_meda.spt
するならマスターにＹボタンで話しかけてね。,"If you do, talk to the master with the Y button.",romfs\story\spt\npc_g_sena_meda.spt
ベルゼルガ,berselga (member of a genus of Brazilian sausages),romfs\story\spt\npc_g_sena_meda.spt
ロボトルする？,Do you want to robattle?,romfs\story\spt\npc_g_sena_meda.spt
どきどき…,Pounding...,romfs\story\spt\npc_ｆ_3f_132_meda_s07_t011.spt
もうすぐここがお客さんでいっぱいになるのね！,Soon this place will be full of customers!,romfs\story\spt\npc_ｆ_3f_132_meda_s07_t011.spt
おー、見える見える。,"Oh, I can see it.",romfs\story\spt\npc_ｆ_3f_132_s07_t011.spt
最後列でもぜんぜんいけるじゃない、よかったー！,"Even the last row was fine, thank goodness!",romfs\story\spt\npc_ｆ_3f_132_s07_t011.spt
もうすぐここがお客さんでいっぱいになるのね。,Soon this place will be full of customers.,romfs\story\spt\npc_ｆ_3f_meda_132_s07_t011.spt
アオイに接触１回目,1st contact with Aoi.,romfs\story\spt\npc_idol.spt
コンサート会場・アオイと会話,Conversation with Aoi at the concert venue,romfs\story\spt\npc_idol.spt
メダと共有,Share with Meda,romfs\story\spt\npc_idol.spt
仮,temporary,romfs\story\spt\npc_idol.spt
え、部活の見学を？,"Oh, you want to observe club activities?",romfs\story\spt\npc_idol_150_s01_t011.spt
がんばってくださいね。,Good luck!,romfs\story\spt\npc_idol_150_s01_t011.spt
この道をまっすぐ下に抜けるのが近いですよ。,It's closer to the street straight through down the street.,romfs\story\spt\npc_idol_150_s01_t011.spt
それなら部室棟に行ってみてはどうでしょうか。,Then why not go to the club building?,romfs\story\spt\npc_idol_150_s01_t011.spt
わたしになにかご用ですか？,Can I help you?,romfs\story\spt\npc_idol_150_s01_t011.spt
今から部活を探すんですか？,Are you looking for club activities now?,romfs\story\spt\npc_idol_150_s01_t011.spt
気づかなくて、ごめんなさい。,I'm sorry I didn't notice.,romfs\story\spt\npc_idol_150_s01_t011.spt
部室棟はこことは校舎をはさんで反対側の建物です。,The club building is on the opposite side of the school building.,romfs\story\spt\npc_idol_150_s01_t011.spt
…あ、とがめてるわけじゃないんです。,"...Oh, I'm not trying to be critical of you.",romfs\story\spt\npc_idol_153_s02_t001.spt
きっと、ただではすまなかったと思うんです。,I am sure it would not have been a free-for-all.,romfs\story\spt\npc_idol_153_s02_t001.spt
ここ女子寮なんですけど。,This is a women's dormitory.,romfs\story\spt\npc_idol_153_s02_t001.spt
それより、あの…,"More importantly, you know...",romfs\story\spt\npc_idol_153_s02_t001.spt
ただ運が良かったなと思って。,I just thought I was lucky.,romfs\story\spt\npc_idol_153_s02_t001.spt
だれにも見つからなかったんですか？,No one found it?,romfs\story\spt\npc_idol_153_s02_t001.spt
にどと来ちゃダメですよ？,"Don't come with a second thought, okay?",romfs\story\spt\npc_idol_153_s02_t001.spt
よくここまで来られましたね。,I am amazed that you have made it this far.,romfs\story\spt\npc_idol_153_s02_t001.spt
寮母さんに会っていたら,I would have met the matron.,romfs\story\spt\npc_idol_153_s02_t001.spt
話せることは、なにもありません。,There is nothing to talk about.,romfs\story\spt\npc_idol_153_s02_t001.spt
あ、探検部の方ですね。,"Oh, you are from the Exploration Department, aren't you?",romfs\story\spt\npc_idol_163_s03_t011.spt
いえ、やっぱりなんでもないです。,"No, it's still nothing.",romfs\story\spt\npc_idol_163_s03_t011.spt
それで、あの…,"So, um...",romfs\story\spt\npc_idol_163_s03_t011.spt
に会えたんですね。,So you were able to meet the,romfs\story\spt\npc_idol_163_s03_t011.spt
フローラから聞きました。,Flora told me about it.,romfs\story\spt\npc_idol_163_s03_t011.spt
ミオ、無事,"Mio, safe.",romfs\story\spt\npc_idol_163_s03_t011.spt
ミオどうしてますか？,"Mio, how are you doing?",romfs\story\spt\npc_idol_163_s03_t011.spt
元気にやってるのなら、よかったです。,I'm glad to hear you are doing well.,romfs\story\spt\npc_idol_163_s03_t011.spt
探検部に入ったそうですけど――,I heard you joined the exploration club--,romfs\story\spt\npc_idol_163_s03_t011.spt
あ、あんまり見ないでくれますか？,"Oh, will you look at it too much?",romfs\story\spt\npc_idol_163_s06_t011.spt
あ、探検部のみなさんですね。,"Ah, you are all from the Exploration Department, aren't you?",romfs\story\spt\npc_idol_163_s06_t011.spt
かわいらしさがほしいから、もうちょっと、こう…,"I want it to be cute, a little more like this...",romfs\story\spt\npc_idol_163_s06_t011.spt
こうかい？,You like this?,romfs\story\spt\npc_idol_163_s06_t011.spt
で、パッ！,"And, poof!",romfs\story\spt\npc_idol_163_s06_t011.spt
はずかしいので…　すみません！,It's embarrassing... I'm sorry!,romfs\story\spt\npc_idol_163_s06_t011.spt
また途中で、だから、その,"Also on the way, so, you know, the",romfs\story\spt\npc_idol_163_s06_t011.spt
んー、ちょっとヒジが開きすぎかも。,"Hmmm, maybe my elbows are a little too open.",romfs\story\spt\npc_idol_163_s06_t011.spt
タン、タン、タタン…,"Tan, Tan, Tatan...",romfs\story\spt\npc_idol_163_s06_t011.spt
今、新曲の振り付けを考えているところなんです。,I am currently working on choreography for a new song.,romfs\story\spt\npc_idol_163_s06_t011.spt
ミオのこと、ごめんなさい。,Sorry about Mio.,romfs\story\spt\npc_idol_163_s07_t010.spt
忙しい時期なのに、わたしたちのせいで…,"It's a busy time of year, and we're the ones to blame...",romfs\story\spt\npc_idol_163_s07_t010.spt
うちの部もごらんの通りです。,Our department is also as you can see.,romfs\story\spt\npc_idol_163_s08_t011.spt
すごい人気ですね、メダリア探知アプリ。,This is a very popular medallion detection app.,romfs\story\spt\npc_idol_163_s08_t011.spt
みんな喜んでましたけど。,"Everyone was happy, though.",romfs\story\spt\npc_idol_163_s08_t011.spt
わたしたち？　ダンスの練習中です。,We?　We are practicing dance.,romfs\story\spt\npc_idol_163_s08_t011.spt
今はなによりも踊ることが楽しくて、…えへへ。,I enjoy dancing more than anything else right now...ehehe.,romfs\story\spt\npc_idol_163_s08_t011.spt
大きなイベントの後だからいい息抜きだって,He said it was a nice break after the big event.,romfs\story\spt\npc_idol_163_s08_t011.spt
アオイと共有,Shared with Aoi,romfs\story\spt\npc_idol_meda.spt
アオイ不在,mallow absence,romfs\story\spt\npc_idol_meda.spt
夏休み終わってるか,Summer vacation is over?,romfs\story\spt\npc_idol_meda.spt
故障中の脚部パーツをマインに見てもらうイベント,Event to have Mine look at leg parts that are malfunctioning.,romfs\story\spt\npc_idol_meda.spt
これでもちょっとはマシになったんですよ。,This is still a little better.,romfs\story\spt\npc_idol_meda_132_s07_t011.spt
小さいころからアオイはあがり症でねえ。,Aoi has had stage fright since she was a child.,romfs\story\spt\npc_idol_meda_132_s07_t011.spt
あたしたちとちがってニンゲンは,"Unlike us, ningen",romfs\story\spt\npc_idol_meda_153_s02_t001.spt
あらまあ、飛び降りるんですか？,"Oh my goodness, are you going to jump?",romfs\story\spt\npc_idol_meda_153_s02_t001.spt
パーツの替えが効きませんからねえ。,Parts are not interchangeable.,romfs\story\spt\npc_idol_meda_153_s02_t001.spt
気をつけてくださいよ。,Be careful.,romfs\story\spt\npc_idol_meda_153_s02_t001.spt
うまくいってないのかね。,"It's not going well, is it?",romfs\story\spt\npc_idol_meda_163_s01_t011.spt
すぐ戻るって言ってたわりには遅いねえ。,"You're late, even though you said you'd be right back.",romfs\story\spt\npc_idol_meda_163_s01_t011.spt
わたしもいっしょに行けばよかったかねえ…,Maybe I should have gone with him...,romfs\story\spt\npc_idol_meda_163_s01_t011.spt
おや、こんにちは。,"Oh, hello.",romfs\story\spt\npc_idol_meda_163_s02_t011.spt
男の子のお客さんなんて珍しいですねえ。,It's rare to have a boy customer.,romfs\story\spt\npc_idol_meda_163_s02_t011.spt
あたしは,I am,romfs\story\spt\npc_idol_meda_163_s03_t011.spt
いつ仲良くしてるかですって？,"When do we get along, you ask?",romfs\story\spt\npc_idol_meda_163_s03_t011.spt
うふふ、それはメダロットだけのヒミツですよ。,Ummm...that's a secret only for Medarotto.,romfs\story\spt\npc_idol_meda_163_s03_t011.spt
と仲良しですよ。,I'm good friends with them.,romfs\story\spt\npc_idol_meda_163_s03_t011.spt
彼女、女の子らしくてかわいいんです。,She is so girly and cute.,romfs\story\spt\npc_idol_meda_163_s03_t011.spt
わかっちゃいるけど、さみしいですねえ。,"I know, I know, but I will miss them.",romfs\story\spt\npc_idol_meda_163_s07_t021.spt
寿命ですか。,Lifespan.,romfs\story\spt\npc_idol_meda_163_s07_t021.spt
あら、みなさん。,"Oh, hey, everyone.",romfs\story\spt\npc_idol_meda_163_s08_t011.spt
いただいた脚部パーツは絶好調ですよ。,The leg parts you gave us are in great shape.,romfs\story\spt\npc_idol_meda_163_s08_t011.spt
ええ。,Yes.,romfs\story\spt\npc_idol_meda_163_s08_t011.spt
一晩中だって踊り続けられますよ。,You can dance all night long.,romfs\story\spt\npc_idol_meda_163_s08_t011.spt
あんた、こんな時間になにしとるんだね。,What are you doing here at this hour?,romfs\story\spt\npc_janit_150_s01_t011.spt
この学校は、なにしろ広いから,"This school is, after all, very large.",romfs\story\spt\npc_janit_150_s01_t011.spt
だったらほれほれ、急がなきゃ。,"Then come on, come on. We'd better hurry.",romfs\story\spt\npc_janit_150_s01_t011.spt
なに、転入生…？,"What, a transfer student...?",romfs\story\spt\npc_janit_150_s01_t011.spt
マイゴにならんよう気をつけなさいよ。,Be careful not to get lost.,romfs\story\spt\npc_janit_150_s01_t011.spt
向かって左だからね。,It's on the left as you face it.,romfs\story\spt\npc_janit_150_s01_t011.spt
教室はこの先まっすぐ進んで左だよ。,The classroom is straight ahead and to the left.,romfs\story\spt\npc_janit_150_s01_t011.spt
ここは学校用の荷を積んだ定期船が着く港だよ。,This is the port where liner boats with cargo for the school arrive.,romfs\story\spt\npc_janit_500_s03_t011.spt
だが、施設はこの通りリッパなもんさ。,But the facilities are just as good as they can be.,romfs\story\spt\npc_janit_500_s03_t011.spt
ふだんはこのとおりカンサンとしとるがね。,"Usually, they are as you see here.",romfs\story\spt\npc_janit_500_s03_t011.spt
玉にキズだがの。,"It's a flaw, though.",romfs\story\spt\npc_janit_500_s03_t011.spt
砂浜を野良メダロットがウロチョロしてるのが,I've seen stray medallions wandering around the beach.,romfs\story\spt\npc_janit_500_s03_t011.spt
近くにはキレイなビーチもある。,There is also a beautiful beach nearby.,romfs\story\spt\npc_janit_500_s03_t011.spt
いったいナニモノなんだろうなあ。,I wonder what the hell it is.,romfs\story\spt\npc_janit_500_s07_t011.spt
ここ最近、当たり前のようにウロついとるが,I've been hanging around here lately as a matter of course.,romfs\story\spt\npc_janit_500_s07_t011.spt
しかしなんだろうね、あの連中,But what is it with those people?,romfs\story\spt\npc_janit_500_s07_t011.spt
どう見ても学校関係者…　には見えんなあ。,It doesn't look like a school official to me.,romfs\story\spt\npc_janit_500_s07_t011.spt
まっ黒けのテルテルボーズみたいなナリをして。,"He was wearing a black-and-white, tell-tale-boze look.",romfs\story\spt\npc_janit_500_s07_t011.spt
入港証もあるしモンクも言えんが,"I have a port of entry permit, and I can't even tell you what a monk is.",romfs\story\spt\npc_janit_500_s07_t011.spt
あんた学生さんか。,Are you a student?,romfs\story\spt\npc_janit_500_s09_t011.spt
あー、だったらひと足ちがいだよ。,"Oh, then you're a foot off the mark.",romfs\story\spt\npc_janit_500_s09_t011.spt
こんな朝早くにどうしたね？,What are you doing here so early in the morning?,romfs\story\spt\npc_janit_500_s09_t011.spt
さっき娘が届けに向かったところだ。,My daughter was just on her way to deliver it earlier.,romfs\story\spt\npc_janit_500_s09_t011.spt
なに、荷物を受け取りに？,"What, to pick up a package?",romfs\story\spt\npc_janit_500_s09_t011.spt
わざわざ来てくれたのに、すまんねえ。,I'm sorry you came all the way here.,romfs\story\spt\npc_janit_500_s09_t011.spt
今ごろ無事に届いていると思うよ。,I'm sure it has arrived safely by now.,romfs\story\spt\npc_janit_500_s09_t011.spt
ここ最近、当たり前のようにウロついとったが,I've been hanging around here lately as a matter of course.,romfs\story\spt\npc_janit_500_s09_t021.spt
どっからどう見ても学校関係者には見えんな。,It doesn't look like a school official from any angle.,romfs\story\spt\npc_janit_500_s09_t021.spt
今朝はまた、えらい人数だ。,"This morning, there were a lot of people again.",romfs\story\spt\npc_janit_500_s09_t021.spt
財閥のお偉いさん…　にも見えんしなあ。,He doesn't even look like a bigwig of a conglomerate.,romfs\story\spt\npc_janit_500_s09_t021.spt
セキゾー,Gloomeg,romfs\story\spt\npc_janit_meda_000_s00_t001.spt
午前中はおそうじの時間なの！,It's time to clean up in the morning!,romfs\story\spt\npc_janit_meda_150_s01_t011.spt
広いから大変なの！,"It's a big place, so it's hard work!",romfs\story\spt\npc_janit_meda_150_s01_t011.spt
いっつも走ってるから覚えちゃった。,I've learned it because I'm always running.,romfs\story\spt\npc_janit_meda_500_s03_t011.spt
きみよく寮の前で見かけるね。,I often see you in front of the dormitory.,romfs\story\spt\npc_janit_meda_500_s03_t011.spt
ぼくとマスターは,Me and Master,romfs\story\spt\npc_janit_meda_500_s03_t011.spt
毎朝、学校におソウジしに行ってるんだよ。,I go to school every morning to do my ossoji.,romfs\story\spt\npc_janit_meda_500_s03_t011.spt
あのヒトたちも運動会するの？,Do those people have a field day?,romfs\story\spt\npc_janit_meda_500_s09_t011.spt
すごいね、ヒトがいっぱい！,"Wow, so many humans!",romfs\story\spt\npc_janit_meda_500_s09_t011.spt
わたしが気づいてないとでも思っているのか…,Do you think I haven't noticed...,romfs\story\spt\npc_kaicho_102_s09_t011.spt
バカめ,Idiot.,romfs\story\spt\npc_kaicho_102_s09_t011.spt
くっ…！,Kuh...!,romfs\story\spt\npc_kaicho_113_s11_t011.spt
きみか特待生。,Kimika Special Student.,romfs\story\spt\npc_kaicho_131_s04_t001.spt
その呼びかた、そろそろやめてくださいよ～。,It's time to stop calling them that!,romfs\story\spt\npc_kaicho_131_s04_t001.spt
た、探検部です。,I am a member of the Exploration Department.,romfs\story\spt\npc_kaicho_131_s04_t001.spt
たんけ――,simple-mindedness--,romfs\story\spt\npc_kaicho_131_s04_t001.spt
なにもないなら話しかけるな。,"If you have nothing to say, don't talk to them.",romfs\story\spt\npc_kaicho_131_s04_t001.spt
わたしは忙しい。,I am busy.,romfs\story\spt\npc_kaicho_131_s04_t001.spt
所属部は？,What department do you belong to?,romfs\story\spt\npc_kaicho_131_s04_t001.spt
用は？,What do you want?,romfs\story\spt\npc_kaicho_131_s04_t001.spt
お弁当どうする？　いつ食べるぅ？,What are you going to do with your lunch?　When are we going to eat?,romfs\story\spt\npc_kaicho_meda_102_s09_t011.spt
ねえねえスズネちゃん。,"Hey, hey, Suzune.",romfs\story\spt\npc_kaicho_meda_102_s09_t011.spt
なにも考える必要はない。,There is no need to think about anything.,romfs\story\spt\npc_kocho_108_s11_t011.spt
まずは校内に侵入してくる野良メダロットを倒せ。,"First, defeat the stray medallions that invade the school.",romfs\story\spt\npc_kocho_108_s11_t011.spt
ヤツ自身が動くほかはないからな…,He has no choice but to move himself...,romfs\story\spt\npc_kocho_108_s11_t011.spt
倒し続けていれば、きっと動く…,Keep knocking them down and they'll move...,romfs\story\spt\npc_kocho_108_s11_t011.spt
効率よくエサが手に入らねば,We must be able to get feed efficiently.,romfs\story\spt\npc_kocho_108_s11_t011.spt
………ん？,......... hmm?,romfs\story\spt\npc_kyoto_116_s06_t011.spt
きっといろいろ届いてると思ったらビンゴだった。,I was sure I had received a lot of things and bingo.,romfs\story\spt\npc_kyoto_116_s06_t011.spt
くんだね。,I'm sure you're right.,romfs\story\spt\npc_kyoto_116_s06_t011.spt
こんにちは。毎日暑いねー。,Hello. It's hot every day!,romfs\story\spt\npc_kyoto_116_s06_t011.spt
たくさんあって目移りしちゃって…,"There are so many, it's hard to choose...",romfs\story\spt\npc_kyoto_116_s06_t011.spt
だれか決めてくれればいいのになあ、う～ん…,I wish someone would decide...hmmm...,romfs\story\spt\npc_kyoto_116_s06_t011.spt
でも困ってるんだ。,But I'm in trouble.,romfs\story\spt\npc_kyoto_116_s06_t011.spt
どれを買おうかなあ、う～ん…,"Which one should I buy, hmmm...",romfs\story\spt\npc_kyoto_116_s06_t011.spt
ぼく？　買い物さ。昨日船が着いてたから,Me?　I'm shopping. The boat arrived yesterday.,romfs\story\spt\npc_kyoto_116_s06_t011.spt
やあきみ――　,"Hey, you--",romfs\story\spt\npc_kyoto_116_s06_t011.spt
カーネリアン,carnelian,romfs\story\spt\npc_kyoto_meda_000_s00_t001.spt
こんなんじゃもっとエラくなれないぞ。,You can't get more elite like this.,romfs\story\spt\npc_kyoto_meda_116_s06_t011.spt
ならなくてもいいけどね。,"It doesn't have to be, though.",romfs\story\spt\npc_kyoto_meda_116_s06_t011.spt
マスターのユージューフダンは,The Master's Eugene Hudan is a,romfs\story\spt\npc_kyoto_meda_116_s06_t011.spt
教頭先生になっても治らないなー。,I'm not going to get better as a vice principal.,romfs\story\spt\npc_kyoto_meda_116_s06_t011.spt
よう。,Yo.,romfs\story\spt\npc_m_1a_000_s00_t001.spt
お前も１年？,You've been here a year?,romfs\story\spt\npc_m_1a_000_s01_t011.spt
しばらくは寂しくてしょうがなかったよ。,I missed you for a while.,romfs\story\spt\npc_m_1a_000_s01_t011.spt
だれ連れていこうか、スゲー悩んだんだ。,I had a hard time deciding who to take with me.,romfs\story\spt\npc_m_1a_000_s01_t011.spt
なあ、ここ来る前ってメダル何枚持ってた？,"Hey, how many medals did you have before you came here?",romfs\story\spt\npc_m_1a_000_s01_t011.spt
なんで１枚しかダメなんだろう。,Why only one piece is allowed?,romfs\story\spt\npc_m_1a_000_s01_t011.spt
みんなと仲良かったから、ここ入るって決まったとき,"I got along well with everyone, so when I decided to join this place",romfs\story\spt\npc_m_1a_000_s01_t011.spt
オレ３枚。,Three Ore.,romfs\story\spt\npc_m_1a_000_s01_t011.spt
理由くらい教えてほしいよなー。,I wish they would at least tell me why.,romfs\story\spt\npc_m_1a_000_s01_t011.spt
結局コイツに決めたけど…,"I ended up choosing this guy, but...",romfs\story\spt\npc_m_1a_000_s01_t011.spt
それでセンパイと優勝しようって盛り上がってたら,And I was getting excited about winning with my senpai.,romfs\story\spt\npc_m_1a_000_s02_t011.spt
つか、だったらオレもやりてーんだけど。,"I'd like to do it, too, if that's the case.",romfs\story\spt\npc_m_1a_000_s02_t011.spt
もうじきクラブ対抗のロボトル大会があるだろ？,"You know there's going to be an interclub robattle tournament soon, right?",romfs\story\spt\npc_m_1a_000_s02_t011.spt
もう練習始まってるんだけど。,I've already started practicing.,romfs\story\spt\npc_m_1a_000_s02_t011.spt
スキー部の○○さんが部屋に入ってきて――,Mr. XXX from the ski club came into the room and--,romfs\story\spt\npc_m_1a_000_s02_t011.spt
予選だーとかいってさ。,"It's a qualifier,"" he said.",romfs\story\spt\npc_m_1a_000_s02_t011.spt
気づいたら、ふたりでロボトル始めちゃったんだ。,We started lobotling together when we found out.,romfs\story\spt\npc_m_1a_000_s02_t011.spt
スキー部のイチさんが部屋に入ってきて――,Ichi-san from the ski club came into the room--,romfs\story\spt\npc_m_1a_000_s03_t011.spt
え、同じクラスなの？,"Oh, you're in the same class?",romfs\story\spt\npc_m_1a_000_s06_t011.spt
お前サイカって女子知ってる？,Do you know a girl named Saika?,romfs\story\spt\npc_m_1a_000_s06_t011.spt
なに考えてるかわかんなくて、オレは苦手だな。,"I don't know what they are thinking, and I don't like them.",romfs\story\spt\npc_m_1a_000_s06_t011.spt
まだよくわからないんだけどさ…,I'm not sure yet...,romfs\story\spt\npc_m_1a_000_s06_t011.spt
まっ、確かにかわいいけどさ。,"Well, it's certainly cute, but...",romfs\story\spt\npc_m_1a_000_s06_t011.spt
ロボトルに夢中っていうか…,"I mean, I'm not crazy about the lobottle, but...",romfs\story\spt\npc_m_1a_000_s06_t011.spt
原因はあいつっぽいんだよな。,It's like he's the cause of the problem.,romfs\story\spt\npc_m_1a_000_s06_t011.spt
最近うちのセンパイたち、なんかヘンなんだよ。,There's something weird about our sempai lately.,romfs\story\spt\npc_m_1a_000_s06_t011.spt
練習に身が入らないっていうか,It's not that I don't feel like practicing.,romfs\story\spt\npc_m_1a_000_s06_t011.spt
…あ、そういや前に話したっけ？,"...Oh, well, did I tell you before?",romfs\story\spt\npc_m_1a_000_s07_t011.spt
いやあ、元に戻ってくれてよかったわ。,"Well, I'm glad you're back on track.",romfs\story\spt\npc_m_1a_000_s07_t011.spt
そろって落ちこんで、そろって立ち直ってたよ。,We were all down together and we were all up together.,romfs\story\spt\npc_m_1a_000_s07_t011.spt
ちょっぴりかわいそーだけどな。はははっ。,"It's a little bit cute, though. Hahaha.",romfs\story\spt\npc_m_1a_000_s07_t011.spt
ほらサイカとかいうモテモテ女子のこと。,"You know, the popular girls like Saika.",romfs\story\spt\npc_m_1a_000_s07_t011.spt
センパイたち、そろってフラれたっぽいぜ。,It looks like all the sempai have been dumped together.,romfs\story\spt\npc_m_1a_000_s07_t011.spt
文化祭かー。,"Cultural festival, huh?",romfs\story\spt\npc_m_1a_000_s07_t011.spt
オレらも来年こそは必ず…！,We will be there next year...!,romfs\story\spt\npc_m_1a_131_s04_t001.spt
リッパなリングだ…,Ripper ring...,romfs\story\spt\npc_m_1a_131_s04_t001.spt
Ｇ・Ｏ・デス,G.O. Death.,romfs\story\spt\npc_m_1a_meda_000_s00_t001.spt
ここは男子生徒のロッカールームだぞ。,This is the boys' locker room.,romfs\story\spt\npc_m_1a_meda_000_s01_t011.spt
メダロットはセーフだぞ！,Medalots are safe!,romfs\story\spt\npc_m_1a_meda_000_s01_t011.spt
女子は入っちゃいけないんだぞ！,Girls aren't allowed in there!,romfs\story\spt\npc_m_1a_meda_000_s01_t011.spt
運動部はみんなここで着替えるんだ。,All the athletic teams change here.,romfs\story\spt\npc_m_1a_meda_000_s01_t011.spt
お前は悪くねーよ相棒。,"It's not your fault, buddy.",romfs\story\spt\npc_m_1a_meda_000_s06_t011.spt
ばっか、オレの力もぜんぜん足りてねーし。,I'm not even strong enough.,romfs\story\spt\npc_m_1a_meda_000_s06_t011.spt
ボクの力が足りなかったんだー！,I didn't do enough!,romfs\story\spt\npc_m_1a_meda_000_s06_t011.spt
レギュラーだったら行けたと思うんだ。,I think I could have gone if I was a regular.,romfs\story\spt\npc_m_1a_meda_000_s06_t011.spt
ロボトルはやっても楽しいけど,"Lobottles are fun to do, though.",romfs\story\spt\npc_m_1a_meda_131_s04_t001.spt
見てても楽しいよな。ベンキョーにもなるしな。,"It's fun to watch, isn't it? And it's a good benkyo, too.",romfs\story\spt\npc_m_1a_meda_131_s04_t001.spt
さっそく部活見学かー？,You're going to visit the club activities right away?,romfs\story\spt\npc_m_1b_000_s01_t011.spt
よう転入生！,Hey transfer students!,romfs\story\spt\npc_m_1b_000_s01_t011.spt
オレ？　オレはマリンスポーツ部！,Me?　I'm in the marine sports club!,romfs\story\spt\npc_m_1b_000_s01_t011.spt
今日もこれから海でひと泳ぎだぜ！,I'm going for another swim in the ocean today!,romfs\story\spt\npc_m_1b_000_s01_t011.spt
でも、いっぺん入っちゃえば、ぜんぜん静かだよな。,"But once you're in, it's totally quiet.",romfs\story\spt\npc_m_1b_000_s02_t011.spt
オレさー、ここ受かったとき,When I got accepted here...,romfs\story\spt\npc_m_1b_000_s02_t011.spt
周りが大騒ぎしちゃって大変だったんだよ。,It was a big deal because everyone around me made a big deal out of it.,romfs\story\spt\npc_m_1b_000_s02_t011.spt
地元のテレビの取材まで来ちゃってさー。,Local TV even came to cover the event.,romfs\story\spt\npc_m_1b_000_s02_t011.spt
島の寮生活なんだから、当然っちゃ当然だけどさ。,"I mean, it's dormitory life on an island, so it's only natural.",romfs\story\spt\npc_m_1b_000_s02_t011.spt
母ちゃんとか、泣いて喜んでるし,"My mom, for example, is crying and happy.",romfs\story\spt\npc_m_1b_000_s02_t011.spt
あんがい大したことなかったな。,It wasn't much of a big deal.,romfs\story\spt\npc_m_1b_000_s03_t011.spt
え、なにがだって？,"Well, what's that?",romfs\story\spt\npc_m_1b_000_s03_t011.spt
お前はどう？,How about you?,romfs\story\spt\npc_m_1b_000_s03_t011.spt
しょっちゅうビデオ通話もかかってくるし,I get video calls all the time.,romfs\story\spt\npc_m_1b_000_s03_t011.spt
ぜんぜん遠くに離れてるって感じしないんだよな。,It doesn't feel like it's far away at all.,romfs\story\spt\npc_m_1b_000_s03_t011.spt
もうちょっとクるかと思ったけど,I thought it would be a little more kooky.,romfs\story\spt\npc_m_1b_000_s03_t011.spt
ホームシックだよホームシック。,"Homesick, homesick.",romfs\story\spt\npc_m_1b_000_s03_t011.spt
え、なんの話かだって？,"What's the story, you ask?",romfs\story\spt\npc_m_1b_000_s06_t011.spt
か…,I'm not sure if...,romfs\story\spt\npc_m_1b_000_s06_t011.spt
さっきのことは忘れてくれよな。,"Forget what I said earlier, right?",romfs\story\spt\npc_m_1b_000_s06_t011.spt
しょせんタカネの花ってやつさ。,It's all about the flowers of Takane.,romfs\story\spt\npc_m_1b_000_s06_t011.spt
またゲームやろうぜ。,Let's play the game again.,romfs\story\spt\npc_m_1b_000_s06_t011.spt
オレも忘れるから。,I'll forget about it too.,romfs\story\spt\npc_m_1b_000_s06_t011.spt
サンキュ、意外にいいヤツだなお前って。,"Sankyu, you're a surprisingly nice guy.",romfs\story\spt\npc_m_1b_000_s06_t011.spt
今晩どう？,How about tonight?,romfs\story\spt\npc_m_1b_000_s06_t011.spt
いよいよ文化祭だな。,It's finally time for the cultural festival.,romfs\story\spt\npc_m_1b_000_s07_t011.spt
なにに化けようか悩み中さ。,I'm wondering what I'm going to turn into.,romfs\story\spt\npc_m_1b_000_s07_t011.spt
オレも脅かし役やるんだ。,"I'm going to play the scarecrow, too.",romfs\story\spt\npc_m_1b_000_s07_t011.spt
オレんとこ？　お化け屋敷やるぞ！,My place?　We're going to have a haunted house!,romfs\story\spt\npc_m_1b_000_s07_t011.spt
去年もコレやっていちばん人気だったんだって。,They did this last year and it was the most popular.,romfs\story\spt\npc_m_1b_000_s07_t011.spt
こないだクジラ見た！,I saw a whale the other day!,romfs\story\spt\npc_m_1b_meda_000_s01_t011.spt
でっかかった！,It was huge!,romfs\story\spt\npc_m_1b_meda_000_s01_t011.spt
オレぜんぜんさみしくないぞ！,I'm not lonely at all!,romfs\story\spt\npc_m_1b_meda_000_s03_t011.spt
マスターがいるから平気さ！,I'll be fine with the master!,romfs\story\spt\npc_m_1b_meda_000_s03_t011.spt
あいつめちゃくちゃ強かった！,That guy was so strong!,romfs\story\spt\npc_m_1b_meda_000_s06_t011.spt
真の裏ボスだなきっと！,"A true backstage boss, I'm sure!",romfs\story\spt\npc_m_1b_meda_000_s06_t011.spt
あいつらキョーボーだぞ！　気をつけろ！,They're Kyobo!　Watch out!,romfs\story\spt\npc_m_1b_meda_000_s07_t011.spt
こないだイルカにかまれそうになった！,The other day I was almost bitten by a dolphin!,romfs\story\spt\npc_m_1b_meda_000_s07_t011.spt
オーエンなんてつまらないぞ。,Owen is so boring.,romfs\story\spt\npc_m_1b_meda_117_s04_t011.spt
ロボトルいいなオレも出たいぞ。,"robattle sounds great, I wish I could be there.",romfs\story\spt\npc_m_1b_meda_117_s04_t011.spt
…え、イメージどおり？,"...What, just like you imagined?",romfs\story\spt\npc_m_1c_000_s01_t011.spt
こう見えてもぼく、園芸部なんだー。,"I may look like this, but I'm a member of the gardening club.",romfs\story\spt\npc_m_1c_000_s01_t011.spt
そうかもねー、あはは。,Maybe so - haha.,romfs\story\spt\npc_m_1c_000_s01_t011.spt
ぼくだよ、クラスメイトのシンタロウだよ。,"It's me, your classmate Shintaro.",romfs\story\spt\npc_m_1c_000_s01_t011.spt
やあ、,"Hi,",romfs\story\spt\npc_m_1c_000_s01_t011.spt
今？　花に水やってるんだ。,Now?　I'm watering the flowers.,romfs\story\spt\npc_m_1c_000_s01_t011.spt
ここは植物を育てるにはもってこいの気候だけど,We have a great climate here for growing plants.,romfs\story\spt\npc_m_1c_000_s03_t011.spt
たまにだったら嵐くらい来てくれてもいいんだけど。,"If it was once in a while, I wouldn't mind at least a storm coming in.",romfs\story\spt\npc_m_1c_000_s03_t011.spt
フキンシンかな？,Fooksin?,romfs\story\spt\npc_m_1c_000_s03_t011.spt
楽すぎて、ちょっと物足りないね。,It's just too easy.,romfs\story\spt\npc_m_1c_000_s03_t011.spt
毎日いい天気だねー。,It's a beautiful day every day!,romfs\story\spt\npc_m_1c_000_s03_t011.spt
え、ぼくらもだろって？,"What do you mean, ""We do too""?",romfs\story\spt\npc_m_1c_000_s06_t011.spt
それに…,And...,romfs\story\spt\npc_m_1c_000_s06_t011.spt
ぼくの夏休みはもう終わってるから、…はは。,My summer vacation is already over...haha.,romfs\story\spt\npc_m_1c_000_s06_t011.spt
まあね、植物に夏休みは関係ないからね。,"Well, you know, summer vacation has nothing to do with plants.",romfs\story\spt\npc_m_1c_000_s06_t011.spt
今、部活なの？　夏休みなのに熱心だね。,"Are you clubbing now?　It's summer vacation, and you're so enthusiastic.",romfs\story\spt\npc_m_1c_000_s06_t011.spt
いよいよ文化祭だね。,It's finally time for the cultural festival.,romfs\story\spt\npc_m_1c_000_s07_t011.spt
園芸部ではサンドイッチの屋台をやるんだ。,The gardening club is going to have a sandwich stall.,romfs\story\spt\npc_m_1c_000_s07_t011.spt
自家製野菜たっぷりでおいしいよ～。,It's delicious with lots of homemade vegetables!,romfs\story\spt\npc_m_1c_000_s07_t011.spt
うちの部も、もちろんみんな夢中で探してるよ。,"My department, of course, is looking for them, and everyone is crazy about them.",romfs\story\spt\npc_m_1c_000_s08_t011.spt
すごいねメダリア探知アプリ。,Great medallion detection app.,romfs\story\spt\npc_m_1c_000_s08_t011.spt
メダリアラッシュ到来だね！,The medallia rush is here!,romfs\story\spt\npc_m_1c_000_s08_t011.spt
力を実感して、ますます盛り上がってる感じだね。,It's like they're realizing their power and getting more and more excited about it.,romfs\story\spt\npc_m_1c_000_s08_t011.spt
文化祭からもう一週間かな？,Another week since the festival?,romfs\story\spt\npc_m_1c_000_s08_t011.spt
くん、今までどこにいたの？,"Kun, where have you been all this time?",romfs\story\spt\npc_m_1c_000_s10_t011.spt
体育祭はもうとっくに終わっちゃったよ！？,The gymnastic festival is long gone!,romfs\story\spt\npc_m_1c_000_s10_t011.spt
…え、ぜんぜん意外じゃない？,"...Eh, not at all surprising?",romfs\story\spt\npc_m_1c_101_s01_t011.spt
そうかもね、あははー。,"Maybe so, haha.",romfs\story\spt\npc_m_1c_101_s01_t011.spt
ぼくだよ、クラスメイトの＜男１年Ｃ＞だよ。,"It's me, your classmate, <Male, 1st year, C>.",romfs\story\spt\npc_m_1c_101_s01_t011.spt
どんなとこでも、ひとっ飛びさー♪,I'll fly anywhere...,romfs\story\spt\npc_m_1c_meda_000_s01_t011.spt
水やりはオイラの仕事さ♪,It's my job to water the plants,romfs\story\spt\npc_m_1c_meda_000_s01_t011.spt
つらいときも悲しいときもランララ～ン♪,"Run, run, run, run, run, run, run, run, run, run, run, run, run, run, run, run, run, run!",romfs\story\spt\npc_m_1c_meda_000_s06_t011.spt
日課なのさランララ～ン♪,It's part of the routine.,romfs\story\spt\npc_m_1c_meda_000_s08_t011.spt
どんなにつかれてたってランララ～ン♪,No matter how tired I am.,romfs\story\spt\npc_m_1c_meda_000_s10_t011.spt

これからヨットで沖まで航海に出るんだ。,We're about to sail offshore on a yacht.,romfs\story\spt\npc_m_1c2_500_s03_t011.spt
ぼくたちはマリンスポーツ部だよ。,We are the Marine Sports Club.,romfs\story\spt\npc_m_1c2_500_s03_t011.spt
センパイたち遅いなあ…,You guys are late...,romfs\story\spt\npc_m_1c2_500_s03_t011.spt
今はヨットの到着待ちさ。,Now we are waiting for the yacht to arrive.,romfs\story\spt\npc_m_1c2_500_s03_t011.spt
ワンストローク,one stroke,romfs\story\spt\npc_m_1c2_meda_000_s00_t001.spt
ニンゲンだって泳げるのにね。,Even ningen can swim.,romfs\story\spt\npc_m_1c2_meda_500_s03_t011.spt
ニンゲンはどうしてヨットが好きなのかな？,Why do ningen like yachts?,romfs\story\spt\npc_m_1c2_meda_500_s03_t011.spt
2女子寮へ,2 to the women's dormitory,romfs\story\spt\npc_m_1d.spt
う～ん、しばらくここにいるけど,"Hmmm, I'll be here for a while.",romfs\story\spt\npc_m_1d_116_s02_t011.spt
そわそわしてどうしたのお？,What's wrong with your fidgeting?,romfs\story\spt\npc_m_1d_116_s02_t011.spt
だれかと待ち合わせ？,Meeting up with someone?,romfs\story\spt\npc_m_1d_116_s02_t011.spt
なあ、ここに女の子来なかった？,"Hey, didn't a girl come in here?",romfs\story\spt\npc_m_1d_116_s02_t011.spt
ぼくだよ、クラスメイトのカメキチだよお。,"It's me, your classmate Kamekichi.",romfs\story\spt\npc_m_1d_116_s02_t011.spt
わかった、ありがとう。,"Okay, thanks.",romfs\story\spt\npc_m_1d_116_s02_t011.spt
アオイさんって言うんだけど。,My name is Aoi-san.,romfs\story\spt\npc_m_1d_116_s02_t011.spt
女の子のお客さんは来てない気がするよお。,I don't think there are any girl customers.,romfs\story\spt\npc_m_1d_116_s02_t011.spt
ここは釣り道具も扱っててうれしいね。,I'm glad they have fishing equipment here.,romfs\story\spt\npc_m_1d_116_s02_t021.spt
ぼく釣り部なんだあ。,I'm in the fishing club.,romfs\story\spt\npc_m_1d_116_s02_t021.spt
きみも釣りに来たのお？,"Did you come here to fish, too?",romfs\story\spt\npc_m_1d_500_s03_t011.spt
ぼくお魚大好きなんだあ。,I love fish.,romfs\story\spt\npc_m_1d_500_s03_t011.spt
もちろんおサシミも大好きさあ。,"Of course, I love sashimi, too.",romfs\story\spt\npc_m_1d_500_s03_t011.spt
煮ても焼いてもおいしいよねえ。,"It's delicious boiled or baked, isn't it?",romfs\story\spt\npc_m_1d_500_s03_t011.spt
釣りはいいよねえ。,"Fishing is great, isn't it?",romfs\story\spt\npc_m_1d_500_s03_t011.spt
いいメダリアを見つけるのは大変だよお。,It's hard to find a good medallion.,romfs\story\spt\npc_m_1d_500_s08_t011.spt
いくら簡単に手に入るって言っても,No matter how easy it is to get.,romfs\story\spt\npc_m_1d_500_s08_t011.spt
って、ちょっとね。,And that's a little bit.,romfs\story\spt\npc_m_1d_500_s08_t011.spt
でもがんばって集めないと,But we have to do our best to collect them.,romfs\story\spt\npc_m_1d_500_s08_t011.spt
ますますロボトルで勝てなくなっちゃう…,More and more I can't win at Robotl...,romfs\story\spt\npc_m_1d_500_s08_t011.spt
よけいなことしてくれちゃって探検部めー！,"You've done a lot of unnecessary work for us, you explorer!",romfs\story\spt\npc_m_1d_500_s08_t011.spt
強い野良メダが持ってたりするからねえ。,It's just that some strong wild medias have it.,romfs\story\spt\npc_m_1d_500_s08_t011.spt
思っちゃうよね。,You would think.,romfs\story\spt\npc_m_1d_500_s08_t011.spt
行くのが大変な場所に落ちてたり,They can fall in places that are hard to get to.,romfs\story\spt\npc_m_1d_500_s08_t011.spt
経験と感覚だけで魚と勝負するのがダイゴミさ。,Daigomi is to compete with fish only by experience and sense.,romfs\story\spt\npc_m_1d_meda_116_s02_t011.spt
釣りのときはパーツ能力を使わない主義なんだ。,I'm on the principle of not using my parts ability when fishing.,romfs\story\spt\npc_m_1d_meda_116_s02_t011.spt
マスターがんばってるな。,"You're doing a great job, Master.",romfs\story\spt\npc_m_1d_meda_117_s04_t011.spt
本気のオーラを感じるぞ。,I can feel your serious aura.,romfs\story\spt\npc_m_1d_meda_117_s04_t011.spt
おいこら１年、聞こえてんぞ。,"Hey, one year, I can hear you.",romfs\story\spt\npc_m_1d2_131_s04_t001.spt
ぼくはまだ１年だし出場できないけど,"I'm only a freshman, so I can't compete.",romfs\story\spt\npc_m_1d2_131_s04_t001.spt
ウチの負け確みてーに言うんじゃねえよ。,Don't talk to me like we're sure to lose.,romfs\story\spt\npc_m_1d2_131_s04_t001.spt
センパイたちの勇士を目に焼きつけておくんだ。,Keep the bravery of the sempai in your eyes.,romfs\story\spt\npc_m_1d2_131_s04_t001.spt
来年リベンジするためにね！,To get revenge next year!,romfs\story\spt\npc_m_1d2_131_s04_t001.spt
オレも試合してーな。,I wish I could play a game too.,romfs\story\spt\npc_m_1d2_meda_131_s04_t001.spt
見てるだけなんてタイクツなんだぜ。,It's a tight squeeze to just watch.,romfs\story\spt\npc_m_1d2_meda_131_s04_t001.spt
あちこち探検する部なんだよね、きっと！,"It's a club that explores all over the place, I'm sure!",romfs\story\spt\npc_m_1e_117_s02_t001.spt
き、気にすることないよ,Don't worry about it.,romfs\story\spt\npc_m_1e_117_s02_t001.spt
ところで探検部って、なにをする部なの？,"By the way, what does an exploration club do?",romfs\story\spt\npc_m_1e_117_s02_t001.spt
学校から外に出たこと、ほとんどないんだよね。,"I've rarely, if ever, been outside of school.",romfs\story\spt\npc_m_1e_117_s02_t001.spt
学校の外って、どうなってるのかな。,What's going on outside the school?,romfs\story\spt\npc_m_1e_117_s02_t001.spt
探検かあ…　よく考えたらぼく,"Exploring... on second thought, I...",romfs\story\spt\npc_m_1e_117_s02_t001.spt
探検っていうくらいだから…,It's called exploration...,romfs\story\spt\npc_m_1e_117_s02_t001.spt
行ったらいろいろ教えてね。,"If you go, tell me all about it.",romfs\story\spt\npc_m_1e_117_s02_t001.spt
か、かわいいなサイカさん…,"Oh, you're so cute, Saika...",romfs\story\spt\npc_m_1e_117_s04_t001.spt
まるでバニーハートみたい…,It's like a bunny heart...,romfs\story\spt\npc_m_1e_117_s04_t001.spt
みんなよく、ふつうに話しかけられるなあ。,How can people talk to each other normally?,romfs\story\spt\npc_m_1e_117_s04_t001.spt
ボクには無理、まぶしすぎる…,I can't. Too much glare...,romfs\story\spt\npc_m_1e_117_s04_t001.spt
まぶしすぎて見えない…,Too much glare to see...,romfs\story\spt\npc_m_1e_117_s04_t002.spt
…なんて、まだ入るって決めてないか。,"...Oh my gosh, you haven't decided to go in yet, have you?",romfs\story\spt\npc_m_1e_164_s01_t001.spt
うれしいよ！,I'm glad!,romfs\story\spt\npc_m_1e_164_s01_t001.spt
たぶんね。,Probably.,romfs\story\spt\npc_m_1e_164_s01_t001.spt
だけどさ、もしも気に入ったなら,"But hey, if you like it.",romfs\story\spt\npc_m_1e_164_s01_t001.spt
メダロット好きなら、なにも問題ないはずさ。,"If you like Medarotto, you should have no problem with it.",romfs\story\spt\npc_m_1e_164_s01_t001.spt
見学に来ただけか。あはは。,You just came for a visit? Ha-ha.,romfs\story\spt\npc_m_1e_164_s01_t001.spt
部長のところで入部テストを受けてみてよ。,You should take the admission test at the director's place.,romfs\story\spt\npc_m_1e_164_s01_t001.spt
１年はボクひとりなんで、さびしかったんだ～。,"I was alone for a year, so I was lonely.",romfs\story\spt\npc_m_1e_164_s01_t001.spt
残念だなあ…,Too bad...,romfs\story\spt\npc_m_1e_164_s01_t002.spt
聞いてた。,I was listening.,romfs\story\spt\npc_m_1e_164_s01_t002.spt
部活はどう？　もう馴れた？,How's club activities?　Have you gotten used to it?,romfs\story\spt\npc_m_1e_164_s02_t011.spt
あははははははははは！,Ha ha ha ha ha ha!,romfs\story\spt\npc_m_1e_164_s06_t011.spt
せいいっぱい思い出作らないとね！,We have to make memories as best we can!,romfs\story\spt\npc_m_1e_164_s06_t011.spt
つらいことも悲しいことも,The hardest and saddest things,romfs\story\spt\npc_m_1e_164_s06_t011.spt
マンキツしてるかい？,Are you mankissed?,romfs\story\spt\npc_m_1e_164_s06_t011.spt
学生生活はどう？,How is student life?,romfs\story\spt\npc_m_1e_164_s06_t011.spt
過ぎてしまえばステキな思い出になるさきっと！,It will be a beautiful memory once it passes!,romfs\story\spt\npc_m_1e_164_s06_t011.spt
青春はいちどきりだもんね！,"You only live once in your youth, right?",romfs\story\spt\npc_m_1e_164_s06_t011.spt
ぼく？　そうだなー。,Me?　I guess so.,romfs\story\spt\npc_m_1e_164_s07_t011.spt
ロボトルに弱いのは相変わらずだけどね。,"I'm still weak on the robottle, though.",romfs\story\spt\npc_m_1e_164_s07_t011.spt
前よりずっとメダロットに詳しくなったと思うよ。,I think I'm much more familiar with Medalot than I used to be.,romfs\story\spt\npc_m_1e_164_s07_t011.spt
忙しそうだね。,Sounds like you've been busy.,romfs\story\spt\npc_m_1e_164_s07_t011.spt
うちの部員たちも,"The members of our club, too.",romfs\story\spt\npc_m_1e_164_s08_t011.spt
え、ぼく？　おルス番さ。,Me?　I'm the housekeeper.,romfs\story\spt\npc_m_1e_164_s08_t011.spt
もちろんみんな夢中で探してるよ。,Of course people are looking for them like crazy.,romfs\story\spt\npc_m_1e_164_s08_t011.spt
野良メダロットになかなか勝てなくて…　はは。,It was hard to beat the wild medallions... haha.,romfs\story\spt\npc_m_1e_164_s08_t011.spt
たまには行ってみたいなー。,I'd like to go there once in a while.,romfs\story\spt\npc_m_1e_meda_117_s02_t001.spt
学校の外ってどうなってるのかな。,What's going on outside the school?,romfs\story\spt\npc_m_1e_meda_117_s02_t001.spt
おなか痛いか？,You got a tummy ache?,romfs\story\spt\npc_m_1e_meda_117_s04_t001.spt
マスターどうした？,"Master, what's wrong?",romfs\story\spt\npc_m_1e_meda_117_s04_t001.spt
あっ、こっちは『メダロマニア』！？,"Oh, this one is ""Medalomania""!",romfs\story\spt\npc_m_1e_meda_164_s01_t011.spt
こっ、これは、パーツカタログ０年度版！,This is the 0th edition of the Parts Catalog!,romfs\story\spt\npc_m_1e_meda_164_s01_t011.spt
すごい…　この資料棚はお宝のヤマだ！,Wow... this material cabinet is a treasure trove!,romfs\story\spt\npc_m_1e_meda_164_s01_t011.spt
メダロット博士マボロシの名著じゃないか！,"Dr. Medarotto Maborosi is a great writer, isn't he?",romfs\story\spt\npc_m_1e_meda_164_s01_t011.spt
回収騒ぎでほとんど出回らなかったという、あの――,The one that was almost never available due to the recall fiasco...,romfs\story\spt\npc_m_1e_meda_164_s01_t011.spt
早く読もうよマスター！,"Let's read it quickly, Master!",romfs\story\spt\npc_m_1e_meda_164_s01_t011.spt
…ムリかなー。,...I don't know if I can do it.,romfs\story\spt\npc_m_1e_meda_164_s02_t011.spt
このパーツかっこいいなあ。,This part is cool.,romfs\story\spt\npc_m_1e_meda_164_s02_t011.spt
ソニックブーム…　新型かあ。,"Sonic Boom... The new model, huh?",romfs\story\spt\npc_m_1e_meda_164_s02_t011.spt
マスターにお願いしたら買ってくれないかな？,"If I ask the master, will he buy it for me?",romfs\story\spt\npc_m_1e_meda_164_s02_t011.spt
どうしたんだろマスター。,"What's going on, Master?",romfs\story\spt\npc_m_1e_meda_164_s06_t011.spt
古いオイルでも飲んじゃったか？,Did you drink some old oil?,romfs\story\spt\npc_m_1e_meda_164_s06_t011.spt
メダロットはさ。,"You know, Medalot.",romfs\story\spt\npc_m_1e_meda_164_s07_t011.spt
ロボトルが弱くたっていいよね？,What if the robottle is weak?,romfs\story\spt\npc_m_1e_meda_164_s07_t011.spt
ロボトルだけじゃないよね？,"It's not just the robattle, is it?",romfs\story\spt\npc_m_1e_meda_164_s07_t011.spt
くそ、先輩はもう走りきったのか…,"Damn, seniority has run its course...",romfs\story\spt\npc_m_1f_130_s01_t011.spt
やっぱりレベルが高い…　さすがはＭＥＤＡ学…,The level is still very high... As expected from MEDA...,romfs\story\spt\npc_m_1f_130_s01_t011.spt
燃えてきた！,It's on fire!,romfs\story\spt\npc_m_1f_130_s01_t011.spt
うん、よし…　たいぶ息が安定してきた。,"Yeah, okay... my breathing has stabilized a bit.",romfs\story\spt\npc_m_1f_130_s03_t011.spt
ここからが本番だ！,This is where we come in!,romfs\story\spt\npc_m_1f_130_s03_t011.spt
ようやく練習についていけるようになったぞ…,I'm finally keeping up with your practice...,romfs\story\spt\npc_m_1f_130_s03_t011.spt
あ…　なんだ話しかけられてたのか。,"Ah... What, you were being talked to?",romfs\story\spt\npc_m_1f_130_s06_t011.spt
あるいはアブハチとらず、という言葉も――,"Or, as the saying goes, ""Don't take the bees with you.",romfs\story\spt\npc_m_1f_130_s06_t011.spt
でもオレ、最強のアタッカーになりたいんだよな…,But I want to be the best attacker...,romfs\story\spt\npc_m_1f_130_s06_t011.spt
ぼんやりしてて気づかなかったよ。,I was in a daze and didn't notice.,romfs\story\spt\npc_m_1f_130_s06_t011.spt
二兎を追う者は…　とも言うし…,"They say, ""He who runs after two hares...",romfs\story\spt\npc_m_1f_130_s06_t011.spt
俺も成長したなあ。わはは。,I've grown up too. Wahaha.,romfs\story\spt\npc_m_1f_130_s06_t011.spt
最強のメダロッターかあ…,The best medallotter or ah...,romfs\story\spt\npc_m_1f_130_s06_t011.spt
走りこみの最中にぼーっとできるなんて,I can't believe I can just spaced out in the middle of a run.,romfs\story\spt\npc_m_1f_130_s06_t011.spt
いくらお手軽屋台とはいっても,No matter how easy it is to find a stall.,romfs\story\spt\npc_m_1f_130_s07_t011.spt
そろそろ準備始めなくていいのかな…,Shouldn't we start getting ready soon...,romfs\story\spt\npc_m_1f_130_s07_t011.spt
やること多そうだけどな、買出しとか――,"Sounds like a lot of work, shopping and--",romfs\story\spt\npc_m_1f_130_s07_t011.spt
センパイたちノンビリしてるけど,The sempai are taking it easy.,romfs\story\spt\npc_m_1f_130_s07_t011.spt
だれも来ないな…,Nobody's coming...,romfs\story\spt\npc_m_1f_130_s08_t011.spt
まあこれだけ大勢で探し回ればそろそろ打ち止め――,"Well, if we're gonna be looking for this many people, we're gonna have to stop--",romfs\story\spt\npc_m_1f_130_s08_t011.spt
まだメダリアさがしてるのか…,Still looking for medallions...,romfs\story\spt\npc_m_1f_130_s08_t011.spt
１コ見つけたら戻るって言ってたのにな。,I said I'd be back when I found one co.,romfs\story\spt\npc_m_1f_130_s08_t011.spt
アタックティラノ,Attack Tyranno,romfs\story\spt\npc_m_1f_meda_000_s00_t001.spt
うおおおおおおおおお！,Woah woah woah!,romfs\story\spt\npc_m_1f_meda_130_s01_t011.spt
もう２年だけどな！,It's been two years already!,romfs\story\spt\npc_m_2a_000_s01_t011.spt
わはは！,Wa-ha-ha!,romfs\story\spt\npc_m_2a_000_s01_t011.spt
オレなんか、いまだに自分の部屋に戻れなくて,I still can't go back to my room.,romfs\story\spt\npc_m_2a_000_s01_t011.spt
マイゴになっちゃうからな。,I'll end up getting lost.,romfs\story\spt\npc_m_2a_000_s01_t011.spt
学校も広いけど,"The school is huge, but...",romfs\story\spt\npc_m_2a_000_s01_t011.spt
寮の部屋数もめちゃくちゃ多いよなー。,There are a crazy number of rooms in the dorms...,romfs\story\spt\npc_m_2a_000_s01_t011.spt
いくら試験前だからって部屋に閉じこもりっきりじゃ,"I don't care how many exams you have before, you can't just lock yourself up in your room.",romfs\story\spt\npc_m_2a_000_s05_t011.spt
ぷはあ！,Phew!,romfs\story\spt\npc_m_2a_000_s05_t011.spt
やっぱいいなあ、外の空気は！,It's nice to be outside!,romfs\story\spt\npc_m_2a_000_s05_t011.spt
カンセツがサビ付いちゃうぜ、なあ？,"You'll get rusty, hey?",romfs\story\spt\npc_m_2a_000_s05_t011.spt
ここんとこ毎日練習でヘトヘトだぜ。,I'm exhausted from practicing every day these days.,romfs\story\spt\npc_m_2a_000_s07_t011.spt
軽音部にとっちゃ文化祭は一大イベントだからな。,"For the light music club, the cultural festival is a big event.",romfs\story\spt\npc_m_2a_000_s07_t011.spt
ほしいメダリアはもう集まったし…,I've already gathered the medallions I want...,romfs\story\spt\npc_m_2a_000_s08_t011.spt
みんな島のあちこちに散らばってるのかね。,Are they all scattered all over the island?,romfs\story\spt\npc_m_2a_000_s08_t011.spt
オレはそろそろいいかな。,I think it's time for me to go.,romfs\story\spt\npc_m_2a_000_s08_t011.spt
ロボトルは大会のときだけでいいって。,He said that robottles are only good for competitions.,romfs\story\spt\npc_m_2a_000_s08_t011.spt
争奪戦は疲れるんだよな。,The struggle is exhausting.,romfs\story\spt\npc_m_2a_000_s08_t011.spt
人いねーな。,There ain't no people.,romfs\story\spt\npc_m_2a_000_s08_t011.spt
そしたらマイゴにならないのに。,Then they wouldn't get lost.,romfs\story\spt\npc_m_2a_meda_000_s01_t011.spt
レーダーサイトほしいな。,I'd like a Radar Sight.,romfs\story\spt\npc_m_2a_meda_000_s01_t011.spt
ワタシもサビはキライ。,I don't like rust either.,romfs\story\spt\npc_m_2a_meda_000_s05_t011.spt
毎日オイルでメンテナンスしてるよ。,I maintain it with oil every day.,romfs\story\spt\npc_m_2a_meda_000_s05_t011.spt
みんなが盛り上がってくれたらサイコーさ。,It would be great if everyone could get excited.,romfs\story\spt\npc_m_2a_meda_000_s07_t011.spt
練習もいいけど、やっぱり本番がいいね。,"Practice is good, but the real thing is better.",romfs\story\spt\npc_m_2a_meda_000_s07_t011.spt
島を冒険するのは楽しいけど危険もいっぱいだよね。,"Adventuring on the island is fun, but it's also full of danger.",romfs\story\spt\npc_m_2a_meda_000_s08_t011.spt
崖から落ちそうになったりとかね。,Or almost falling off a cliff.,romfs\story\spt\npc_m_2a_meda_000_s08_t011.spt
見学？,Visiting?,romfs\story\spt\npc_m_2a2_130_s01_t011.spt
夏だな。,Summer.,romfs\story\spt\npc_m_2a2_130_s06_t011.spt
文化祭か…,Cultural Festival or...,romfs\story\spt\npc_m_2a2_130_s07_t011.spt
ロールスター,rollstar,romfs\story\spt\npc_m_2a2_meda_000_s00_t001.spt
このカツカツカツッって音がいいよなっ！,I love the sound of this clack-clack-clack!,romfs\story\spt\npc_m_2a2_meda_130_s01_t011.spt
体育館の床ってツルツルしてて好きさ。,I like gymnasium floors because they are smooth.,romfs\story\spt\npc_m_2a2_meda_130_s01_t011.spt
だって、夏になると床がしめって,"Because in the summer, the floor gets all clammy.",romfs\story\spt\npc_m_2a2_meda_130_s06_t011.spt
オイラ夏はあんまり好きじゃないかも。,I don't think I like summer very much.,romfs\story\spt\npc_m_2a2_meda_130_s06_t011.spt
ツルツルじゃなくなるんだもん。,It's not going to be smooth.,romfs\story\spt\npc_m_2a2_meda_130_s06_t011.spt
うん、やっぱりコレさ！,"Yes, this is the one after all!",romfs\story\spt\npc_m_2a2_meda_130_s07_t011.spt
体育館の床はツルツルカツカツでなくちゃ！,The gym floor should be slippery!,romfs\story\spt\npc_m_2a2_meda_130_s07_t011.spt
あの人の知識はすごいから。,Because that man's knowledge is amazing.,romfs\story\spt\npc_m_2b_164_s01_t011.spt
ほんのちょっとだけどさ。,It's just a little bit.,romfs\story\spt\npc_m_2b_164_s01_t011.spt
メダロットのことなら部長に聞くといいよ。,You can ask the head of the department about Medalot.,romfs\story\spt\npc_m_2b_164_s01_t011.spt
ロボトルならぼくのほうが上だけどね。,"I'm a better robattle than you, though.",romfs\story\spt\npc_m_2b_164_s01_t011.spt
こう毎年いろんなパーツが出てくると,This is how many different parts come out every year.,romfs\story\spt\npc_m_2b_164_s02_t011.spt
これでもほんの一部なんだぜ。,This is still just a small part of the story.,romfs\story\spt\npc_m_2b_164_s02_t011.spt
ましてや手に入れるとなれば…,"And if you get it, moreover...",romfs\story\spt\npc_m_2b_164_s02_t011.spt
見てくれよ、このメダロット・カタログの数。,Look at the number of Medalot catalogs here.,romfs\story\spt\npc_m_2b_164_s02_t011.spt
追いかけるのもひと苦労さ。,It's hard to catch up with them.,romfs\story\spt\npc_m_2b_164_s02_t011.spt
遠いユメだよなあ、…ふう。,"It's a distant dream, isn't it?",romfs\story\spt\npc_m_2b_164_s02_t011.spt
これはもしや…　ふふふ。,What if this is... Hmmm.,romfs\story\spt\npc_m_2b_164_s04_t011.spt
マインちゃん出てくれるのか。,"Mine, will you be there?",romfs\story\spt\npc_m_2b_164_s04_t011.spt
おっ、最新のパーツカタログ入ってる！,"Whoa, the latest parts catalog is in!",romfs\story\spt\npc_m_2b_164_s05_t001.spt
部長ちゃんと覚えててくれてたんだなー。,I'm so glad the director remembered me properly.,romfs\story\spt\npc_m_2b_164_s05_t001.spt
メダリア効果はいくつかの属性に分けられるんだ。,The medalia effect can be divided into several attributes.,romfs\story\spt\npc_m_2b_164_s06_t011.spt
メダリア効果はそのうち１つしか発揮されないよ。,Only one of those medallion effects will work.,romfs\story\spt\npc_m_2b_164_s06_t011.spt
同じ属性のメダリアを複数付けても、,"Even with multiple medallions with the same attributes,",romfs\story\spt\npc_m_2b_164_s06_t011.spt
ＡとかＢとかのアルファベットで表されるね。,It's represented by letters like A and B.,romfs\story\spt\npc_m_2b_164_s06_t011.spt
シアンドッグ,"sheandog (species of conifer, Conger myriaster)",romfs\story\spt\npc_m_2b_meda_000_s00_t001.spt
このチカチカ、かっこいいだろ！,"This ticker, isn't it cool?",romfs\story\spt\npc_m_2b_meda_164_s01_t011.spt
でもじっと見てると目が悪くなるから気をつけろ！,"But be careful not to stare at it, it's bad for your eyes!",romfs\story\spt\npc_m_2b_meda_164_s01_t011.spt
…え、夏はどうしてるかって？,...What do you do in the summer?,romfs\story\spt\npc_m_2b2_000_s01_t011.spt
この島には、部専用のスキー場があるんだよ。,There's a ski resort on this island that's dedicated to the club.,romfs\story\spt\npc_m_2b2_000_s01_t011.spt
さすがメガ財閥がスポンサーだけのことはあるよね。,That's what you'd expect from a sponsor sponsored by a mega conglomerate.,romfs\story\spt\npc_m_2b2_000_s01_t011.spt
ははは、それがなんとビックリ,"Haha, what a surprise!",romfs\story\spt\npc_m_2b2_000_s01_t011.spt
ボクはスキー部だよ。,I'm in the ski club.,romfs\story\spt\npc_m_2b2_000_s01_t011.spt
人口雪の屋外スキー場だろ。,It's an outdoor ski resort with artificial snow.,romfs\story\spt\npc_m_2b2_000_s01_t011.spt
いいぞ<相棒メダロット名>！,Good one <name of buddy medallion>!,romfs\story\spt\npc_m_2b2_000_s02_t011.spt
次は足だぞ、わかってるな！,"Next is the foot, you know what I'm talking about!",romfs\story\spt\npc_m_2b2_000_s02_t011.spt
いいぞウルスブラン！,Nice Ursbrun!,romfs\story\spt\npc_m_2b2_000_s03_t011.spt
うちの部、まだ出し物が決まってないんだ。,Our club hasn't decided on a program yet.,romfs\story\spt\npc_m_2b2_000_s07_t011.spt
そろそろ準備しないとマズいんだけどな…,I'm gonna have to get ready soon...,romfs\story\spt\npc_m_2b2_000_s07_t011.spt
イソイソ近づいて強そうな野良がコンニチワって,"A strong-looking stray approached me and said, ""Konnichiwa.",romfs\story\spt\npc_m_2b2_000_s08_t011.spt
メダリアは地面に落ちてることもあるけど,Sometimes the medallias are on the ground.,romfs\story\spt\npc_m_2b2_000_s08_t011.spt
出てくると、ホントがっかりしちゃうよなー。,I'm really disappointed when they come out!,romfs\story\spt\npc_m_2b2_000_s08_t011.spt
野良メダロットが持ってることもあるから注意だね。,"I'd be careful, because sometimes stray medallions have them.",romfs\story\spt\npc_m_2b2_000_s08_t011.spt
ウルスブラン,ursbran,romfs\story\spt\npc_m_2b2_meda_000_s00_t001.spt
お前の足じゃ雪から抜けなくなっちゃうぜ。,Your feet won't be able to get out of the snow.,romfs\story\spt\npc_m_2b2_meda_000_s01_t011.spt
氷上はやっぱ脚部特性スノータイプが有利だよな。,The leg characteristic snow type is still advantageous on ice.,romfs\story\spt\npc_m_2b2_meda_000_s01_t011.spt
おうっ、まかせろい！,"Oh, I'll take care of it!",romfs\story\spt\npc_m_2b2_meda_000_s02_t011.spt
チャージのヒマなんて与えねーぜ！,I ain't giving you any time to charge!,romfs\story\spt\npc_m_2b2_meda_000_s02_t011.spt
オレもうあきた。スキーしたい！,I'm tired of it. I want to ski!,romfs\story\spt\npc_m_2b2_meda_000_s07_t011.spt
今日もまたカイギかな。,I guess it's kaigi again today.,romfs\story\spt\npc_m_2b2_meda_000_s07_t011.spt
どんなに空調が良くても,No matter how good the air conditioning is.,romfs\story\spt\npc_m_2c_000_s01_t011.spt
男だらけのロッカールームはアセくさいよね。,"A locker room full of men is asexual, isn't it?",romfs\story\spt\npc_m_2c_000_s01_t011.spt
くそ、耐えろ！,"Damn it, bear with it!",romfs\story\spt\npc_m_2c_000_s02_t011.spt
大丈夫だフルチャージまであとちょっとだ！（仮）,"Don't worry, we're close to full charge! (tentative)",romfs\story\spt\npc_m_2c_000_s02_t011.spt
大丈夫だフルチャージまであとちょっとだ！,"It's okay, we're close to full charge!",romfs\story\spt\npc_m_2c_000_s03_t011.spt
きみもそう思うだろ？,"You think so, too, don't you?",romfs\story\spt\npc_m_2c_000_s05_t011.spt
オロカ者のすることさ。,That's what an Oloka does.,romfs\story\spt\npc_m_2c_000_s05_t011.spt
直前になってからあわてて机に向かうなんて,I can't believe I rushed to my desk at the last minute.,romfs\story\spt\npc_m_2c_000_s05_t011.spt
…え、プログラムに詳しいかって？,"...Oh, do I know the program well?",romfs\story\spt\npc_m_2c_000_s05_t021.spt
ごめんね、まったく自信がない。,"Sorry, I'm not sure at all.",romfs\story\spt\npc_m_2c_000_s05_t021.spt
ぼく授業でプログラムを選択してないからさ。,I didn't choose to program in class.,romfs\story\spt\npc_m_2c_000_s05_t021.spt
テニス部だけにね。はっはっは。,Only in the tennis club. Haha.,romfs\story\spt\npc_m_2c_000_s05_t021.spt
点数にならない努力はしない主義なんだ。,I'm of the principle that I don't make efforts that don't score points.,romfs\story\spt\npc_m_2c_000_s05_t021.spt
お祭りだもんね。,"It's a festival, right?",romfs\story\spt\npc_m_2c_000_s07_t011.spt
それでも楽しいよね。,"Still, it's fun.",romfs\story\spt\npc_m_2c_000_s07_t011.spt
もうじき文化祭だね。うちは外からお客さんが,It's almost time for the cultural festival. We have guests from outside.,romfs\story\spt\npc_m_2c_000_s07_t011.spt
来ないからちょっとさびしいけど…,"I'm a little sad that you're not coming, but...",romfs\story\spt\npc_m_2c_000_s07_t011.spt
こうなったらぼくも祭りに参加するしかないな。,"If this happens, I have no choice but to join the festival.",romfs\story\spt\npc_m_2c_000_s08_t011.spt
とほほ。,Oh-ho.,romfs\story\spt\npc_m_2c_000_s08_t011.spt
ま、しょうがないね。,"Well, it can't be helped.",romfs\story\spt\npc_m_2c_000_s08_t011.spt
みんなメダリアに夢中で部活にならないよ。,Everyone's so into medalia that it's not a club activity.,romfs\story\spt\npc_m_2c_000_s08_t011.spt
やるからにはトップを目指さないとね。,"If we're going to do it, we have to aim for the top.",romfs\story\spt\npc_m_2c_131_s04_t001.spt
勉強もクラブもロボトルもね。,"And studies, clubs, and robattle.",romfs\story\spt\npc_m_2c_131_s04_t001.spt
カソートーチュ,cassortue,romfs\story\spt\npc_m_2c_meda_000_s00_t001.spt
ニンゲンは、いちいち着替えてメンドウだね。,Ningen is a pain in the ass to change clothes every time.,romfs\story\spt\npc_m_2c_meda_000_s01_t011.spt
ニンゲンもセッティングできればいいのにね。,I wish I could set up a ningen as well.,romfs\story\spt\npc_m_2c_meda_000_s01_t011.spt
わああっ！！,Wow!,romfs\story\spt\npc_m_2c_meda_000_s02_t011.spt
マスターどうする？　どうしよう！？？,"Master, what do we do?　What do we do?",romfs\story\spt\npc_m_2c_meda_000_s02_t011.spt
メダロットにテストはないけど,"There's no test for medallions, though.",romfs\story\spt\npc_m_2c_meda_000_s05_t011.spt
代わりに面接があるんだよ。,"Instead, there's an interview.",romfs\story\spt\npc_m_2c_meda_000_s05_t011.spt
内容はヒミツさ。,I won't tell you what it's about.,romfs\story\spt\npc_m_2c_meda_000_s05_t011.spt
あの非日常感がたまらないよね。,"I love that extraordinary feeling, don't you?",romfs\story\spt\npc_m_2c_meda_000_s07_t011.spt
お祭りは好きさ。,I like festivals.,romfs\story\spt\npc_m_2c_meda_000_s07_t011.spt
お祭りが終わったと思ったら,Just when you thought the festivities were over.,romfs\story\spt\npc_m_2c_meda_000_s08_t011.spt
またお祭りが来ちゃった感じー。,I feel like another festival has come and gone.,romfs\story\spt\npc_m_2c_meda_000_s08_t011.spt
キンチョウしてきた！,I've been kinchoing!,romfs\story\spt\npc_m_2c_meda_131_s04_t001.spt
早く終われ！,Get it over with!,romfs\story\spt\npc_m_2c_meda_131_s04_t001.spt
なんだかんだで最後はロボトルだからな。,"After all, it's a robattle at the end of the day.",romfs\story\spt\npc_m_2d_131_s04_t001.spt
キアイ入れねえとな！,I'll have to put in kiai!,romfs\story\spt\npc_m_2d_131_s04_t001.spt
ロボトルが苦手な一流メダロッターなんていねえし,There's no such thing as a top-notch medallion lotter who doesn't like to robattle.,romfs\story\spt\npc_m_2d_131_s04_t001.spt
最近はいろんなメダロッターが活躍してるけど,There are all kinds of medallotters active these days.,romfs\story\spt\npc_m_2d_131_s04_t001.spt
ついにあの技を出すときが来ちゃったか。,I guess it's finally time for me to pull out that trick.,romfs\story\spt\npc_m_2d_meda_131_s04_t001.spt
どきどき。,Pounding.,romfs\story\spt\npc_m_2d_meda_131_s04_t001.spt
うちは基本、いつでも部員募集中だぞ。,We're basically always looking for new members.,romfs\story\spt\npc_m_2e_165_s01_t011.spt
なにしろ、すぐに部員がやめてしまうからな。,"After all, the club members will quit soon.",romfs\story\spt\npc_m_2e_165_s01_t011.spt
レスキュー部に入りたいのか？,You want to join the Rescue Department?,romfs\story\spt\npc_m_2e_165_s01_t011.spt
いや、むしろ良かったかもしれんぞ。,"No, it could have been rather good.",romfs\story\spt\npc_m_2e_165_s01_t021.spt
くく。,Kugu.,romfs\story\spt\npc_m_2e_165_s01_t021.spt
そうか、まあ気を落とすな。,"Right, well, don't be discouraged.",romfs\story\spt\npc_m_2e_165_s01_t021.spt
なに、部長に断られた？,"What, the director turned you down?",romfs\story\spt\npc_m_2e_165_s01_t021.spt
ジゴクの新人研修を経験せずにすんだと思えばな。,If only I didn't have to go through the jigoku newcomer training.,romfs\story\spt\npc_m_2e_165_s01_t021.spt
おいおい、ここをどこだと思ってるんだ。,"Oh come on, where do you think you are?",romfs\story\spt\npc_m_2e_165_s02_t011.spt
なに、人さがし…？,"What, are you looking for someone...?",romfs\story\spt\npc_m_2e_165_s02_t011.spt
アイドル部のことなんて、わかるはずないだろう。,You wouldn't know anything about the idol club.,romfs\story\spt\npc_m_2e_165_s02_t011.spt
ただでさえ悩みだすと長いからな、あの人は…,"It's just a long time to start worrying about it, you know...",romfs\story\spt\npc_m_2e_165_s02_t021.spt
またお前か,"Oh, it's you again.",romfs\story\spt\npc_m_2e_165_s02_t021.spt
変わったヤツだな、そんなにココが気に入ったか？,You're a funny guy. You like it here that much?,romfs\story\spt\npc_m_2e_165_s02_t021.spt
来るのはいっこうに構わないんだが,I don't mind if you come.,romfs\story\spt\npc_m_2e_165_s02_t021.spt
部長のジャマだけはするなよ。,Just don't get in the way of the director.,romfs\story\spt\npc_m_2e_165_s02_t021.spt
集中を乱して、これ以上長考されてはかなわん。,I don't want to be distracted from my concentration and have to think any longer.,romfs\story\spt\npc_m_2e_165_s02_t021.spt
あさってもな！,"The day after tomorrow, too!",romfs\story\spt\npc_m_2e_165_s06_t011.spt
なつやすみ？,Summer vacation?,romfs\story\spt\npc_m_2e_165_s06_t011.spt
もちろん明日も。,"And tomorrow, of course.",romfs\story\spt\npc_m_2e_165_s06_t011.spt
今日もこれから野外訓練だ。,We are going to have another field training session today.,romfs\story\spt\npc_m_2e_165_s06_t011.spt
知らんな。,I don't know.,romfs\story\spt\npc_m_2e_165_s06_t011.spt
ぶんかさい？,Bunka-hai?,romfs\story\spt\npc_m_2e_165_s07_t011.spt
メダリア探知アプリ？,Medallia detection app?,romfs\story\spt\npc_m_2e_165_s08_t011.spt
めだりあらっしゅ？,Dalai Lama?,romfs\story\spt\npc_m_2e_320_s08_t011.spt
バンカラン,bunkerang,romfs\story\spt\npc_m_2e_meda_000_s00_t001.spt
まー、ココじゃず～っといいテンキだけどね。,"Well, I've always been a good tenkis here.",romfs\story\spt\npc_m_2e_meda_165_s01_t011.spt
今日はいいテンキだから野外訓練したいな。,I'd like to do some outdoor training today because it's a good tenk today.,romfs\story\spt\npc_m_2e_meda_165_s01_t011.spt
ぼくは好きだな野外訓練。,I like outdoor training.,romfs\story\spt\npc_m_2e_meda_165_s06_t011.spt
エンソクみたいで楽しいじゃない。,"It's like Ensoku, it's fun.",romfs\story\spt\npc_m_2e_meda_165_s06_t011.spt
やってることはあんまり変わらないんだよねー。,What we're doing isn't much different.,romfs\story\spt\npc_m_2e_meda_165_s08_t011.spt
ホントはさ。,The truth is.,romfs\story\spt\npc_m_2e_meda_165_s08_t011.spt
訓練のついでにメダリア探したっていいと思うんだ。,I think it's okay to look for medallions while training.,romfs\story\spt\npc_m_2e_meda_165_s08_t011.spt
野外訓練もメダリア探しも,Both outdoor training and the search for medallions.,romfs\story\spt\npc_m_2e_meda_165_s08_t011.spt
ぼくは好きだな野営地って。,I like encampments.,romfs\story\spt\npc_m_2e_meda_320_s07_t011.spt
とうぜん所属は映画部さー。,"Of course, I belong to the film club.",romfs\story\spt\npc_m_2f_000_s01_t011.spt
ぼくは将来、映画カントクになるのが夢なのさ。,My dream is to become a film czar in the future.,romfs\story\spt\npc_m_2f_000_s01_t011.spt
今はヒロイン選びの真っ最中なのさー。,I'm in the middle of choosing a heroine right now.,romfs\story\spt\npc_m_2f_000_s01_t011.spt
夏になったら、海をテーマに一本撮るのさ。,"When summer comes, we'll shoot one on the theme of the sea.",romfs\story\spt\npc_m_2f_000_s01_t011.spt
ぜひぜひ観に来てよね。,You should definitely come and see the show.,romfs\story\spt\npc_m_2f_000_s07_t011.spt
ぜひね！,By all means!,romfs\story\spt\npc_m_2f_000_s07_t011.spt
やあやあ。,Hey there.,romfs\story\spt\npc_m_2f_000_s07_t011.spt
文化祭ではぜひ３－Ｂ教室に来てよ。,You should definitely come to Room 3-B at the festival.,romfs\story\spt\npc_m_2f_000_s07_t011.spt
新作の上映会やるんだ。,We're going to have a screening of the new film.,romfs\story\spt\npc_m_2f_000_s07_t011.spt
映画部史上最高作品間違いなしだよ。,It's definitely the best film in the history of the Film Department.,romfs\story\spt\npc_m_2f_000_s07_t011.spt
ああ知ってるよ。アイドル部の女の子だね。,"Yeah, I know. You're the girl from the idol club.",romfs\story\spt\npc_m_2f_160_s02_t011.spt
え、行く先かい？,"Oh, is that where you're going?",romfs\story\spt\npc_m_2f_160_s02_t011.spt
だけど校舎のほうに歩いていったよ。,But I walked toward the school building.,romfs\story\spt\npc_m_2f_160_s02_t011.spt
なんだい人さがしかい？,What are you looking for?,romfs\story\spt\npc_m_2f_160_s02_t011.spt
ぼくのスイリじゃ、今ごろきっと購買だねー。,"With my Swiri, I'm sure I would have purchased it by now.",romfs\story\spt\npc_m_2f_160_s02_t011.spt
アイサツされちゃったよー、あはは。,I've been aisatsued...haha.,romfs\story\spt\npc_m_2f_160_s02_t011.spt
アオイちゃん？,Aoi?,romfs\story\spt\npc_m_2f_160_s02_t011.spt
ヒロイン候補の一角さー。,She is one of the candidates for heroine.,romfs\story\spt\npc_m_2f_160_s02_t011.spt
今さっきも、かわいい声で,"Just now, in a cute voice.",romfs\story\spt\npc_m_2f_160_s02_t011.spt
聞いてないなあ。,I haven't heard about it.,romfs\story\spt\npc_m_2f_160_s02_t011.spt
でさ、パフォーマーがココでしょ。,"So, the performer is here, right?",romfs\story\spt\npc_m_2f_160_s03_t011.spt
どうだいカンペキだろう。,How's it going?,romfs\story\spt\npc_m_2f_160_s03_t011.spt
ほらほら、このタイミングで、ちょうど夕日が,"Look, look, the sunset is just right at this point.",romfs\story\spt\npc_m_2f_160_s03_t011.spt
もう、この案でＯＫしちゃおうよ。,Let's just OK this idea already.,romfs\story\spt\npc_m_2f_160_s03_t011.spt
カメラはこのヤシの木のあたりだから――,"The camera is around this palm tree, so--",romfs\story\spt\npc_m_2f_160_s03_t011.spt
シルエットを作ることになるのさあ。,"Come on, you're going to make a silhouette.",romfs\story\spt\npc_m_2f_160_s03_t011.spt
ドコカノオージ,Dokokanoogi,romfs\story\spt\npc_m_2f_meda_000_s00_t001.spt
たまには、青春ものやレンアイものの,"Sometimes, I like to use a youthful or ren'ai style",romfs\story\spt\npc_m_2f_meda_000_s01_t011.spt
アクションものばっかりだよね。,It's all action stuff.,romfs\story\spt\npc_m_2f_meda_000_s01_t011.spt
メダロットが主役の映画って,"You know, a movie starring Medalot?",romfs\story\spt\npc_m_2f_meda_000_s01_t011.spt
メダロット映画だって、あってもいいと思うんだ。,Even a Medarot movie would be nice to have.,romfs\story\spt\npc_m_2f_meda_000_s01_t011.spt
メダロット主演の探偵ものとかさ。,Or a detective story starring Medarotto.,romfs\story\spt\npc_m_2f_meda_000_s03_t011.spt
名探偵パイプブレイン！　…とかね。,The great detective pipe brain!　...and so on.,romfs\story\spt\npc_m_2f_meda_000_s03_t011.spt
左手のクリミナルユーでなんでもお見通しなんだ。,I can see everything with my left hand Criminal You.,romfs\story\spt\npc_m_2f_meda_000_s03_t011.spt
ＰＶもいいけど、やっぱり映画を撮りたいよね。,"PV is good, but I still want to make a movie.",romfs\story\spt\npc_m_2f_meda_000_s03_t011.spt
ぜひ観に来てよね。ぜひね！,You should definitely come and see it. By all means!,romfs\story\spt\npc_m_2f_meda_000_s07_t011.spt
ぼくも友情出演してるよ。,I'm also a friend of the show.,romfs\story\spt\npc_m_2f_meda_000_s07_t011.spt
この時期それじゃやべーだろ。,That's not good at this time of year.,romfs\story\spt\npc_m_2f2_140_s01_t011.spt
ちなみに、ウチはもう定員いっぱいで無理だぞ。,"By the way, you can't do that at our place, we're already at capacity.",romfs\story\spt\npc_m_2f2_140_s01_t011.spt
なに部？,What section?,romfs\story\spt\npc_m_2f2_140_s01_t011.spt
へ？　まだ決まってねえの？,What?　You haven't decided yet?,romfs\story\spt\npc_m_2f2_140_s01_t011.spt
まあ、そうとうな経験者なら話は別だけどよ。,"Well, unless you have a lot of experience.",romfs\story\spt\npc_m_2f2_140_s01_t011.spt
初心者だな。ほか当たんな。,You're a beginner. Don't hit anything else.,romfs\story\spt\npc_m_2f2_140_s01_t011.spt
見たとこ、武道用カスタマイズもしてねーぽいし…,"From the looks of it, it doesn't look like it's been customized for martial arts...",romfs\story\spt\npc_m_2f2_140_s01_t011.spt
見ないカオだな１年か？,"I don't see it Kao, a year?",romfs\story\spt\npc_m_2f2_140_s01_t011.spt
お前１年？　なに部？,You're a freshman?　What club are you in?,romfs\story\spt\npc_m_2f2_140_s02_t011.spt
そんな部あるんだ、初めて聞いたわ。,"I didn't know there was such a club, I've never heard of it before.",romfs\story\spt\npc_m_2f2_140_s02_t011.spt
で、強いの？,"So, is it strong?",romfs\story\spt\npc_m_2f2_140_s02_t011.spt
へ？　探検部？,Heh?　Exploration club?,romfs\story\spt\npc_m_2f2_140_s02_t011.spt
見ないカオだな。,That's a Kao you don't see.,romfs\story\spt\npc_m_2f2_140_s02_t011.spt
あいつらがな…　レスキュー部がな…,They... the Rescue Department...,romfs\story\spt\npc_m_2f2_140_s03_t011.spt
って言いてーとこだけど,I'm about to say...,romfs\story\spt\npc_m_2f2_140_s03_t011.spt
もうすぐロボトル大会だな。,It's almost time for the Robotle convention.,romfs\story\spt\npc_m_2f2_140_s03_t011.spt
レベルが違いすぎて悔しがる気も起きなかったぜ。,"The level was so different, I didn't even want to regret it, man.",romfs\story\spt\npc_m_2f2_140_s03_t011.spt
今年こそウチが優勝するぜ！,This is the year we will win the championship!,romfs\story\spt\npc_m_2f2_140_s03_t011.spt
去年当たってボロッボロにやられたよ。,I got hit last year and got beat to a pulp.,romfs\story\spt\npc_m_2f2_140_s03_t011.spt
うんいいね、すばらしいよ。,"Yes, good, it's wonderful.",romfs\story\spt\npc_m_2f2_140_s06_t011.spt
きみたちなら、すぐレギュラーになれるよ。,You guys will be regulars in no time.,romfs\story\spt\npc_m_2f2_140_s06_t011.spt
とても初めてとは思えないなあ、ははは。,"I can't believe it's very first time, haha.",romfs\story\spt\npc_m_2f2_140_s06_t011.spt
ボクが保障するよ、あはははは。,"I can vouch for that, hahaha.",romfs\story\spt\npc_m_2f2_140_s06_t011.spt
なっ、なんだよ！,What the hell?,romfs\story\spt\npc_m_2f2_140_s06_t111.spt
なんでもねえよ、あっち行けよ、しっしっ！,"It's nothing, go away, shh, shh!",romfs\story\spt\npc_m_2f2_140_s06_t111.spt
今夜にでも行ってみるか…,I'll try to get there tonight...,romfs\story\spt\npc_m_2f2_140_s06_t111.spt
アイドル部のダンスなんて、ほとんどプロだぜ？,"Dancing in an idol club is almost professional, you know?",romfs\story\spt\npc_m_2f2_140_s07_t011.spt
オレけっこう好きなんだよなあ文化祭。,I like cultural festivals a lot.,romfs\story\spt\npc_m_2f2_140_s07_t011.spt
今年はどんなのやるか、今から楽しみだわ。,I can't wait to see what they do this year.,romfs\story\spt\npc_m_2f2_140_s07_t011.spt
本格的な出し物が多くてよ。,There are a lot of authentic performances.,romfs\story\spt\npc_m_2f2_140_s07_t011.spt
キングファラオ,king pharaoh,romfs\story\spt\npc_m_2f2_meda_000_s00_t001.spt
たまにはロボトルもやりたいなー。,I'd like to do a robattle once in a while.,romfs\story\spt\npc_m_2f2_meda_140_s01_t011.spt
武道もいいけど,Martial arts is fine.,romfs\story\spt\npc_m_2f2_meda_140_s01_t011.spt
ボクだって！,"Me, too!",romfs\story\spt\npc_m_2f2_meda_140_s06_t011.spt
今日のマスターなんだかキモチワルイ。,Today's master is kind of creepy.,romfs\story\spt\npc_m_2f2_meda_140_s06_t011.spt
こんどはぼーっとしてる。,This time I'm in a daze.,romfs\story\spt\npc_m_2f2_meda_140_s06_t111.spt
今日のマスターやっぱりヘンだ。,Today's master is still weird.,romfs\story\spt\npc_m_2f2_meda_140_s06_t111.spt
今年の１年ももう半分が脱落か。,So another half of this year is off the table.,romfs\story\spt\npc_m_3a_165_s01_t011.spt
最終的に何人残るか楽しみだ…　ふふふ。,Can't wait to see how many will be left in the end... Hmmm.,romfs\story\spt\npc_m_3a_165_s01_t011.spt
どうせ口だけ、いの一番に投げ出すと思ったが…,"I thought you'd throw it out at the first sign of trouble, anyway...",romfs\story\spt\npc_m_3a_165_s06_t011.spt
なかなかどうして根性がある。,It is quite gutsy.,romfs\story\spt\npc_m_3a_165_s06_t011.spt
なんだかんだで、けっこう１年も残ったな。,What a pretty good year left.,romfs\story\spt\npc_m_3a_165_s06_t011.spt
もうすぐ２学期か。,Is it almost the second semester?,romfs\story\spt\npc_m_3a_165_s06_t011.spt
わからんものだぜ、ふふふ。,You never know.,romfs\story\spt\npc_m_3a_165_s06_t011.spt
特にアイツは意外だった。,That one in particular was unexpected.,romfs\story\spt\npc_m_3a_165_s06_t011.spt
結局いちども参加せず卒業することになりそうだぜ。,I'm going to graduate without participating in any of them after all.,romfs\story\spt\npc_m_3a_165_s07_t011.spt
俺もメダリア探したいなんて、とても言えない…,I can't tell you how much I want to look for medallions too...,romfs\story\spt\npc_m_3a_333_s08_t011.spt
言えない…,I can't tell...,romfs\story\spt\npc_m_3a_333_s08_t011.spt
ウィンドクラップ,windclap,romfs\story\spt\npc_m_3a_meda_000_s00_t001.spt
この島の真ん中にでっかいクレーターがあるんだぞ。,There's a huge crater in the middle of this island.,romfs\story\spt\npc_m_3a_meda_165_s01_t011.spt
なあ知ってるか？,You know what?,romfs\story\spt\npc_m_3a_meda_165_s01_t011.spt
ウソじゃないぞ、空から見たらすぐわかるぞ。,"I'm not lying, you can see it right from the sky.",romfs\story\spt\npc_m_3a_meda_165_s01_t011.spt
山奥だから、歩いて行くのはちょっと難しいけどな。,"It's deep in the mountains, though, so it's a bit difficult to get there on foot.",romfs\story\spt\npc_m_3a_meda_165_s01_t011.spt
つかれた、もう走りたくないよ…,"I'm tired, I don't want to run anymore...",romfs\story\spt\npc_m_3b_130_s01_t011.spt
はあ、ふう,"Huh, wind.",romfs\story\spt\npc_m_3b_130_s01_t011.spt
シャワーあびてゲームしたいよー。,I want to shower and play games!,romfs\story\spt\npc_m_3b_130_s01_t011.spt
早く帰りたいよー。,I can't wait to go home!,romfs\story\spt\npc_m_3b_130_s01_t011.spt
シャワーあびてゲームしてマンガ読んで寝たいよー。,"I want to take a shower, play games, read manga and go to bed!",romfs\story\spt\npc_m_3b_130_s07_t011.spt
コバルトセッター,cobalt setter,romfs\story\spt\npc_m_3b_meda_000_s00_t001.spt
だらしないぞマスター！,"You're sloppy, Master!",romfs\story\spt\npc_m_3b_meda_130_s01_t011.spt
ほらあと１０往復！　がんばれ！,"Here we go, 10 more round trips!　Hang in there!",romfs\story\spt\npc_m_3b_meda_130_s01_t011.spt
あと２０往復だぞ！　がんばれ！,You have 20 round trips to go!　Good luck!,romfs\story\spt\npc_m_3b_meda_130_s03_t011.spt
あと３０往復だぞ！　がんばれ！,You have 30 round trips to go!　Good luck!,romfs\story\spt\npc_m_3b_meda_130_s07_t011.spt
絶景だ！,The view is spectacular!,romfs\story\spt\npc_m_3c_131_s04_t001.spt
なんだお前は！,What the hell are you?,romfs\story\spt\npc_m_3c_140_s01_t011.spt
好きなだけ見ていけ！,Go ahead and look all you want!,romfs\story\spt\npc_m_3c_140_s01_t011.spt
構わん！,No problem!,romfs\story\spt\npc_m_3c_140_s01_t011.spt
見学だと！？,A visit?,romfs\story\spt\npc_m_3c_140_s01_t011.spt
さあ！,Come on!,romfs\story\spt\npc_m_3c_140_s03_t011.spt
しかし構わん！,But it doesn't matter!,romfs\story\spt\npc_m_3c_140_s03_t011.spt
そうか！,Okay!,romfs\story\spt\npc_m_3c_140_s03_t011.spt
なにしに来たっ？,What are you doing here?,romfs\story\spt\npc_m_3c_140_s03_t011.spt
ウチは来るものは拒まず！,We don't refuse what comes to us!,romfs\story\spt\npc_m_3c_140_s03_t011.spt
去る者は追わず！,Do not pursue those who leave!,romfs\story\spt\npc_m_3c_140_s03_t011.spt
好きなように過ごすがいい！,Spend your time as you like!,romfs\story\spt\npc_m_3c_140_s03_t011.spt
用などないだとっ？,What do you want?,romfs\story\spt\npc_m_3c_140_s03_t011.spt
ワイルドウコーン,wild corn,romfs\story\spt\npc_m_3c_meda_000_s00_t001.spt
おこられちゃうぞ。,You'll get scolded.,romfs\story\spt\npc_m_3c_meda_131_s04_t001.spt
マスターそろそろ降りようぜ。,"Master, it's time to get off.",romfs\story\spt\npc_m_3c_meda_131_s04_t001.spt
うちのマスターは声がでかいだけなんだ。,Our master is just loud.,romfs\story\spt\npc_m_3c_meda_140_s01_t011.spt
怒ってるわけじゃないんだ。,I'm not angry.,romfs\story\spt\npc_m_3c_meda_140_s01_t011.spt
くそ…　どうすっかな。,Damn... I don't know what to do.,romfs\story\spt\npc_m_3d_160_s02_t001.spt
このまま部活に行くか購買に行くか、うーん。,"I'll just keep going to club activities or go to purchasing, hmmm.",romfs\story\spt\npc_m_3d_160_s02_t001.spt
しまった、すっかり忘れてたぜ。,"Oh shit, I forgot all about it.",romfs\story\spt\npc_m_3d_160_s02_t001.spt
今日は月刊メダロックの発売日じゃねーか。,Isn't today the release day of Medarock Monthly?,romfs\story\spt\npc_m_3d_160_s02_t001.spt
おこられる前に早く行こうよ、なあ。,"Let's get going before we get pissed off, hey?",romfs\story\spt\npc_m_3d_meda_116_s01_t011.spt
それとここ、立ち読みキンシだぞ。,"Oh, and here's a standing kinci.",romfs\story\spt\npc_m_3d_meda_116_s01_t011.spt
なあなあ、はやく教室行こうよ。,"Hey, come on, let's go to class.",romfs\story\spt\npc_m_3d_meda_116_s01_t011.spt
授業始まっちゃうぞ。,Class is about to start.,romfs\story\spt\npc_m_3d_meda_116_s01_t011.spt
なあなあ、もう放課後だぞ。,"Hey, come on, it's after school.",romfs\story\spt\npc_m_3d_meda_116_s01_t021.spt
はやく部室に行こうよ、みんな待ってるぞ。,"Let's hurry up and go to the club room, everyone is waiting for you.",romfs\story\spt\npc_m_3d_meda_116_s01_t021.spt
なあなあ、もう時間だぞ。,"Hey, hey, hey. It's time to go.",romfs\story\spt\npc_m_3d_meda_116_s04_t011.spt
はやく体育館に行こうよ、みんな待ってるぞ。,"Come on, let's go to the gymnasium, everyone is waiting for you.",romfs\story\spt\npc_m_3d_meda_116_s04_t011.spt
なあなあ、もうすぐシケンだろ？,"Hey, hey, hey, hey, hey, hey, hey, hey, hey, hey, hey, hey, hey, hey, hey, hey, hey, hey.",romfs\story\spt\npc_m_3d_meda_116_s05_t011.spt
はやく帰ってベンキョーしようよ、オレ手伝うぞ。,"Let's go home and do some Benkyo, I'll help you.",romfs\story\spt\npc_m_3d_meda_116_s05_t011.spt
なあなあ、今日練習だろ？,"Hey, hey, hey, hey, hey, hey, hey, hey, hey, hey, hey, hey, hey, hey, hey, hey.",romfs\story\spt\npc_m_3d_meda_116_s07_t011.spt
文化祭近いぞ。まだフメン覚えてないぞ。,The festival is coming up. I haven't learned the humen yet.,romfs\story\spt\npc_m_3d_meda_116_s07_t011.spt
ここまで来てなに言ってんだよマスター。,"What are you talking about after coming all this way, Master?",romfs\story\spt\npc_m_3d_meda_160_s02_t011.spt
はやくケイオン部に行こうぜ、なあ。,"Let's get to the Cayon Club quickly, hey?",romfs\story\spt\npc_m_3d_meda_160_s02_t011.spt
なあなあ、はやくケイオン部に行こうぜ。,"Come on, let's go to the Keion Club.",romfs\story\spt\npc_m_3d_meda_160_s02_t021.spt
早くしないと夜になっちゃうぞ、なあ。,"Hurry up or it will be night, hey?",romfs\story\spt\npc_m_3d_meda_160_s02_t021.spt
ウワサ話でチラッと聞いたんだが,I've heard glimpses of it in the rumor mill.,romfs\story\spt\npc_m_3d2_000_s03_t011.spt
勇者すぎんだろ。,You're too brave.,romfs\story\spt\npc_m_3d2_000_s03_t011.spt
女子寮に侵入しようとしたヤツがいるらしいな。,I heard someone tried to break into the women's dormitory.,romfs\story\spt\npc_m_3d2_000_s03_t011.spt
まだ景色がかたむいて見えるぜ、くそお。,"The view still looks crooked, damn it.",romfs\story\spt\npc_m_3d2_000_s06_t011.spt
昨日の船で帰ってきたけど、ひでえ揺れでな。,I got back on the boat yesterday and it was a hell of a bumpy ride.,romfs\story\spt\npc_m_3d2_000_s06_t011.spt
うちの文化祭ってよそから人入れないだろ？,"Our cultural festival doesn't allow people from other places, right?",romfs\story\spt\npc_m_3d2_000_s07_t011.spt
別にたいしたヒミツなんてねーんだしよ。,"There's no big secret, you know.",romfs\story\spt\npc_m_3d2_000_s07_t011.spt
外の連中そうとう気になるらしいぜ。,The guys outside seem to be very concerned about it.,romfs\story\spt\npc_m_3d2_000_s07_t011.spt
年に一度くらいパーッと開放してもいいのにな。,It would be nice if they could open it up once a year with a bang.,romfs\story\spt\npc_m_3d2_000_s07_t011.spt
つっても、これで高校の体育祭も最後かと思うと,"But, when I think that this will be the last high school athletic festival",romfs\story\spt\npc_m_3d2_000_s10_t011.spt
はあ～,Huh.,romfs\story\spt\npc_m_3d2_000_s10_t011.spt
やっと終わったわ体育祭、だるかった～。,"It's finally over, the gymnastics festival, it was so sluggish!",romfs\story\spt\npc_m_3d2_000_s10_t011.spt
カンガイ深いモンがあるな。ちょっとだけな。,You've got a lot of kangaii in you. Just a little.,romfs\story\spt\npc_m_3d2_000_s10_t011.spt
テッペン,the tip of one's nose,romfs\story\spt\npc_m_3d2_meda_000_s00_t001.spt
この学校でいちばん気に入っている点は,What I like most about this school is,romfs\story\spt\npc_m_3d2_meda_000_s01_t011.spt
だからソウジだってセンタクだって,"That's why they say ""Souji"" and ""Sentaq.",romfs\story\spt\npc_m_3d2_meda_000_s01_t011.spt
ニンゲンとメダロットが完全タイトーなところさ。,Ningen and Medarot are completely Taito.,romfs\story\spt\npc_m_3d2_meda_000_s01_t011.spt
モンク言わずにやっちゃうよー。,I'll do it without saying monk!,romfs\story\spt\npc_m_3d2_meda_000_s01_t011.spt
ニンゲンとメダロットでいっぱいだったよー。,It was full of ningen and medallions!,romfs\story\spt\npc_m_3d2_meda_000_s06_t011.spt
島もいいけどにぎやかな都会もいいね。,"Islands are nice, but a bustling city is nice too.",romfs\story\spt\npc_m_3d2_meda_000_s06_t011.spt
ぶんかさいだから？,Because it's a culture festival?,romfs\story\spt\npc_m_3d2_meda_000_s07_t011.spt
みんなソワソワ落ち着かないね。,"Everyone is so so so restless, aren't they?",romfs\story\spt\npc_m_3d2_meda_000_s07_t011.spt
しっかりメンテナンスしなくちゃね。,I have to maintain it well.,romfs\story\spt\npc_m_3d2_meda_000_s10_t011.spt
今日はいっぱいウンドウしたから,I did a lot of undo today.,romfs\story\spt\npc_m_3d2_meda_000_s10_t011.spt
だったら部室棟に行ってみな。,Then go to the club building.,romfs\story\spt\npc_m_3e_000_s01_t011.spt
グラウンドとか体育館とか、あるいは武道場とかな。,"Maybe a playing field, or a gymnasium, or a martial arts hall.",romfs\story\spt\npc_m_3e_000_s01_t011.spt
スポーツ系なら、練習場所を覗いてみればいい。,"If you're a sports guy, just take a peek at where they practice.",romfs\story\spt\npc_m_3e_000_s01_t011.spt
部活の見学がしたい？,Want to observe club activities?,romfs\story\spt\npc_m_3e_000_s01_t011.spt
い、いえ、そんなことは…,"No, no, that's not...",romfs\story\spt\npc_m_3e_000_s02_t011.spt
そのアオイちゃんなんだけど…,This Aoi girl...,romfs\story\spt\npc_m_3e_000_s02_t011.spt
ただ、見かけてたら教えてほしいと思いまして。,Just wanted to let you know if I have seen it.,romfs\story\spt\npc_m_3e_000_s02_t011.spt
てっきり事件かと思ったのに。,I thought it was a case.,romfs\story\spt\npc_m_3e_000_s02_t011.spt
ま、いいや。,"Well, okay.",romfs\story\spt\npc_m_3e_000_s02_t011.spt
アオイって子を探してる…？,Looking for a girl named Aoi...?,romfs\story\spt\npc_m_3e_000_s02_t011.spt
女の子に聞いたほうがいいんじゃないの？,Wouldn't it be better to ask the girls?,romfs\story\spt\npc_m_3e_000_s02_t011.spt
悪いな、ぜんぜんわからない。,"Sorry, I have no idea.",romfs\story\spt\npc_m_3e_000_s02_t011.spt
行方不明なのか！？,You're missing!,romfs\story\spt\npc_m_3e_000_s02_t011.spt
そうすれば部数もアップするんだがなあ。,That would increase the number of copies.,romfs\story\spt\npc_m_3e_000_s03_t011.spt
どうもいまいち盛り上がりに欠ける。,It's not very exciting.,romfs\story\spt\npc_m_3e_000_s03_t011.spt
ダークホースでも現れてくれないものかな。,I wish a dark horse would show up.,romfs\story\spt\npc_m_3e_000_s03_t011.spt
優勝を占うにもレスキュー部が強すぎてなあ。,The rescue team is too strong to predict the winner.,romfs\story\spt\npc_m_3e_000_s03_t011.spt
我が新聞部のウェブニュースで,In the web news of our newspaper department.,romfs\story\spt\npc_m_3e_000_s03_t011.spt
次回メダロット大会の特集をやるんだけど…,I'm doing a feature on the next Medalot convention...,romfs\story\spt\npc_m_3e_000_s03_t011.spt
……フツウすぎるか。,...... Too Futuristic?,romfs\story\spt\npc_m_3e_000_s04_t011.spt
……意外でもなんでもないか。,Is ...... surprising or not?,romfs\story\spt\npc_m_3e_000_s04_t011.spt
…え、まだ大会前だろって？,"...What do you mean, it's still before the convention?",romfs\story\spt\npc_m_3e_000_s04_t011.spt
いいんだよ。,It's okay.,romfs\story\spt\npc_m_3e_000_s04_t011.spt
じゃないと大会直後にアップできないだろ？,"Otherwise, you can't upload it right after the convention, can you?",romfs\story\spt\npc_m_3e_000_s04_t011.spt
ウェブニュースのさ。,Web News.,romfs\story\spt\npc_m_3e_000_s04_t011.spt
ニュースってのはスピード命だからな。,News is all about speed.,romfs\story\spt\npc_m_3e_000_s04_t011.spt
レスキュー部長が語る勝利のヒケツとはっ？,What is the key to victory as told by the Rescue Department Director?,romfs\story\spt\npc_m_3e_000_s04_t011.spt
レスキュー部３連覇！,Winner of the Rescue Club for the third year in a row!,romfs\story\spt\npc_m_3e_000_s04_t011.spt
勝利を支えた意外な立役者とはっ？,Who was the unexpected key player behind the victory?,romfs\story\spt\npc_m_3e_000_s04_t011.spt
大会特集のゲンコウ考えてるんだよ。,I'm thinking of Genco for the convention feature.,romfs\story\spt\npc_m_3e_000_s04_t011.spt
確実なトピックから先に作っておくもんなのさ。,We have to make sure that we make sure topics first.,romfs\story\spt\npc_m_3e_000_s04_t011.spt
Ｖ３達成！,V3 achieved!,romfs\story\spt\npc_m_3e_000_s04_t011.spt
…たった３年？　いやいや。,"...only three years?　No, no.",romfs\story\spt\npc_m_3e_000_s07_t011.spt
大事なのは長さじゃなくて密度だよキミぃ。,"It's not the length that matters, but the density, my dear.",romfs\story\spt\npc_m_3e_000_s07_t011.spt
新聞部の展示、見てくれよな。,"Newspaper club exhibit, you've got to see it.",romfs\story\spt\npc_m_3e_000_s07_t011.spt
３年に渡る新聞部の歴史が手にとるようにわかるぞ！,You'll get a first-hand look at the history of the newspaper club over the past three years!,romfs\story\spt\npc_m_3e_000_s07_t011.spt
こいつは要調査だぜ。,This guy needs to be investigated.,romfs\story\spt\npc_m_3e_000_s10_t011.spt
さっきのヘリの横ハラについてたあのマーク…,That symbol on the side of the helicopter...,romfs\story\spt\npc_m_3e_000_s10_t011.spt
そんな連中がもしも島にやって来たとしたら…,If such people had come to the island...,romfs\story\spt\npc_m_3e_000_s10_t011.spt
ということは、つまり――,So that means--,romfs\story\spt\npc_m_3e_000_s10_t011.spt
シロからクロまで、いろんなウワサの詰まった,"From White to Black, full of all kinds of rumors.",romfs\story\spt\npc_m_3e_000_s10_t011.spt
セレクト隊ってのは、ＷＭＳＳ財閥の自警団だ。,The Select Squad is the vigilante group of the WMSS conglomerate.,romfs\story\spt\npc_m_3e_000_s10_t011.spt
セレクト隊のことか？,You mean the Select Corps?,romfs\story\spt\npc_m_3e_000_s10_t011.spt
俺の記憶が確かなら、あれはセレクト隊章だ。,"If I remember correctly, that's the Select Corps emblem.",romfs\story\spt\npc_m_3e_000_s10_t011.spt
宝石箱みたいな秘密組織さ。,It's a secret organization like a jewelry box.,romfs\story\spt\npc_m_3e_000_s10_t011.spt
気になる…,I'm curious...,romfs\story\spt\npc_m_3e_000_s10_t011.spt
私設の軍隊みたいなもんで――,It's like a private army--,romfs\story\spt\npc_m_3e_000_s10_t011.spt
ああ、スポーツ系ならグラウンドか体育館か。,"Oh, if it's sports-related, it's either a field or a gymnasium.",romfs\story\spt\npc_m_3e_101_s01_t011.spt
だったら部室棟が最適だな。,Then the club building would be the best choice.,romfs\story\spt\npc_m_3e_101_s01_t011.spt
どっちにせよ、この先を右に進めばすぐ見つかるよ。,"Either way, you'll find it right down the street.",romfs\story\spt\npc_m_3e_101_s01_t011.spt
エイムフラッシュ,AIM FLASH,romfs\story\spt\npc_m_3e_meda_000_s00_t001.spt
このままじゃジャーナリスト魂がさびついちゃう。,"If I don't do this, my journalistic soul will become rusty.",romfs\story\spt\npc_m_3e_meda_000_s01_t011.spt
そろそろ体育館に行こうよマスター。,"It's time to go to the gym, Master.",romfs\story\spt\npc_m_3e_meda_000_s04_t011.spt
大会前の様子も取材しなくちゃさ。,I'll have to cover the pre-convention.,romfs\story\spt\npc_m_3e_meda_000_s04_t011.spt
事件のニオイだ！,The smell of the case!,romfs\story\spt\npc_m_3e_meda_000_s10_t011.spt
要チェックだ！,Check it out!,romfs\story\spt\npc_m_3e_meda_000_s10_t011.spt
すごいやつ！,A great one!,romfs\story\spt\npc_m_3e_meda_101_s01_t011.spt
なんか事件とか起きないかなー。,I wonder if there will be some kind of incident or something.,romfs\story\spt\npc_m_3e_meda_101_s01_t011.spt
あいかわらずスキがない…,"As usual, no squeaks...",romfs\story\spt\npc_m_3e2_140_s01_t011.spt
くっ、こいつ,"Damn, this guy.",romfs\story\spt\npc_m_3e2_140_s01_t011.spt
動けん！,I can't move!,romfs\story\spt\npc_m_3e2_140_s01_t011.spt
むむむ、まずい展開だぞこうなったら…,"Mm-mm, this is a bad turn of events...",romfs\story\spt\npc_m_3e2_140_s03_t011.spt
よしチュウゲン！　作戦Ｂだ、Ｂだぞビー！！,"Okay, Chugen!　Operation B. That's B, Bee!",romfs\story\spt\npc_m_3e2_140_s03_t011.spt
チュウゲンハオー,Chugen Hao,romfs\story\spt\npc_m_3e2_meda_000_s00_t001.spt
ヒマだー。,Hima.,romfs\story\spt\npc_m_3e2_meda_140_s01_t011.spt
この島のあいつらは、本土のやつより手ごわいぜ！,Those guys on this island are tougher than the ones on the mainland!,romfs\story\spt\npc_m_3f_000_s01_t011.spt
ブロッソメイル,brothomail,romfs\story\spt\npc_m_3f_000_s01_t011.spt
別に禁止されてるワケでもねえが…,It's not like it's forbidden...,romfs\story\spt\npc_m_3f_000_s01_t011.spt
学校の外は、あんまりウロつかねーほうがいいぞ。,Don't hang around outside the school too much.,romfs\story\spt\npc_m_3f_000_s01_t011.spt
野良がうろちょろしてっからな！,There's a stray wandering around!,romfs\story\spt\npc_m_3f_000_s01_t011.spt
１年か？,One year?,romfs\story\spt\npc_m_3f_000_s01_t011.spt
おちおち寝転がってもいられねえぜ。,I can't even lie down.,romfs\story\spt\npc_m_3f_000_s06_t011.spt
夏といえばビーチだが…,"Summer is all about the beach, but...",romfs\story\spt\npc_m_3f_000_s06_t011.spt
最近あのヘンの野良どもが妙に積極的で困る。,I'm having trouble with those Hen strays being strangely aggressive lately.,romfs\story\spt\npc_m_3f_000_s06_t011.spt
気づけばロボトル大会になっちまうからな。,"If you notice, it turns into a robo-bottle contest.",romfs\story\spt\npc_m_3f_000_s06_t011.spt
ふっ、いよいよこの時期がやってきたか。,"Phew, this time of year has finally arrived.",romfs\story\spt\npc_m_3f_000_s07_t011.spt
アイドル部のショーも楽しみだぜ…,I can't wait to see the Idol Club show...,romfs\story\spt\npc_m_3f_000_s07_t011.spt
年に一度の晴れ舞台…　オレのピックが火を噴くぜ。,Once a year on the big stage... my picks will be on fire.,romfs\story\spt\npc_m_3f_000_s07_t011.spt
屋上にヘリポートがあるんだったな。,You had a helipad on the roof.,romfs\story\spt\npc_m_3f_000_s10_t011.spt
思い出したぜ。,I remember now.,romfs\story\spt\npc_m_3f_000_s10_t011.spt
今すごいスピードで出て行ったの校長先生か？,Was that the principal who just left at great speed?,romfs\story\spt\npc_m_3f_000_s10_t021.spt
島にいないんじゃなかったのか…！？,I thought you weren't on the island...!,romfs\story\spt\npc_m_3f_000_s10_t021.spt
オレはいつでも準備オッケーだぜ！,I'm always ready!,romfs\story\spt\npc_m_3f_meda_000_s06_t011.spt
ロボトル大会？　いいぜ。,robattle tournament?　No problem.,romfs\story\spt\npc_m_3f_meda_000_s06_t011.spt
どっちがリードやるかは曲しだいさ。,It's up to the song as to which of us takes the lead.,romfs\story\spt\npc_m_3f_meda_000_s07_t011.spt
マスターもオレもそろってギタリストなんだぜ。,Master and I are both guitarists.,romfs\story\spt\npc_m_3f_meda_000_s07_t011.spt
またお祭りかー？,Another festival?,romfs\story\spt\npc_m_3f_meda_000_s10_t011.spt
体育祭が終わったばっかなのに、こんどはなんだ？,"The gymnastic festival has just ended, and now what?",romfs\story\spt\npc_m_3f_meda_000_s10_t011.spt
かかってこい！　さあ！,Come on!　Come on!,romfs\story\spt\npc_m_3f2_140_s01_t011.spt
どうした！,What's up!,romfs\story\spt\npc_m_3f2_140_s01_t011.spt
この作戦は…　使える！,This strategy... works!,romfs\story\spt\npc_m_3f2_140_s03_t011.spt
ふふふ、かかったな。,Hmmm...you got me.,romfs\story\spt\npc_m_3f2_140_s03_t011.spt
ほどほどにしておかないと,We need to keep it in moderation.,romfs\story\spt\npc_m_3f2_140_s08_t011.spt
メダリア探しももちろんいいが,Of course you can look for medallions.,romfs\story\spt\npc_m_3f2_140_s08_t011.spt
今日はとうとう部長までチコクかよ。,"Today, even the head of the department is finally chickered.",romfs\story\spt\npc_m_3f2_140_s08_t011.spt
夢中になりすぎるのも困りモンだぜ。,"You can't get too carried away, you know.",romfs\story\spt\npc_m_3f2_140_s08_t011.spt
禁止令出されちまうぞ…,You'll get a ban...,romfs\story\spt\npc_m_3f2_140_s08_t011.spt
アシュトン,Ashton.,romfs\story\spt\npc_m_3f2_meda_000_s00_t001.spt
オレも試合してーぞ！,I want to play too!,romfs\story\spt\npc_m_3f2_meda_140_s01_t011.spt
マスター早くしろ！,"Master, hurry up!",romfs\story\spt\npc_m_3f2_meda_140_s01_t011.spt
今日は練習お休みか？？,No practice today?,romfs\story\spt\npc_m_3f2_meda_140_s08_t011.spt
それは困るから、頼まれるぞ。,"You don't want that, they're going to ask you to do it.",romfs\story\spt\npc_pc01_meda_161_s05_t001.spt
だからさあ…,"So, you know...",romfs\story\spt\npc_pc01_meda_161_s05_t001.spt
で、どうすればいいんだ？,So what do we do?,romfs\story\spt\npc_pc01_meda_161_s05_t001.spt
で、セッシャはなにをすればいいのだ？,So what is Sesha to do?,romfs\story\spt\npc_pc01_meda_161_s05_t001.spt
なにを頼むのだ？,What are you asking?,romfs\story\spt\npc_pc01_meda_161_s05_t001.spt
夏休みがなくなる？,No more summer vacation?,romfs\story\spt\npc_pc01_meda_161_s05_t001.spt
明日の面接、頼むよ。,"Interview tomorrow, please.",romfs\story\spt\npc_pc01_meda_161_s05_t001.spt
結果しだいでオレ、夏休みなくなっちゃうんだ。,"Depending on the results, I may lose my summer vacation.",romfs\story\spt\npc_pc01_meda_161_s05_t001.spt
くんのこと心配？,Are you worried about your son?,romfs\story\spt\npc_pc01_meda_161_s09_t011.spt
ぜんぜんしてないぞ。,I haven't done that at all.,romfs\story\spt\npc_pc01_meda_161_s09_t011.spt
ウソついてもダメ。,You can't lie.,romfs\story\spt\npc_pc01_meda_161_s09_t011.spt
シンパイだと？,Simpai?,romfs\story\spt\npc_pc01_meda_161_s09_t011.spt
シンパイ？,Simpai?,romfs\story\spt\npc_pc01_meda_161_s09_t011.spt
ワタシにはわかるワ。,I know what I'm talking about.,romfs\story\spt\npc_pc01_meda_161_s09_t011.spt
すごい落ちたな！,That's a hell of a fall!,romfs\story\spt\npc_pc01_meda_339_s08_t011.spt
とりあえず、戻れそうなところを,"In the meantime, I'm just trying to get back to where I can get back to.",romfs\story\spt\npc_pc01_meda_339_s08_t011.spt
探すしかないだろ。,You'll just have to find it.,romfs\story\spt\npc_pc01_meda_339_s08_t011.spt
さっさと,quickly,romfs\story\spt\npc_pc02_000_s02_t021.spt
そう！　考えごとよ。,"Yes, it is!　It's just a thought.",romfs\story\spt\npc_pc02_000_s02_t021.spt
なっ,"used to express approval, especially in slurred or unclear speech (abbr. of interjection ""no"")",romfs\story\spt\npc_pc02_000_s02_t021.spt
わたしのことなんか、どうでもいいでしょ。,You don't care about me.,romfs\story\spt\npc_pc02_000_s02_t021.spt
わたしは、その、か、,"I am, well, I don't know,",romfs\story\spt\npc_pc02_000_s02_t021.spt
寮に戻る途中で、ちょっとぼーっとして――,"On the way back to the dorms, I kind of spaced out and--",romfs\story\spt\npc_pc02_000_s02_t021.spt
見つけてよねっ。,"Find it, will you?",romfs\story\spt\npc_pc02_000_s02_t021.spt
な、なによ。,What? What?,romfs\story\spt\npc_pc02_000_s02_t031.spt
て、ふつうそうよね…,"I know, right?",romfs\story\spt\npc_pc02_110_s06_t001.spt
校長室…　よく考えてみたら初めて入ったわ。,"The principal's office... on second thought, this is the first time I've been in there.",romfs\story\spt\npc_pc02_110_s06_t001.spt
なんだか研究室みたい。,It's kind of like a laboratory.,romfs\story\spt\npc_pc02_111_s06_t001.spt
校長室の下にこんな部屋があるなんて…,I can't believe they have a room like this under the principal's office...,romfs\story\spt\npc_pc02_111_s06_t001.spt
半径１メートル以内に入らないで。,Do not enter within a one-meter radius.,romfs\story\spt\npc_pc02_117_s01_t001.spt
用が無いなら話しかけないで。,"If you don't need me, don't talk to me.",romfs\story\spt\npc_pc02_117_s01_t001.spt
あいつゼッタイ性格悪いから。,He definitely has a bad character.,romfs\story\spt\npc_pc02_117_s04_t001.spt
あれゼッタイ演技だから。,That was definitely an act.,romfs\story\spt\npc_pc02_117_s04_t001.spt
どうせどうせどうせ――,I don't know. I don't know. I don't know.,romfs\story\spt\npc_pc02_117_s04_t001.spt
なにが『ですぅ』よ。,"What's with the ""desu""?",romfs\story\spt\npc_pc02_117_s04_t001.spt
わざとらし～。,Deliberate~.,romfs\story\spt\npc_pc02_117_s04_t001.spt
性格悪いのお前だろって？,You're the one with the bad character?,romfs\story\spt\npc_pc02_117_s04_t001.spt
悪かったわねセーカクサイアクで。,"My bad, Sacajawea.",romfs\story\spt\npc_pc02_117_s04_t001.spt
言ってない言ってない。,"I didn't say it, I didn't say it.",romfs\story\spt\npc_pc02_117_s04_t001.spt
おいっ。,Hey.,romfs\story\spt\npc_pc02_117_s04_t002.spt
前はぜんぜんキョウミなかったのに。,I didn't have any kyomi before.,romfs\story\spt\npc_pc02_161_meda_s05_t001.spt
探検部に入ったからかな。,Maybe it's because I joined the exploration club.,romfs\story\spt\npc_pc02_161_meda_s05_t001.spt
最近ミオとね、ロボトルの話たくさんするの。,Mio and I have been talking a lot about robottles lately.,romfs\story\spt\npc_pc02_161_meda_s05_t001.spt
おとなしくしてますって、…しばらくはね。,He says he'll be quiet...for a while.,romfs\story\spt\npc_pc02_161_s03_t001.spt
なんだかつまんなそーな部よね探検部って。,"The Exploration Club is kind of a boring club, isn't it?",romfs\story\spt\npc_pc02_161_s03_t001.spt
はいはい、わかってますって。,"Yes, yes, I know.",romfs\story\spt\npc_pc02_161_s03_t001.spt
まだなんにもしてないよ？,"I haven't done anything yet, okay?",romfs\story\spt\npc_pc02_161_s03_t001.spt
もーミオ、すぐそういうのやめようよ。,"Mo-Mio, let's stop that kind of thing right away.",romfs\story\spt\npc_pc02_161_s03_t001.spt
ヤクソク忘れちゃった？,Have you forgotten Yakshok?,romfs\story\spt\npc_pc02_161_s03_t001.spt
探検ねえ…,Exploring...,romfs\story\spt\npc_pc02_161_s03_t001.spt
辞めちゃおっかなー。,I think I should quit.,romfs\story\spt\npc_pc02_161_s03_t001.spt
さっさと済ませたら？,Why don't you just get it over with?,romfs\story\spt\npc_pc02_161_s03_t011.spt
部長に報告するんでしょ？,"You report to the director, don't you?",romfs\story\spt\npc_pc02_161_s03_t011.spt
ねえ、まだどっか行く気…？,"Hey, are you still going somewhere...?",romfs\story\spt\npc_pc02_161_s03_t021.spt
わたし今日はもう寮に帰りたいんだけど。,I want to go back to the dormitory today.,romfs\story\spt\npc_pc02_161_s03_t021.spt
早くおフロに入りたいわ。,I can't wait to get into the floo.,romfs\story\spt\npc_pc02_161_s03_t021.spt
そう、勝ち抜き戦なんだ大会って。,"Yes, it's a winner-take-all competition, a tournament.",romfs\story\spt\npc_pc02_161_s04_t001.spt
それがなにか？,What is it?,romfs\story\spt\npc_pc02_161_s04_t001.spt
でもその１戦だけだよ。,But it's just that one game.,romfs\story\spt\npc_pc02_161_s04_t001.spt
な、なに？,What? What?,romfs\story\spt\npc_pc02_161_s04_t001.spt
ねえミオ。ロボトル大会だって。,Hey Mio. I heard about the robattle tournament.,romfs\story\spt\npc_pc02_161_s04_t001.spt
ひとつ聞きたいんだけど…,Let me ask you something...,romfs\story\spt\npc_pc02_161_s04_t001.spt
ひょっとしてミオ,"By any chance, Mio.",romfs\story\spt\npc_pc02_161_s04_t001.spt
ま、まあそう…　かな。,"Well, yeah... I guess.",romfs\story\spt\npc_pc02_161_s04_t001.spt
ロボトル大会に出たことないの？,You've never been to a robattle tournament?,romfs\story\spt\npc_pc02_161_s04_t001.spt
公式のロボトル大会か…　ふうん。,An official robattle competition... Hmmm.,romfs\story\spt\npc_pc02_161_s04_t001.spt
公式のロボトル大会はふつうそうだよ。,Official robattle competitions usually do.,romfs\story\spt\npc_pc02_161_s04_t001.spt
勝ち抜けば――,If we win out--,romfs\story\spt\npc_pc02_161_s04_t001.spt
勝ち抜けば、また出場メンバーを選びなおせるから。,"If we win out, we can re-select the contestants.",romfs\story\spt\npc_pc02_161_s04_t001.spt
大会って３人で１チーム制なの？,Does the tournament have a three-person team system?,romfs\story\spt\npc_pc02_161_s04_t001.spt
楽しみだねー。,I'm looking forward to it!,romfs\story\spt\npc_pc02_161_s04_t001.spt
勝ち抜き戦か…　ふうん。,A winner-takes-all competition... Hmmm.,romfs\story\spt\npc_pc02_161_s04_t002.spt
だよね？,Right?,romfs\story\spt\npc_pc02_161_s04_t011.spt
わたしじゃなくて、リョウマさんに知らせなさいよ。,"Not me, but inform Mr. Ryoma.",romfs\story\spt\npc_pc02_161_s04_t011.spt
スジがいいって、ほめコトバ？,Is that a compliment?,romfs\story\spt\npc_pc02_161_s04_t011.spt
最近ロボトルうまくなったもんね、わたした――,"You've been getting better at robattle lately, haven't you?",romfs\story\spt\npc_pc02_161_s04_t011.spt
準備が終わったんなら,If you're done preparing.,romfs\story\spt\npc_pc02_161_s04_t011.spt
あんたは大変よね。,"It's hard for you, isn't it?",romfs\story\spt\npc_pc02_161_s05_t001.spt
うふふふふ。,Mmm-hmm.,romfs\story\spt\npc_pc02_161_s05_t001.spt
の,"(at sentence-end, falling tone) indicates a confident conclusion",romfs\story\spt\npc_pc02_161_s05_t001.spt
ま、わたしは落第の心配もないし,"Well, I don't have to worry about flunking out.",romfs\story\spt\npc_pc02_161_s05_t001.spt
よりによって、テスト休みにパーツを盗むなんて,Of all the times to steal parts during a test break.,romfs\story\spt\npc_pc02_161_s05_t001.spt
オリジナルパーツも無事だし、別にいいけどね。,"The original parts are safe, though, so I don't mind.",romfs\story\spt\npc_pc02_161_s05_t001.spt
メーワクなやつよね。,It's a me-too kind of thing.,romfs\story\spt\npc_pc02_161_s05_t001.spt
うぷぷ。,Uppppu.,romfs\story\spt\npc_pc02_161_s05_t002.spt
特待生がラクダイなんて前代未聞じゃないの？,Isn't it unheard of for a special student to be a Rakdai?,romfs\story\spt\npc_pc02_161_s05_t002.spt
あづぃ～。,Azui~.,romfs\story\spt\npc_pc02_161_s06_t001.spt
え～、ないの～！？,"Oh, no!",romfs\story\spt\npc_pc02_161_s06_t001.spt
クーラーぐらいつけなさいよ～。,At least turn on the air conditioner!,romfs\story\spt\npc_pc02_161_s06_t001.spt
ムカつくぅ～。,I'm so pissed off!,romfs\story\spt\npc_pc02_161_s06_t001.spt
信じられない、なにこのボロ部屋～。,"I can't believe it, what a shabby room!",romfs\story\spt\npc_pc02_161_s06_t001.spt
で、どうすんの？,So what are you going to do?,romfs\story\spt\npc_pc02_161_s06_t010.spt
今日はもうお開き？,Are we done for the day?,romfs\story\spt\npc_pc02_161_s06_t010.spt
ぜったいなにかあるわ、あのふたり…,There's definitely something going on with those two...,romfs\story\spt\npc_pc02_161_s06_t015.spt
怪しい…,Suspicious...,romfs\story\spt\npc_pc02_161_s06_t015.spt
つがれた～あづい～。,Pinched - ah dang!,romfs\story\spt\npc_pc02_161_s06_t021.spt
もうい～でしょ今日は終わりにしましょうよ～。,"That's enough, let's call it a day!",romfs\story\spt\npc_pc02_161_s06_t021.spt
あのカイゾクみたいな校長先生がいるのよね？,"You know that kaizoku-like principal there, right?",romfs\story\spt\npc_pc02_161_s06_t031.spt
さらわれて異国に売られちゃうわよきっと。,"They will be kidnapped and sold to a foreign country, I'm sure.",romfs\story\spt\npc_pc02_161_s06_t031.spt
やめといたほうがいいんじゃない？,Maybe you shouldn't do that.,romfs\story\spt\npc_pc02_161_s06_t031.spt
こんどこそマトモに動くんでしょうね。,I guess it will work properly this time.,romfs\story\spt\npc_pc02_161_s06_t041.spt
ムダに駆けずり回るのもうイヤよ。,I don't want to waste time running around.,romfs\story\spt\npc_pc02_161_s06_t041.spt
あ～あ、結局こうなるのね…,"Ahhhh, so this is what happens in the end...",romfs\story\spt\npc_pc02_161_s06_t051.spt
な～んか納得いかないわ、やっぱり…,"I don't know, I'm not convinced... I knew it...",romfs\story\spt\npc_pc02_161_s07_t001.spt
公開ねえ。,Public disclosure.,romfs\story\spt\npc_pc02_161_s07_t001.spt
話すことなんてなにもないんだけど。,I don't have anything to say.,romfs\story\spt\npc_pc02_161_s07_t031.spt
だれもかれもメダリアメダリアって…,"Everyone is saying ""medalia, medalia, medalia...",romfs\story\spt\npc_pc02_161_s08_t001.spt
やっぱり公開しなかったほうが,I still think it's better not to make it public.,romfs\story\spt\npc_pc02_161_s08_t001.spt
ホントにこれ、うちのメリットになってるの？,Is this really a benefit to our company?,romfs\story\spt\npc_pc02_161_s08_t001.spt
良かったんじゃないの？,Wasn't that good?,romfs\story\spt\npc_pc02_161_s08_t001.spt
なにやってんのよあのバカは…,What is that idiot doing...,romfs\story\spt\npc_pc02_161_s09_t011.spt
まったく！,Not at all!,romfs\story\spt\npc_pc02_161_s09_t011.spt
な、なに？　今の揺れがなんだっていうの？,What? What?　What's with the shaking now?,romfs\story\spt\npc_pc02_161_s10_t011.spt
わりとよくあるただの地震――　じゃないの？？,It's not just a common earthquake?,romfs\story\spt\npc_pc02_161_s10_t011.spt
なによ、ダンスの見学に来たんでしょ？,"What, you came to observe a dance?",romfs\story\spt\npc_pc02_163_s07_t001.spt
もう終わったんだから、さっさと帰りなさいよ。,"It's over now, so get the hell out of here.",romfs\story\spt\npc_pc02_163_s07_t001.spt
あ～あ～,"Oh, no!",romfs\story\spt\npc_pc02_230_s03_t001.spt
これ、洗ったら落ちるのかしら…,I wonder if this will come off if I wash it...,romfs\story\spt\npc_pc02_230_s03_t001.spt
さっさと調査とやらに戻ったら？,Why don't you get back to your research and stuff?,romfs\story\spt\npc_pc02_230_s03_t001.spt
なに見てるのよ。,What are you looking at?,romfs\story\spt\npc_pc02_230_s03_t001.spt
わたしのことは放っといて。,Leave me alone.,romfs\story\spt\npc_pc02_230_s03_t001.spt
帰ったら、すぐにおフロ入らなきゃ…,I'll have to take a bath as soon as I get home...,romfs\story\spt\npc_pc02_230_s03_t001.spt
髪も服もホコリだらけ。,My hair and clothes are dusty.,romfs\story\spt\npc_pc02_230_s03_t001.spt
どうすんのよコレ…,What are we going to do with this...,romfs\story\spt\npc_pc02_339_s08_t011.spt
なっ、なによ、なんとなくはなんとなくよ。,What? What? Somehow is somehow.,romfs\story\spt\npc_pc02_343_s07_t011.spt
深く考えるんじゃないわよっ。,Don't think too much.,romfs\story\spt\npc_pc02_343_s07_t011.spt
ラピス（Ｆ）,Lapis (F),romfs\story\spt\npc_pc02_meda_000_s00_t001.spt
ほら会長さん見てるよ？,"Look, Mr. Chairman, I'm looking at you.",romfs\story\spt\npc_pc02_meda_102_s09_t011.spt
寝ちゃダメだよミオ！,"Don't sleep, Mio!",romfs\story\spt\npc_pc02_meda_102_s09_t011.spt
ミオってば、もー。,"Mio, you're such a jerk.",romfs\story\spt\npc_pc02_meda_117_s01_t001.spt
よけーなこと言わない！,I'm not going to say anything nice!,romfs\story\spt\npc_pc02_meda_132_s07_t011.spt
ホントはミオもとっても――,"In fact, Mio is very...",romfs\story\spt\npc_pc02_meda_132_s07_t011.spt
ミオのこと心配してくれるの？　ありがと。,Are you worried about Mio?　Thanks.,romfs\story\spt\npc_pc02_meda_132_s07_t011.spt
これからもっと楽しくなるといいな。,Hopefully it will be more fun in the future.,romfs\story\spt\npc_pc02_meda_161_s03_t011.spt
楽しかった。,It was fun.,romfs\story\spt\npc_pc02_meda_161_s03_t011.spt
楽しみー。,I'm looking forward to it.,romfs\story\spt\npc_pc02_meda_161_s04_t002.spt
くん見てるよ？　はずかしいよ？,"I'm looking at you, kun.　It's embarrassing, okay?",romfs\story\spt\npc_pc02_meda_161_s06_t001.spt
ここ女子寮じゃないんだよ？,"This is not a women's dormitory, okay?",romfs\story\spt\npc_pc02_meda_161_s06_t001.spt
ねえミオ、だらけすぎだよ？,"Hey Mio, you're too full of it, okay?",romfs\story\spt\npc_pc02_meda_161_s06_t001.spt
ほら、ちゃんとして。,"Here, get it right.",romfs\story\spt\npc_pc02_meda_161_s06_t001.spt
次はどこに行くのかな。,Where will they go next?,romfs\story\spt\npc_pc02_meda_161_s06_t010.spt
行ったことないところがいいな。,I like places I've never been.,romfs\story\spt\npc_pc02_meda_161_s06_t010.spt
見つかるかな？,Can you find it?,romfs\story\spt\npc_pc02_meda_161_s06_t041.spt
けどメダリア探し楽しかったよ。,But I had fun looking for medallions.,romfs\story\spt\npc_pc02_meda_161_s06_t051.spt
残念だったね。,Sorry to hear that.,romfs\story\spt\npc_pc02_meda_161_s06_t051.spt
だけどまたメダリア探しできるよ？,"But we can look for medallions again, right?",romfs\story\spt\npc_pc02_meda_161_s07_t001.spt
よかったね。,Good for you.,romfs\story\spt\npc_pc02_meda_161_s07_t001.spt
パーツ見つかってよかった。,Glad you found the part.,romfs\story\spt\npc_pc02_meda_161_s07_t031.spt
フローラ喜ぶだろうな。,Flora would be delighted.,romfs\story\spt\npc_pc02_meda_161_s07_t031.spt
くん…,Kun...,romfs\story\spt\npc_pc02_meda_161_s09_t011.spt
ぶじだよね？,You're sure?,romfs\story\spt\npc_pc02_meda_161_s09_t011.spt
いろんなことがいっぱい起こって,A lot of things happened.,romfs\story\spt\npc_pc02_meda_161_s10_t011.spt
よくわからなくなっちゃうね。,I'm not really sure.,romfs\story\spt\npc_pc02_meda_161_s10_t011.spt
なにがあってもわたしがいっしょよ？,"I'll be with you no matter what, okay?",romfs\story\spt\npc_pc02_meda_161_s11_t011.spt
心配しないでミオ。,Don't worry Mio.,romfs\story\spt\npc_pc02_meda_161_s11_t011.spt
くすん…,Smoldering...,romfs\story\spt\npc_pc02_meda_343_s07_t011.spt
あんまりあちこち触らないほうが…,You shouldn't touch it too much...,romfs\story\spt\npc_pc03_110_s06_t001.spt
くんも探すの手伝ってよ。,"Help me look for it, too, kun.",romfs\story\spt\npc_pc03_110_s06_t001.spt
ここかな？,Is it here?,romfs\story\spt\npc_pc03_110_s06_t001.spt
この部屋には、なにか仕掛けがあると思うんだ。,I think there is some trick in this room.,romfs\story\spt\npc_pc03_110_s06_t001.spt
ちがうか、う～ん…,"No, hmmm...",romfs\story\spt\npc_pc03_110_s06_t001.spt
な、なにしてるんですか？,"Hey, what are you doing?",romfs\story\spt\npc_pc03_110_s06_t001.spt
なにかを、だよ。,"Something, you know.",romfs\story\spt\npc_pc03_110_s06_t001.spt
なにをです？,What?,romfs\story\spt\npc_pc03_110_s06_t001.spt
すごいね。,That's great.,romfs\story\spt\npc_pc03_111_s06_t001.spt
まるで悪の科学者のヒミツの実験室みたい。,It's like an evil scientist's secret laboratory.,romfs\story\spt\npc_pc03_111_s06_t001.spt
実際そうだったりしてね。,"In fact, it was.",romfs\story\spt\npc_pc03_111_s06_t001.spt
…部長なんですし。,...and I'm the head of the department.,romfs\story\spt\npc_pc03_161_s02_t011.spt
ちゃんときみについて行くからさ。,I'll be right behind you.,romfs\story\spt\npc_pc03_161_s02_t011.spt
でもエンリョしないで、どんどん決めちゃってよ。,"But don't enlist, just go ahead and make your decision.",romfs\story\spt\npc_pc03_161_s02_t011.spt
むしろ先に立ってほしいんですが。,I'd rather you stand first.,romfs\story\spt\npc_pc03_161_s02_t011.spt
ん？　ぼくのことなら気にしないで大丈夫だよ。,Hmm?　Don't worry about me.,romfs\story\spt\npc_pc03_161_s02_t011.spt
ケンキョだなあ、はっはっは。,"That's kenkyo, haha.",romfs\story\spt\npc_pc03_161_s02_t011.spt
あれ、なんなんですか？,What is that?,romfs\story\spt\npc_pc03_161_s02_t012.spt
いや笑い事じゃなくて。,"No, it's not funny.",romfs\story\spt\npc_pc03_161_s02_t012.spt
ところで、どう？,"By the way, how's it going?",romfs\story\spt\npc_pc03_161_s02_t012.spt
なかなか広くていい部屋でしょ。,"It's quite a spacious room, isn't it?",romfs\story\spt\npc_pc03_161_s02_t012.spt
なんであんな空間が学校の部室棟の中に？,Why is that space in the school's club building?,romfs\story\spt\npc_pc03_161_s02_t012.spt
ま、おいおい教えてあげるよ。,"Well, hey, I'll tell you.",romfs\story\spt\npc_pc03_161_s02_t012.spt
ダンジョンっていうか…,It's not a dungeon...,romfs\story\spt\npc_pc03_161_s02_t012.spt
フシギでしょー。,"It's a fushigi, isn't it?",romfs\story\spt\npc_pc03_161_s02_t012.spt
今は部の存続のためにがんばろうじゃないか。,"Let's do our best to keep the club alive now, shall we?",romfs\story\spt\npc_pc03_161_s02_t012.spt
倉庫っていうか,"I mean, a warehouse.",romfs\story\spt\npc_pc03_161_s02_t012.spt
地下には広い倉庫までついてるしねー。,There is even a large warehouse in the basement.,romfs\story\spt\npc_pc03_161_s02_t012.spt
いやあ、おもしろいねこれは。,"Well, this is interesting.",romfs\story\spt\npc_pc03_161_s03_t001.spt
いやいや――,"No, no, no--",romfs\story\spt\npc_pc03_161_s03_t001.spt
おもしろいけど大変だ。,It's interesting but hard work.,romfs\story\spt\npc_pc03_161_s03_t001.spt
こりゃ、ハードから手作りしないとダメかなあ。,I guess I'll have to make it by hand from the hardware.,romfs\story\spt\npc_pc03_161_s03_t001.spt
コネクタだけでもなんとかなれば,If we can manage just the connectors.,romfs\story\spt\npc_pc03_161_s03_t001.spt
メモリークリスタルの復元ツールなんて,I can't believe there's a memory crystal recovery tool.,romfs\story\spt\npc_pc03_161_s03_t001.spt
中身はたぶんいっしょのはずだよねえ…,I think they're probably all the same inside...,romfs\story\spt\npc_pc03_161_s03_t001.spt
問題は…,The problem is...,romfs\story\spt\npc_pc03_161_s03_t001.spt
望んで手に入るものじゃないからねえ。,It's not something you can get if you want it.,romfs\story\spt\npc_pc03_161_s03_t001.spt
いや、どっかじゃなくて我が高に。,"No, not somewhere else, but at our high school.",romfs\story\spt\npc_pc03_161_s03_t011.spt
メダ研あたりに聞いてみるかな、う～ん…,Maybe I'll ask around the Meda Institute... hmmm...,romfs\story\spt\npc_pc03_161_s03_t011.spt
どこから聞いてみる？,Where do you want to hear it from?,romfs\story\spt\npc_pc03_161_s05_t001.spt
やっぱりメダ研かな、期待できないけど。,"I still think it's the Meda Institute, though I don't expect it to be.",romfs\story\spt\npc_pc03_161_s05_t001.spt
この調子だと、あっという間に解析終わっちゃうよ。,"At this rate, the analysis will be over in no time.",romfs\story\spt\npc_pc03_161_s05_t002.spt
すごいよマインちゃん。,"That's great, Mine.",romfs\story\spt\npc_pc03_161_s05_t002.spt
夏休みには、メダリア探しができるかもしれない。,Maybe we can look for medallions during the summer vacation.,romfs\story\spt\npc_pc03_161_s05_t002.spt
楽しみだねえ。はっはっは。,I'm looking forward to it. Haha.,romfs\story\spt\npc_pc03_161_s05_t002.spt
きみはゼッタイに落としたりなくしたりしない係さ。,You are the one who will never drop or lose it.,romfs\story\spt\npc_pc03_161_s06_t001.spt
じゃあきみが音波を拾う係ね。,Then you are in charge of picking up the sound waves.,romfs\story\spt\npc_pc03_161_s06_t001.spt
なにか特別にやることあるんですか？,Do you have something special to do?,romfs\story\spt\npc_pc03_161_s06_t001.spt
ん？　ないよ？,Hmm?　No?,romfs\story\spt\npc_pc03_161_s06_t001.spt
クエストで決めたところに行くだけ。,Just go where the quest decides to go.,romfs\story\spt\npc_pc03_161_s06_t001.spt
マイク持ってるね？　うんうん。,"You have a microphone, right?　Mm-hmm.",romfs\story\spt\npc_pc03_161_s06_t001.spt
係…？,Section...?,romfs\story\spt\npc_pc03_161_s06_t001.spt
あんまり話しかけないようにね。,Don't talk to them too much.,romfs\story\spt\npc_pc03_161_s06_t010.spt
マインちゃんは、しばらくそっとしておこう。,Let's leave Mine alone for a while.,romfs\story\spt\npc_pc03_161_s06_t010.spt
さあさあビーチに行こうね。,"Come on, come on, let's go to the beach.",romfs\story\spt\npc_pc03_161_s06_t015.spt
早くしないと、また怒られちゃうよー。,"If I don't do it soon, I'll get angry again!",romfs\story\spt\npc_pc03_161_s06_t015.spt
さてさて、マインちゃんはどうかな。,"Well, well, well, Mine, I'm not so sure.",romfs\story\spt\npc_pc03_161_s06_t021.spt
そろそろかな。,I guess it's about time.,romfs\story\spt\npc_pc03_161_s06_t021.spt
行けばわかるさ、はっはっは。,"You'll understand when you get there, haha.",romfs\story\spt\npc_pc03_161_s06_t031.spt
テストがてらメダリアを探してみようか。,Let's look for medallias for testing.,romfs\story\spt\npc_pc03_161_s06_t041.spt
手近なフィールドを掲示板にピックアップしたよ。,I've picked up a handful of fields on the board.,romfs\story\spt\npc_pc03_161_s06_t041.spt
さあ、教頭室に行こう。,"Come on, let's go to the vice principal's office.",romfs\story\spt\npc_pc03_161_s06_t051.spt
気の重いことは早く終わらせなくちゃね。,I have to get the depressing stuff out of the way.,romfs\story\spt\npc_pc03_161_s06_t051.spt
やっとのんびりできると思ったのになあ。,I thought I could finally relax.,romfs\story\spt\npc_pc03_161_s07_t001.spt
やれやれ。,Oh dear.,romfs\story\spt\npc_pc03_161_s07_t001.spt
文化祭なんて、なくなっちゃえばいいのに。,I wish cultural festivals would disappear.,romfs\story\spt\npc_pc03_161_s07_t001.spt
アイドル部だね。,It's an idol club.,romfs\story\spt\npc_pc03_161_s07_t011.spt
水車小屋だね？,"Water mill, right?",romfs\story\spt\npc_pc03_161_s07_t021.spt
行ったことないけど、行こう行こう。,"I've never been, but let's go, let's go.",romfs\story\spt\npc_pc03_161_s07_t021.spt
せっかくパーツ見つかったのに。,I went to the trouble of finding parts.,romfs\story\spt\npc_pc03_161_s07_t031.spt
とにかく早く行って渡してあげよう。,"Anyway, I'll go there as soon as possible and give it to him.",romfs\story\spt\npc_pc03_161_s07_t031.spt
ん？　どうしたの？,Hmm?　What's wrong?,romfs\story\spt\npc_pc03_161_s07_t031.spt
アイドル部か…　いやもう体育館かな？,Idol club... or is it already a gymnasium?,romfs\story\spt\npc_pc03_161_s07_t031.spts
いやいや、大人気だね。,"No, no, no, it's very popular.",romfs\story\spt\npc_pc03_161_s08_t011.spt
正直ここまで流行るとは思わなかったよ。,I honestly didn't think it would be this popular.,romfs\story\spt\npc_pc03_161_s08_t011.spt
今はあのふたりを追いかけよう。,Now let's go after those two.,romfs\story\spt\npc_pc03_161_s10_t011.spt
話はまたこんど。,We'll talk about it another time.,romfs\story\spt\npc_pc03_161_s10_t011.spt
ちゃんと準備してから行こう。,Let's prepare properly before we go.,romfs\story\spt\npc_pc03_161_s11_t011.spt
出ればきっと戦いが待ってるよ。,I'm sure you'll have a fight on your hands when you get out.,romfs\story\spt\npc_pc03_161_s11_t011.spt
いやいや、そこをなんとか…,"No, no, no, we'll manage that...",romfs\story\spt\npc_pc03_211_s02_t001.spt
こりゃ収穫は期待できないかな…,I don't think we can expect a good harvest...,romfs\story\spt\npc_pc03_211_s02_t001.spt
ていうか、そもそもバッテリーが抜かれてるな。,"Or rather, the battery was pulled out in the first place.",romfs\story\spt\npc_pc03_211_s02_t001.spt
なんかないかなあ…,I wonder if there is anything...,romfs\story\spt\npc_pc03_211_s02_t001.spt
ハコの中は、どれもほとんど空っぽだ。,All of the hacksaws are almost empty.,romfs\story\spt\npc_pc03_211_s02_t001.spt
バッテリーどころじゃない。,It's not about batteries.,romfs\story\spt\npc_pc03_211_s02_t001.spt
当然ながら動力は来てないか…,"Of course, the power didn't come...",romfs\story\spt\npc_pc03_211_s02_t001.spt
うーん実に実に興味深い。,Very interesting indeed.,romfs\story\spt\npc_pc03_211_s02_t011.spt
こう手探りじゃどうしようもないよ。,You can't help it if you're groping around like this.,romfs\story\spt\npc_pc03_211_s02_t011.spt
とりあえず明かり…　電源は、と…,"Lights for now... Power is on, and...",romfs\story\spt\npc_pc03_211_s02_t011.spt
興味深いけど暗いなあ。,Interesting but dark.,romfs\story\spt\npc_pc03_211_s02_t011.spt
こりゃ収穫は期待できないかな？,I don't think we can expect any harvest from this.,romfs\story\spt\npc_pc03_211_s02_t021.spt
そもそもハードディスクが抜かれてる。,The hard drive was pulled out in the first place.,romfs\story\spt\npc_pc03_211_s02_t021.spt
なぜだか電源は入るけども、だ。,"For some reason, though, it turns on.",romfs\story\spt\npc_pc03_211_s02_t021.spt
当然ながらソフトは残されていない、か…,"Naturally, no software is left behind, or...",romfs\story\spt\npc_pc03_211_s02_t021.spt
ここは…　ダメか。,This place is... no good?,romfs\story\spt\npc_pc03_339_s08_t011.spt
この茂みの先も…　ナラクの底だねえ、う～ん…,"Beyond these bushes, too... the bottom of Narak, hmmm...",romfs\story\spt\npc_pc03_339_s08_t011.spt
まるでミイラ取りがミイラになっちゃったみたいな,It's as if the mummies have turned into mummies.,romfs\story\spt\npc_pc03_343_s07_t011.spt
脚部パーツを取りに来たら,When I came to pick up the leg parts.,romfs\story\spt\npc_pc03_343_s07_t011.spt
脚部パーツを盗られちゃった、…か。,I've had my leg parts stolen........,romfs\story\spt\npc_pc03_343_s07_t011.spt
話だよねえ。,"It's a story, right?",romfs\story\spt\npc_pc03_343_s07_t011.spt
サンゴ（Ｆ）,Coral (F),romfs\story\spt\npc_pc03_meda_000_s00_t001.spt
バレたらたいへんヨ。,"If they find out, it will be a big problem.",romfs\story\spt\npc_pc03_meda_102_s09_t011.spt
マスター起きテ。,Master wake up.,romfs\story\spt\npc_pc03_meda_102_s09_t011.spt
今日はどこにおでかけするノ？,Where are you going out today?,romfs\story\spt\npc_pc03_meda_161_s02_t011.spt
うれしいワ。,I'm so happy.,romfs\story\spt\npc_pc03_meda_161_s03_t001.spt
オトモダチがいっぱい。,Lots of otomodachi.,romfs\story\spt\npc_pc03_meda_161_s03_t001.spt
おかえりなさイ。,Welcome back.,romfs\story\spt\npc_pc03_meda_161_s03_t011.spt
なにを聞いてもムダだと思うワ。,I don't think it's worth asking.,romfs\story\spt\npc_pc03_meda_161_s03_t021.spt
今マスター頭の中がとってもいそがしいノ。,I'm very busy in my master's head right now.,romfs\story\spt\npc_pc03_meda_161_s03_t021.spt
またおでかけ？,Going out again?,romfs\story\spt\npc_pc03_meda_161_s06_t010.spt
今度はどこにおでかけするノ？,Where are you going out this time?,romfs\story\spt\npc_pc03_meda_161_s06_t010.spt
やっぱりおうちがいちばんネ。,"After all, home is the best place.",romfs\story\spt\npc_pc03_meda_161_s06_t021.spt
またまたおでかけ？,Out again?,romfs\story\spt\npc_pc03_meda_161_s06_t041.spt
たいへんネ。,"Oh, my gosh.",romfs\story\spt\npc_pc03_meda_161_s07_t001.spt
さみしいワ。,I'll miss you.,romfs\story\spt\npc_pc03_meda_161_s07_t011.spt
ちゃんいないのネ？,Are you there?,romfs\story\spt\npc_pc03_meda_161_s07_t011.spt
こんどはどこにおでかけするノ？,Where will you go next time?,romfs\story\spt\npc_pc03_meda_161_s10_t011.spt
あの音。,That sound.,romfs\story\spt\npc_pc03_meda_161_s11_t011.spt
メダロットが戦っている音だワ。,It's the sound of medallions fighting.,romfs\story\spt\npc_pc03_meda_161_s11_t011.spt
もう少し…,A little more...,romfs\story\spt\npc_pc04.spt
準備ＯＫ,"ready, go!",romfs\story\spt\npc_pc04.spt
この状況…,This situation...,romfs\story\spt\npc_pc04_110_s06_t001.spt
冷静に考えると恐ろしくなるな…,It's frightening when you think about it calmly...,romfs\story\spt\npc_pc04_110_s06_t001.spt
お前は好きにしろ。,You do what you want.,romfs\story\spt\npc_pc04_110_s06_t002.spt
俺は残る。,I'm staying.,romfs\story\spt\npc_pc04_110_s06_t002.spt
見張りとは言わんが、さすがにな。,"I wouldn't call it a lookout, but as expected.",romfs\story\spt\npc_pc04_110_s06_t002.spt
近づく気配があったら、すぐに知らせる。,"If there is any sign of approach, let them know immediately.",romfs\story\spt\npc_pc04_110_s06_t002.spt
あればスクリーンをタッチして,Touch the screen if there is one.,romfs\story\spt\npc_pc04_161_s03_t003.spt
受けたいクエストを選んでみてくれ。,Pick the quest you want to take.,romfs\story\spt\npc_pc04_161_s03_t003.spt
気になる探索エリアはあるか？,Are there any areas to explore that you are interested in?,romfs\story\spt\npc_pc04_161_s03_t003.spt
さて、調査記録をつけてしまわんとな…,"Now, I've got to keep track of my research...",romfs\story\spt\npc_pc04_161_s03_t011.spt
時間を空けると、すぐ忘れてしまうからな…,I'll forget about it as soon as I give it some time...,romfs\story\spt\npc_pc04_161_s03_t011.spt
そろそろ寮に戻って休むか。,It's time to go back to the dorm and rest.,romfs\story\spt\npc_pc04_161_s03_t021.spt
まだがんばる気なら、もちろん付き合うがな。,"If you're still willing to work hard, of course I'll go out with you.",romfs\story\spt\npc_pc04_161_s03_t021.spt
今日はいろいろなことがあったしな。,And there's a lot going on today.,romfs\story\spt\npc_pc04_161_s03_t021.spt
疲れたか？,Tired?,romfs\story\spt\npc_pc04_161_s03_t021.spt
お前ちょっと、つついてみてくれ。,"You, hey, poke around a little bit.",romfs\story\spt\npc_pc04_161_s04_t001.spt
来たか,There you are.,romfs\story\spt\npc_pc04_161_s04_t001.spt
部長はあいかわらずだ。,The director is still the same.,romfs\story\spt\npc_pc04_161_s04_t001.spt
そろそろ体育館に移動するか？,Should we move to the gym soon?,romfs\story\spt\npc_pc04_161_s04_t010.spt
準備は万全か？,Are you ready?,romfs\story\spt\npc_pc04_161_s04_t010.spt
じゃあ行くか。,Then let's go.,romfs\story\spt\npc_pc04_161_s04_t020.spt
とっくに終わってるけど？,It's long overdue.,romfs\story\spt\npc_pc04_161_s04_t020.spt
ほかは？,What else?,romfs\story\spt\npc_pc04_161_s04_t020.spt
よし,good,romfs\story\spt\npc_pc04_161_s04_t020.spt
せっかくの大会だ。,It's a competition after all.,romfs\story\spt\npc_pc04_161_s04_t030.spt
セッティングを見直すのもいいかもしれん。,Might be a good idea to revisit the setting.,romfs\story\spt\npc_pc04_161_s04_t030.spt
時間はまだあるから、急がなくてもいい。,"There is still time, so there is no need to rush.",romfs\story\spt\npc_pc04_161_s04_t030.spt
さっさと片付けよう。,Let's get this over with.,romfs\story\spt\npc_pc04_161_s05_t001.spt
明日は試験だからな！,Tomorrow is the exam!,romfs\story\spt\npc_pc04_161_s05_t001.spt
せっかくの夏休みが勉強でつぶれるなんて,I can't believe I'm going to lose my summer vacation to studying.,romfs\story\spt\npc_pc04_161_s05_t002.spt
そう情けない顔をするな。,Don't look so pathetic.,romfs\story\spt\npc_pc04_161_s05_t002.spt
それは、そうですけど…,"That's true, but...",romfs\story\spt\npc_pc04_161_s05_t002.spt
でももし面接の結果が悪かったらと思うと…,But if the interview didn't go well...,romfs\story\spt\npc_pc04_161_s05_t002.spt
悩むだけ無駄だぞ。,Don't waste your time worrying about it.,romfs\story\spt\npc_pc04_161_s05_t002.spt
考えただけで、もう…　はあ。,Just thinking about it... haha.,romfs\story\spt\npc_pc04_161_s05_t002.spt
さて行くか…,"Well, let's go...",romfs\story\spt\npc_pc04_161_s06_t001.spt
と、こうして出発するのも久しぶりだな。,And it's been a long time since I left like this.,romfs\story\spt\npc_pc04_161_s06_t001.spt
さて、俺らはどうするかな。,"Well, what about us?",romfs\story\spt\npc_pc04_161_s06_t010.spt
どこか行くか？　行くなら付き合うが。,Do you want to go somewhere?　I'll go with you if you want.,romfs\story\spt\npc_pc04_161_s06_t010.spt
やっかいなヤツは見かけないが、数がな…,"I don't see any nasty ones, but there are so few...",romfs\story\spt\npc_pc04_161_s06_t015.spt
ビーチの野良メダロット討伐か。,A wild medallion defeat on the beach?,romfs\story\spt\npc_pc04_161_s06_t015.spt
あの子の集中力はすさまじいな。,That kid's concentration is tremendous.,romfs\story\spt\npc_pc04_161_s06_t021.spt
いくら話しかけても、まるで聞こえないみたいだ。,"No matter how much I talk to them, it seems as if they can't hear me.",romfs\story\spt\npc_pc04_161_s06_t021.spt
終わるまで待つしかないかもな。,Maybe we'll just have to wait until it's over.,romfs\story\spt\npc_pc04_161_s06_t021.spt
まあ、俺の頭で考えたところでどうにもならんな。,"Well, I can't help what I think in my head.",romfs\story\spt\npc_pc04_161_s06_t031.spt
発信源が校長室…　どういうことだ？,The source is the principal's office... what does that mean?,romfs\story\spt\npc_pc04_161_s06_t031.spt
まあ考えてもしかたない。,"Well, it's nothing to think about.",romfs\story\spt\npc_pc04_161_s06_t041.spt
セッティングできないのは困る。,I don't want to be unable to set it up.,romfs\story\spt\npc_pc04_161_s06_t051.spt
気は重い…　が行くしかないだろう。,I'm a bit nervous... but I guess I have no choice but to go.,romfs\story\spt\npc_pc04_161_s06_t051.spt
あまり弱いと格好がつかないからな。,"If it's too weak, it won't look good.",romfs\story\spt\npc_pc04_161_s07_t001.spt
本番までに少しは強化しておくか。,Let's strengthen it a bit before the show.,romfs\story\spt\npc_pc04_161_s07_t001.spt
お前も部長と同類だよな…,You're just like the head of the department...,romfs\story\spt\npc_pc04_161_s07_t011.spt
そうでしたっけ…？,Was it...?,romfs\story\spt\npc_pc04_161_s07_t011.spt
ま、いいんじゃないですか？,"Well, that's okay, isn't it?",romfs\story\spt\npc_pc04_161_s07_t011.spt
アイドル部か。,Idol club.,romfs\story\spt\npc_pc04_161_s07_t011.spt
ダンシキンセイ？,Danshi Kinsei?,romfs\story\spt\npc_pc04_161_s07_t011.spt
今までも追い出されたりしてませんしねー。,We haven't been kicked out before!,romfs\story\spt\npc_pc04_161_s07_t011.spt
確か男子禁制だったよな。,"As I recall, it was forbidden to boys.",romfs\story\spt\npc_pc04_161_s07_t011.spt
以前、あのメダロットと同型のパーツをつけている,I used to wear the same type of parts as that medallion.,romfs\story\spt\npc_pc04_161_s07_t021.spt
水車小屋のあたりだったか…,I think it was around the water mill...,romfs\story\spt\npc_pc04_161_s07_t021.spt
アイドル部のメダロットに合うか試してみよう。,Let's see if it fits the medallion in the idol club.,romfs\story\spt\npc_pc04_161_s07_t031.spt
パーツは手に入った。,Parts are in hand.,romfs\story\spt\npc_pc04_161_s07_t031.spt
※→新たなフィールドにフリークエストが追加される,※→Free quests are added to new fields.,romfs\story\spt\npc_pc04_161_s08_t001.spt
※クレーター方面に向かってください,※Please head towards the crater.,romfs\story\spt\npc_pc04_161_s08_t001.spt
※リョウマの力でフィールドのギミック解除などが,"※Ryoma's power to un-gimmick the field, etc.",romfs\story\spt\npc_pc04_161_s08_t001.spt
※受注トリガーは未定なので、今はここで,"※The order trigger has not yet been determined, so here it is now.",romfs\story\spt\npc_pc04_161_s08_t001.spt
　うちひとつが『クレーター周辺の探索』（仮称）,"　One of them is ""Exploring the Crater Area"" (tentative title).",romfs\story\spt\npc_pc04_161_s08_t001.spt
　可能になっている（具体的には保留）,　It is possible (pending specifics).,romfs\story\spt\npc_pc04_161_s08_t001.spt
『クエストＡ（クレーター周辺の探索）受注』ＯＮ,Quest A (Exploration of the area around the crater) accepted』ＯＮ,romfs\story\spt\npc_pc04_161_s08_t001.spt
どこかの部の連中とカチ合うな。,Don't get into it with the guys in some department.,romfs\story\spt\npc_pc04_161_s08_t001.spt
またいくつか探索ポイントを追加しておいたぞ。,I've added a few more points of exploration for you.,romfs\story\spt\npc_pc04_161_s08_t001.spt
他部のやつらにとられる前に,Before they are taken by the other departments.,romfs\story\spt\npc_pc04_161_s08_t001.spt
掲示板を見たか？,Have you seen the board?,romfs\story\spt\npc_pc04_161_s08_t001.spt
早いうちに探しに行こう。,Let's go find them as soon as possible.,romfs\story\spt\npc_pc04_161_s08_t001.spt
最近、島のどこに行っても,"Lately, everywhere I go on the island.",romfs\story\spt\npc_pc04_161_s08_t001.spt
部対抗のメダリア争奪戦でもやっている気分だ。,I feel like I'm in an interdepartmental medallion fight.,romfs\story\spt\npc_pc04_161_s08_t001.spt
まずは鉱山か港だな…,"First, the mine or the port...",romfs\story\spt\npc_pc04_161_s09_t011.spt
さっきまで監禁されていたというのにな。,You were locked up a while ago.,romfs\story\spt\npc_pc04_161_s10_t011.spt
しかしお前も大変だな。,But you're in a tough spot too.,romfs\story\spt\npc_pc04_161_s10_t011.spt
なに言ってるんですか。,What are you talking about?,romfs\story\spt\npc_pc04_161_s10_t011.spt
ま、校長先生とずっとふたりきりだったから,"Well, I was alone with the principal the whole time.",romfs\story\spt\npc_pc04_161_s10_t011.spt
オレなんかずっと休んでたようなもんですよ。,I've been resting for a long time.,romfs\story\spt\npc_pc04_161_s10_t011.spt
精神的にはぐったりですけど…　ははは。,I'm mentally drained... haha.,romfs\story\spt\npc_pc04_161_s10_t011.spt
行く先は間違いなくあの鉱山、か…,"The destination is definitely that mine, or...",romfs\story\spt\npc_pc04_161_s10_t011.spt
あせることはない。,Don't be hasty.,romfs\story\spt\npc_pc04_161_s11_t011.spt
きっちり準備を整えてから出よう。,Let's make sure we are properly prepared before we leave.,romfs\story\spt\npc_pc04_161_s11_t011.spt
よく見えんな…,I can't see much...,romfs\story\spt\npc_pc04_211_s02_t001.spt
ダクトか。けっこうデカいな…,Ducts. It's pretty big...,romfs\story\spt\npc_pc04_211_s02_t001.spt
奥は…？,In the back...?,romfs\story\spt\npc_pc04_211_s02_t001.spt
この先はいっそう暗いな。,The future looks even darker.,romfs\story\spt\npc_pc04_211_s02_t011.spt
自分の足先すら見えん…,I can't even see my own toes...,romfs\story\spt\npc_pc04_211_s02_t011.spt
いや、処分し忘れたのかもしれんな。,"No, maybe they forgot to get rid of it.",romfs\story\spt\npc_pc04_211_s02_t021.spt
ここの機材だけは当時のままみたいだ。,Only the equipment here seems to be the same as it was back then.,romfs\story\spt\npc_pc04_211_s02_t021.spt
すごいな。,That's great.,romfs\story\spt\npc_pc04_211_s02_t021.spt
撤退時に、このブースだけ破壊を免れたか…,I wonder if this booth was the only one that escaped destruction during the retreat...,romfs\story\spt\npc_pc04_211_s02_t021.spt
これは壁…　人工物か。,This is a wall... or an artifact.,romfs\story\spt\npc_pc04_230_s03_t001.spt
驚いたな、てっきり天然の岩盤かと思ったが…,"Surprise, surprise, I thought it was a natural rock formation...",romfs\story\spt\npc_pc04_230_s03_t001.spt
それなりに注意を払っていたつもりなんだが,I thought I was paying a fair amount of attention.,romfs\story\spt\npc_pc04_339_s08_t011.spt
まいったな。,"Oh, man.",romfs\story\spt\npc_pc04_339_s08_t011.spt
まさか橋が落ちるとは…,I never thought the bridge would fall...,romfs\story\spt\npc_pc04_339_s08_t011.spt
あれが水車小屋だな…,That's the water mill...,romfs\story\spt\npc_pc04_343_s07_t011.spt
ギンセイ（Ｍ）,GINSEI (M),romfs\story\spt\npc_pc04_meda_000_s00_t001.spt
おーい起きろ！,"Hey, wake up!",romfs\story\spt\npc_pc04_meda_102_s09_t011.spt
また怒られても知らねーぞ！,I don't know if you're mad at me again!,romfs\story\spt\npc_pc04_meda_102_s09_t011.spt
もーさっ。,Mooooooo.,romfs\story\spt\npc_pc04_meda_161_s03_t001.spt
カベばっか見てんのアキアキだぜー！,"I'm looking at the wall, Akkiaki!",romfs\story\spt\npc_pc04_meda_161_s03_t001.spt
外行こーぜ、外！,Let's go outside!,romfs\story\spt\npc_pc04_meda_161_s03_t001.spt
山でも海でもいいからさ。,I don't care if it's in the mountains or the ocean.,romfs\story\spt\npc_pc04_meda_161_s03_t001.spt
なあなあリョーマ！　次はどこ行く？,"Hey, Ryoma!　Where are you going next?",romfs\story\spt\npc_pc04_meda_161_s03_t011.spt
オレこんどは海がいいなあ！,I want to go to the ocean this time!,romfs\story\spt\npc_pc04_meda_161_s03_t011.spt
大会なんてオレすっごい久しぶりだぞ！,I haven't been to a convention in a very long time!,romfs\story\spt\npc_pc04_meda_161_s04_t011.spt
１年ぶりぐらいだ！,It's been about a year!,romfs\story\spt\npc_pc04_meda_161_s04_t011.spt
あれれ今日お休みじゃねえの？,"Hey, aren't you closed today?",romfs\story\spt\npc_pc04_meda_161_s05_t001.spt
いーけどよ？,But you know what?,romfs\story\spt\npc_pc04_meda_161_s05_t001.spt
どーしたんだ？,What's going on?,romfs\story\spt\npc_pc04_meda_161_s05_t002.spt
なんかシットリしてねーか？,Isn't that kind of shtick?,romfs\story\spt\npc_pc04_meda_161_s05_t002.spt
やっとテストってやつ終わったんだろ？,"You finally finished that thing called testing, didn't you?",romfs\story\spt\npc_pc04_meda_161_s05_t002.spt
探検いこーぜ、タンケン！,"Let's go exploring, Tanken!",romfs\story\spt\npc_pc04_meda_161_s05_t002.spt
早くどっか行こうぜ！,Let's go somewhere soon!,romfs\story\spt\npc_pc04_meda_161_s06_t001.spt
楽しかったなっ！,It was fun!,romfs\story\spt\npc_pc04_meda_161_s06_t010.spt
次はどうする？　どこ行くっ？,What's next?　Where are we going?,romfs\story\spt\npc_pc04_meda_161_s06_t010.spt
おっなんだ、なんかすごいとこ行くのか？,"Whoa, what a great place to go!",romfs\story\spt\npc_pc04_meda_161_s06_t031.spt
ラストダンジョンかっ？,The last dungeon?,romfs\story\spt\npc_pc04_meda_161_s06_t031.spt
そうそう、考えるだけムダだって！,"Yes, yes, he said, it's useless to think about it!",romfs\story\spt\npc_pc04_meda_161_s06_t041.spt
そんなヒマあったら、どんどん行こーぜ！,"If you have the time, let's keep going!",romfs\story\spt\npc_pc04_meda_161_s06_t041.spt
そうなのか！,I see!,romfs\story\spt\npc_pc04_meda_161_s07_t001.spt
そんじゃあまた優勝だな！,That's another win for you!,romfs\story\spt\npc_pc04_meda_161_s07_t001.spt
ぶんかさいってなんだ？,What's a cultural festival?,romfs\story\spt\npc_pc04_meda_161_s07_t001.spt
ぶんかさいはロボトル大会のことだ。,Bunkasai is a robattle tournament.,romfs\story\spt\npc_pc04_meda_161_s07_t001.spt
オレわかったぞ。,I got it.,romfs\story\spt\npc_pc04_meda_161_s07_t001.spt
セッシャはわかったぞ。,"I know what you mean, Sesha.",romfs\story\spt\npc_pc04_meda_161_s07_t001.spt
ロボトル大会の名前だ。,It's the name of the robattle tournament.,romfs\story\spt\npc_pc04_meda_161_s07_t001.spt
なあなあ今日はどこ行く！？,"Hey, hey, where are you going today?",romfs\story\spt\npc_pc04_meda_161_s08_t011.spt
オレまだ行ったことないトコがいい！,I want to go to a place I haven't been to yet!,romfs\story\spt\npc_pc04_meda_161_s08_t011.spt
どーせそうに決まってるぜ！,Of course it is anyway!,romfs\story\spt\npc_pc04_meda_161_s09_t011.spt
ハラへって動けなくなってるだけだろ？,"You're just stuck in a harrowing situation, aren't you?",romfs\story\spt\npc_pc04_meda_161_s09_t011.spt
なんだか知らねーけど、ワクワクしてきた！,"I don't know what it is, but I'm excited!",romfs\story\spt\npc_pc04_meda_161_s10_t011.spt
はやく行こーぜ！,Let's get going!,romfs\story\spt\npc_pc04_meda_161_s10_t011.spt
任せろ！,Got it!,romfs\story\spt\npc_pc04_meda_161_s11_t011.spt
いつやるか決めんのはリョウマだからな。,It's Ryoma who decides when to do it.,romfs\story\spt\npc_pc04_meda_200_s02_t011.spt
ロボトルすんならリョウマに言ってくれよ。,"If you're going to robattle, tell Ryoma.",romfs\story\spt\npc_pc04_meda_200_s02_t011.spt
ロボトルやんのはオレだけど,I'm the one who does the robattle.,romfs\story\spt\npc_pc04_meda_200_s02_t011.spt
お前、名前は？,"You, what's your name?",romfs\story\spt\npc_pc04_meda_200_s02_t021.spt
お前のロボトルおもしれーな。気に入ったぜ！,Your robattle is so funny. I like it!,romfs\story\spt\npc_pc04_meda_200_s02_t021.spt
か。,or.,romfs\story\spt\npc_pc04_meda_200_s02_t021.spt
う～っ！！,Woohoo!,romfs\story\spt\npc_pc05_110_s06_t001.spt
おかしいです！,It is strange!,romfs\story\spt\npc_pc05_110_s06_t001.spt
ここなのに、なにもないです！,"It's here, but there is nothing!",romfs\story\spt\npc_pc05_110_s06_t001.spt
ど、どうしたのマインちゃん！？,"What's wrong, Mine!",romfs\story\spt\npc_pc05_110_s06_t001.spt
妨害音波の発信源に行かなければなりません。,You must go to the source of the disturbing sound wave.,romfs\story\spt\npc_pc05_161_s06_t031.spt
校長室に行きましょう。,Go to the principal's office.,romfs\story\spt\npc_pc05_161_s06_t031.spt
もっともっと確かめましょう！,Let's make sure more and more!,romfs\story\spt\npc_pc05_161_s06_t041.spt
早く行きましょう！,Let's go quickly!,romfs\story\spt\npc_pc05_161_s06_t041.spt
行きましょう。,Let's go.,romfs\story\spt\npc_pc05_161_s06_t051.spt
サンプルいっぱい集まります。,A full sample will be collected.,romfs\story\spt\npc_pc05_161_s07_t001.spt
全校のみなさんとロボトルうれしいです。,I'm glad to be able to robattle with everyone in the whole school.,romfs\story\spt\npc_pc05_161_s07_t001.spt
アイドル部に行きましょう。,Let's go to the idol club.,romfs\story\spt\npc_pc05_161_s07_t011.spt
これからはシショウとお呼びします。,I will call you Shisho from now on.,romfs\story\spt\npc_pc05_161_s07_t021.spt
やめてくれ。,Don't do it.,romfs\story\spt\npc_pc05_161_s07_t021.spt
リョウマさん、なんでも知っててスゴイです。,"Ryoma-san, it is amazing that you know everything.",romfs\story\spt\npc_pc05_161_s07_t021.spt
あとあと――,And then later--,romfs\story\spt\npc_pc05_161_s08_t011.spt
そんなことないですー。,That's not true!,romfs\story\spt\npc_pc05_161_s08_t011.spt
はい、サンプルは多ければ多いほどはかどります。,"Yes, the more samples the better.",romfs\story\spt\npc_pc05_161_s08_t011.spt
みんなでわいわい歩くの楽しいです。,It's fun to walk around together.,romfs\story\spt\npc_pc05_161_s08_t011.spt
わ、聞いてたの？,"Wow, did you hear that?",romfs\story\spt\npc_pc05_161_s08_t011.spt
ピクニックみたいです！,It's like a picnic!,romfs\story\spt\npc_pc05_161_s08_t011.spt
マインちゃんは新しい研究に夢中か。,Mine is into new research?,romfs\story\spt\npc_pc05_161_s08_t011.spt
メダリア探しになんて興味ないのかな？,I don't suppose you're interested in looking for medallions?,romfs\story\spt\npc_pc05_161_s08_t011.spt
早く行きましょう。,Let's go quickly.,romfs\story\spt\npc_pc05_161_s09_t021.spt
鉱山か港です。,Mine or port.,romfs\story\spt\npc_pc05_161_s09_t021.spt
あのメダルは確かに壊れていました。,That medal was indeed broken.,romfs\story\spt\npc_pc05_161_s10_t011.spt
あり得ないです。,It is impossible.,romfs\story\spt\npc_pc05_161_s10_t011.spt
わかりません…,I don't know...,romfs\story\spt\npc_pc05_161_s10_t011.spt
メダルはフシギがいっぱいです。,Medals are full of fushigi.,romfs\story\spt\npc_pc05_161_s10_t011.spt
任せてください！,We'll take care of it!,romfs\story\spt\npc_pc05_161_s11_t011.spt
ああ、彼はウチの部員じゃないから。,"Yeah, because he's not a member of our club.",romfs\story\spt\npc_pc05_164_s04_t011.spt
だれですか？　あなたも出場しますか？,Who are you?　Are you participating?,romfs\story\spt\npc_pc05_164_s04_t011.spt
打ち合わせが必要ですか？,Do you need a meeting?,romfs\story\spt\npc_pc05_164_s04_t011.spt
気にしないで、ははは。,"Never mind, haha.",romfs\story\spt\npc_pc05_164_s04_t011.spt
今夜はここでキャンプしますか？,Would you like to camp here tonight?,romfs\story\spt\npc_pc05_339_s08_t011.spt
楽しそうだねマインちゃん…,"Sounds like fun, Mine...",romfs\story\spt\npc_pc05_339_s08_t011.spt
自然がいっぱいでステキな場所です。,It is a lovely place full of nature.,romfs\story\spt\npc_pc05_339_s08_t011.spt
キョウミあります！,There is a kyomi!,romfs\story\spt\npc_pc05_343_s07_t011.spt
脚部パーツ専門のドロボウさんでしょうか？,Are you a dorobo who specializes in leg parts?,romfs\story\spt\npc_pc05_343_s07_t011.spt
・・・・・・・・,・・・・・・・・,romfs\story\spt\npc_pc05_meda_000_s00_t001.spt
ふむ、登坂訓練を翌週に回し,Hmmm... put the hill climbing training on the following week.,romfs\story\spt\npc_rescue_165_s02_t011.spt
今わたしは忙しい。話ならあとにしてくれ。,I'm busy right now. You can talk to me later.,romfs\story\spt\npc_rescue_165_s02_t011.spt
大会までちょうどひと月前のタイミングか。,Just a month before the convention?,romfs\story\spt\npc_rescue_165_s02_t011.spt
悪くない、むしろ――,"Not bad, rather--",romfs\story\spt\npc_rescue_165_s02_t011.spt
連携確認を翌週に――,Confirmation of collaboration the following week--,romfs\story\spt\npc_rescue_165_s02_t011.spt
しかし、道中の橋が気になる。,"However, I am concerned about the bridges along the way.",romfs\story\spt\npc_rescue_165_s06_t011.spt
ふむ、山の東側は断崖か…,"Hmmm, the east side of the mountain is a cliff...",romfs\story\spt\npc_rescue_165_s06_t011.spt
ラペリングに利用できるかもしれんな。,Maybe it could be used for rappelling.,romfs\story\spt\npc_rescue_165_s06_t011.spt
鉱山時代のものとすれば耐久力に不安が――,"If it's from the mining era, there are concerns about its durability--",romfs\story\spt\npc_rescue_165_s06_t011.spt
さっそく調査要員を――,I'll get the survey crew up to speed--,romfs\story\spt\npc_rescue_165_s07_t011.spt
ほう、難破船？,"Oh, a shipwreck?",romfs\story\spt\npc_rescue_165_s07_t011.spt
確かにこのカゲは…　そう見てとれるな…,"Surely, this lizard... it would appear so...",romfs\story\spt\npc_rescue_165_s07_t011.spt
複雑な水中建築物、水難救助訓練にもってこいだ。,It's great for complex underwater architecture and water rescue training.,romfs\story\spt\npc_rescue_165_s07_t011.spt
そろそろ時間か…,It's about time...,romfs\story\spt\npc_rescue_333_s08_t011.spt
待機部隊に救援要請を出さんとな…,I'll have to send out a request for a standby unit to come to the rescue...,romfs\story\spt\npc_rescue_333_s08_t011.spt
あんまり気にするなよ。,Don't worry about it too much.,romfs\story\spt\npc_rescue_meda_165_s01_t011.spt
おこってるわけじゃないぜ。,I'm not trying to be a pussy.,romfs\story\spt\npc_rescue_meda_165_s01_t011.spt
キツく聞こえるけど、マジメなだけだ。,"I know it sounds harsh, but I'm just being serious.",romfs\story\spt\npc_rescue_meda_165_s01_t011.spt
ボスの言うこと,What the Boss Says,romfs\story\spt\npc_rescue_meda_165_s01_t011.spt
ああやって声にしながら考えをまとめてるんだ。,"Yeah, that's how I'm thinking out loud as I'm putting my thoughts together.",romfs\story\spt\npc_rescue_meda_165_s06_t011.spt
だれかに話しかけてるわけじゃないんだぜ。,"I'm not talking to anybody, man.",romfs\story\spt\npc_rescue_meda_165_s06_t011.spt
ボスの独り言,The Boss's Murmur,romfs\story\spt\npc_rescue_meda_165_s06_t011.spt
ま、ジマンじゃないが,"Well, it's not Ziman.",romfs\story\spt\npc_rescue_meda_165_s07_t011.spt
忙しくないボスを知ってるのはオレだけだなっ。,I'm the only one who knows a boss who isn't busy.,romfs\story\spt\npc_rescue_meda_165_s07_t011.spt
びっくりしたぜ。,I was surprised.,romfs\story\spt\npc_rival_117_s01_t001.spt
おとなしく帰宅部でも入ってな。,You should go home and join a club.,romfs\story\spt\npc_rival_165_s01_t001.spt
お前らみてーにいいかげんなコンビに,"You know, you guys are a good pair of guys.",romfs\story\spt\npc_rival_165_s01_t001.spt
くっくっくっくっ。,Kukkukkukkukkukkukkukkukkukkukkukkukkukkukkukkukkuk.,romfs\story\spt\npc_rival_165_s01_t001.spt
ほらみろ、オレの忠告どおりじゃん。,"See, my advice was right.",romfs\story\spt\npc_rival_165_s01_t001.spt
レスキュー活動なんか、できるわけねーんだよ。,There is no way I can do rescue work.,romfs\story\spt\npc_rival_165_s01_t001.spt
あ？　なんだよお前かよ。,Huh?　What's with you?,romfs\story\spt\npc_rival_165_s02_t011.spt
お前らとちがって、オレはいそがしいんだよ。,"Unlike you guys, I'm busy.",romfs\story\spt\npc_rival_165_s02_t011.spt
カンケイねー部でフラフラしてんじゃねーよ。,"Don't dawdle in the ""can't do"" department.",romfs\story\spt\npc_rival_165_s02_t011.spt
ヒマなら地下室で遊んでな。,"If you're not busy, go play in the basement.",romfs\story\spt\npc_rival_165_s02_t011.spt
おとなしく地下でスイカでも食ってろって。な？,Just go underground and eat a watermelon. See?,romfs\story\spt\npc_rival_165_s06_t011.spt
お前とちがって、オレら夏休みでもいそがしいんだ。,"Unlike you, we are busy even during summer vacation.",romfs\story\spt\npc_rival_165_s06_t011.spt
いつもと同じでいそがしいんだ。,I'm just as busy as always.,romfs\story\spt\npc_rival_165_s07_t011.spt
お前とちがって、オレら文化祭とかカンケイねーし。,"Unlike you, we don't care about cultural festivals.",romfs\story\spt\npc_rival_165_s07_t011.spt
お前はお好み焼きひっくり返す練習でもしてな。,You should practice flipping okonomiyaki.,romfs\story\spt\npc_rival_165_s07_t011.spt
ハラ壊しそうだからオレは食わねーけどな。,"I wouldn't eat it, though, because it might destroy my stomach.",romfs\story\spt\npc_rival_165_s07_t011.spt
どうした、さっさと始めようぜ。,"What's up, let's get started.",romfs\story\spt\npc_rival_320_s08_t011.spt
わかってるよな？　Ｙだぞ！,"You know what I'm talking about, right?　It's a Y!",romfs\story\spt\npc_rival_320_s08_t011.spt
…くそっ、オレもメダリア――,"...Damn, I'm a medallion--",romfs\story\spt\npc_rival_333_s08_t001.spt
…はあ！,...huh!,romfs\story\spt\npc_rival_333_s08_t001.spt
…やべっ。,...Yikes.,romfs\story\spt\npc_rival_333_s08_t001.spt
うち探知アプリ使用禁止になっちゃったんだぜ。,We've been banned from using the detection app.,romfs\story\spt\npc_rival_333_s08_t001.spt
おいリュウセイ！,"Hey, Ryusei!",romfs\story\spt\npc_rival_333_s08_t001.spt
お前でもいいや、聞いてくれよ。,"I don't care if it's you, just listen to me.",romfs\story\spt\npc_rival_333_s08_t001.spt
ぜい！,Taxes!,romfs\story\spt\npc_rival_333_s08_t001.spt
な、なんだよお前かよ…,"Hey, what's with you...",romfs\story\spt\npc_rival_333_s08_t001.spt
ロープ位置,Rope position,romfs\story\spt\npc_rival_333_s08_t001.spt
理由？　わかんねー部長の決定さ。,Reason?　I don't know. It's the director's decision.,romfs\story\spt\npc_rival_333_s08_t001.spt
ところでお前さ、野営地って知ってる？,"By the way, do you know what an encampment is?",romfs\story\spt\npc_rival_333_s08_t002.spt
どうせヒマだろ？,"You're busy anyway, right?",romfs\story\spt\npc_rival_333_s08_t002.spt
オレらが今キャンプ張ってる場所なんだけどよ。,This is where we are camped right now.,romfs\story\spt\npc_rival_333_s08_t002.spt
ネットも禁止だしよー。,"And the Internet is banned, too!",romfs\story\spt\npc_rival_333_s08_t002.spt
リュウセイ！,Ryusei!,romfs\story\spt\npc_rival_333_s08_t002.spt
訓練中はともかくそれ以外はタイクツなんだよ。,"During training, but otherwise it's tights.",romfs\story\spt\npc_rival_333_s08_t002.spt
遊びに――　てかロボトルしに来いよ。,Come and play with us.,romfs\story\spt\npc_rival_333_s08_t002.spt
ちょっと珍しいメダリア見つけたんだ。,I found a rather unusual medallia.,romfs\story\spt\npc_rival_333_s08_t003.spt
オレらがキャンプ張ってる野営地に来いよ。,Come to the encampment where we are camped.,romfs\story\spt\npc_rival_333_s08_t003.spt
ロボトルしようぜ。,Let's robattle.,romfs\story\spt\npc_rival_333_s08_t003.spt
実験台に――　いやいや対戦相手になってくれよ。,"You're going to have to experiment-- no, no, no, no, you're going to have to play against me.",romfs\story\spt\npc_rival_333_s08_t003.spt
待ってるぜ。,I'll be waiting.,romfs\story\spt\npc_rival_333_s08_t003.spt
オレはスイカあんま好きじゃねーや。,I don't really like watermelon.,romfs\story\spt\npc_rival_meda_165_s06_t011.spt
メロンのほうがイカシてるぜ。,Melon is cooler.,romfs\story\spt\npc_rival_meda_165_s06_t011.spt
やっぱ外のほーがおもしれーぜ。,It's more fun outside.,romfs\story\spt\npc_rival_meda_165_s07_t011.spt
タイクツだ。,Ticts.,romfs\story\spt\npc_rival_meda_165_s07_t011.spt
やっぱし野営地はサイコーだぜー！,"The encampment is the best, after all!",romfs\story\spt\npc_rival_meda_320_s07_t011.spt
ヒャッハー山だ！　テントだ！！,"Hyahaha, it's the mountains!　It's a tent!",romfs\story\spt\npc_rival_meda_320_s07_t011.spt
へえ、なかなかいい港ロボね。,"Wow, that's quite a nice port robot.",romfs\story\spt\npc_robo_f_500_s07_t001.spt
もっとハイキョっぽいかと思ってたロボ。,I thought the robot would be more like Haikyo.,romfs\story\spt\npc_robo_f_500_s07_t001.spt
コンビニまでちゃ～んとあるロボ～。,"There is even a convenience store, Lobo!",romfs\story\spt\npc_robo_f_500_s07_t001.spt
ちょっとキューケイ中だロボ。,"I'm in a bit of a queue, Lobo.",romfs\story\spt\npc_robo_f_500_s09_t001.spt
ほんのちょっとだけロボよ。,It's just a little robot.,romfs\story\spt\npc_robo_f_500_s09_t001.spt
ほんのちょっとでいいロボよ～。,"Just a little bit is all it takes, Lobo!",romfs\story\spt\npc_robo_f_500_s09_t002.spt
もうちょっとだけお給料あげてほしいロボ。,"I wish you would give me a little more salary, Lobo.",romfs\story\spt\npc_robo_f_500_s09_t002.spt
まだ地面が揺れてるロボ～。,"The ground is still shaking, Lobo~.",romfs\story\spt\npc_robo_f_500_s09_t003.spt
ヴ～キボヂ悪いロボ～。,V~kibodi bad lobo~.,romfs\story\spt\npc_robo_f_500_s09_t003.spt
あっち行くロボ。,Robots going that way.,romfs\story\spt\npc_robo_m_230_s09_t001.spt
ここは立ち入り禁止だロボ。,"This place is off limits, Robo.",romfs\story\spt\npc_robo_m_230_s09_t001.spt
だから、おとなしく帰ってほしいロボー。,"So, I want you to go home quietly, Lobo.",romfs\story\spt\npc_robo_m_230_s09_t002.spt
帰ってくれないと、あとでボコボコにされるロボ。,"If you don't leave, the robot will beat you up later.",romfs\story\spt\npc_robo_m_230_s09_t002.spt
はりきってザツに攻めるロボ。,A robot that is bold enough to attack ZATSU.,romfs\story\spt\npc_robo_m_500_s07_t001.spt
団長にセッコーしろって言われたロボ。,A robot that was told to secco by the leader of the group.,romfs\story\spt\npc_robo_m_500_s07_t001.spt
しばらくはヒマロボね。,I'll be a Himarobo for a while.,romfs\story\spt\npc_robo_m_500_s09_t001.spt
みんな行っちゃったロボ。,All the robots have gone.,romfs\story\spt\npc_robo_m_500_s09_t001.spt
海はいいロボ。,The ocean is a good robot.,romfs\story\spt\npc_robo_m_500_s09_t002.spt
あれえ？,Huh?,romfs\story\spt\npc_seitokai_fa_102_s09_t011.spt
えっとお。,Let's see.,romfs\story\spt\npc_seitokai_fa_102_s09_t011.spt
このロープが客席用で、これがトラック用でえ…,"This rope is for the seats, and this is for the trucks...",romfs\story\spt\npc_seitokai_fa_102_s09_t011.spt
またわかんなくなっちゃったあ～、えへへ。,"I've lost track again~, ehehe.",romfs\story\spt\npc_seitokai_fa_102_s09_t011.spt
あわわわわわ…,Awww...,romfs\story\spt\npc_seitokai_fa_113_s11_t011.spt
あれれ、まだ登録がお済みになってないですよ。,"Oh, no, you haven't registered yet.",romfs\story\spt\npc_seitokai_fa_131_s04_t001.spt
こちら受付です。,This is reception.,romfs\story\spt\npc_seitokai_fa_131_s04_t001.spt
そろそろ体育館にいらっしゃるよう,I think it's time for you to come to the gym.,romfs\story\spt\npc_seitokai_fa_131_s04_t001.spt
はい、えっと探検部…,"Yes, um, exploration club...",romfs\story\spt\npc_seitokai_fa_131_s04_t001.spt
所属部はどちらですか～？,Which department do you belong to~?,romfs\story\spt\npc_seitokai_fa_131_s04_t001.spt
部長さんにお伝えくださいませ～。,Please tell the director~.,romfs\story\spt\npc_seitokai_fa_131_s04_t001.spt
レジェンドホーン,legend horn,romfs\story\spt\npc_seitokai_fa_meda_000_s00_t001.spt
しょうがないなあマスターは。,"I can't help it, Master.",romfs\story\spt\npc_seitokai_fa_meda_102_s09_t011.spt
わたしがやるから、ほら貸して。,I'll do it. Give it to me.,romfs\story\spt\npc_seitokai_fa_meda_102_s09_t011.spt
たまには早起きもいいもんだろ。,"It's nice to get up early once in a while, isn't it?",romfs\story\spt\npc_seitokai_fb_102_s09_t011.spt
風がさわやかで気持ちよくってさ！,The wind was refreshing and pleasant!,romfs\story\spt\npc_seitokai_fb_102_s09_t011.spt
どうしたら…,How do I...,romfs\story\spt\npc_seitokai_fb_113_s11_t011.spt
どうしよう、情報が多すぎて対処しきれない,"What to do, too much information to deal with.",romfs\story\spt\npc_seitokai_fb_113_s11_t011.spt
フラッパクンフー,Frappa Kung-Fu,romfs\story\spt\npc_seitokai_fb_meda_000_s00_t001.spt
いろいろ散らばってるからね！,There's a lot of stuff scattered around!,romfs\story\spt\npc_seitokai_fb_meda_102_s09_t011.spt
おっと、足元に気をつけてね！,"Oops, watch your step!",romfs\story\spt\npc_seitokai_fb_meda_102_s09_t011.spt
ねえきみ、港にいる用務員のおじさんに会って,"Hey, you, meet the janitor at the port.",romfs\story\spt\npc_seitokai_ma_102_s09_t011.spt
荷物を受け取ってきてくれないかな。,Could you please go and pick up your package.,romfs\story\spt\npc_seitokai_ma_102_s09_t011.spt
いいんですよ。,It's okay.,romfs\story\spt\npc_seitokai_ma_102_s09_t021.spt
いやいいよ、戻ったばかりで疲れてるでしょ。,"No, that's okay, you just got back and you're tired.",romfs\story\spt\npc_seitokai_ma_102_s09_t021.spt
うん、ついさっきね。,"Yeah, just now.",romfs\story\spt\npc_seitokai_ma_102_s09_t021.spt
ごめんごめん、もう聞いたと思うけど…,"Sorry, sorry, I think you already heard...",romfs\story\spt\npc_seitokai_ma_102_s09_t021.spt
それより、次なにかやることありますか？,What's next?,romfs\story\spt\npc_seitokai_ma_102_s09_t021.spt
はい、用務員のおじさんから。,"Yes, from the janitor's uncle.",romfs\story\spt\npc_seitokai_ma_102_s09_t021.spt
もう届いてますか？,Have you received it yet?,romfs\story\spt\npc_seitokai_ma_102_s09_t021.spt
ムダ足させちゃって、すまないね。,I'm sorry I wasted your time.,romfs\story\spt\npc_seitokai_ma_102_s09_t021.spt
会長たちが戻ってくるまで休んでてよ。,Rest until the chairmen come back.,romfs\story\spt\npc_seitokai_ma_102_s09_t021.spt
ムダ足させてすまないね。,Sorry to waste your time.,romfs\story\spt\npc_seitokai_ma_102_s09_t031.spt
会長たちが戻ってくるまで休んでいてくれたまえ。,You can rest until the chairman and his team return.,romfs\story\spt\npc_seitokai_ma_102_s09_t031.spt
くそ、次から次へと！,"Damn, one after another!",romfs\story\spt\npc_seitokai_ma_113_s11_t011.spt
こんどはなんだっ？,What's this time?,romfs\story\spt\npc_seitokai_ma_113_s11_t011.spt
…ふっ、カンペキだ。,"...Phew, that's perfect.",romfs\story\spt\npc_seitokai_ma_131_s04_t001.spt
うん、配線に異常はなし,"Yeah, there's nothing wrong with the wiring.",romfs\story\spt\npc_seitokai_ma_131_s04_t001.spt
残すは音響チェックのみだね。,The only thing left to do is to do a sound check.,romfs\story\spt\npc_seitokai_ma_131_s04_t001.spt
アラゴスター,aragostar,romfs\story\spt\npc_seitokai_ma_meda_000_s00_t001.spt
さあさあ、どんどんいくよ。,"Come on, come on, keep going.",romfs\story\spt\npc_seitokai_ma_meda_102_s09_t011.spt
片付けちゃうよー。,I'll put it away!,romfs\story\spt\npc_seitokai_ma_meda_102_s09_t011.spt
助かるよ。,Thanks for the help.,romfs\story\spt\npc_seitokai_mb_102_s09_t011.spt
面倒なこと頼んでごめんね。,I'm sorry for asking you to go through the trouble.,romfs\story\spt\npc_seitokai_mb_102_s09_t011.spt
あとはこの辺を片付けて、と…,Now we just need to clean up around here and...,romfs\story\spt\npc_seitokai_mb_102_s09_t021.spt
お疲れさまでした。,Thank you for your hard work.,romfs\story\spt\npc_seitokai_mb_102_s09_t021.spt
さてと,well,romfs\story\spt\npc_seitokai_mb_102_s09_t021.spt
やあ、みんなが手伝ってくれたおかげで,"Hey, thanks for all the help you guys gave me.",romfs\story\spt\npc_seitokai_mb_102_s09_t021.spt
予定していた準備はぶじ終わったよ。,I have already finished the preparations that I had planned.,romfs\story\spt\npc_seitokai_mb_102_s09_t021.spt
登校時間までゆっくり休んでね。,Get some rest until it's time to go to school.,romfs\story\spt\npc_seitokai_mb_102_s09_t021.spt
どうしましょう会長…,"What should we do, Mr. Chairman...",romfs\story\spt\npc_seitokai_mb_113_s11_t011.spt
ぼくはなんと返事をしたら…,I don't know what to say...,romfs\story\spt\npc_seitokai_mb_113_s11_t011.spt
ギガファント,Gigaphant.,romfs\story\spt\npc_seitokai_mb_meda_000_s00_t001.spt
うんせ、うんせ！,"Unse, unse!",romfs\story\spt\npc_seitokai_mb_meda_102_s09_t011.spt
ちからシゴトならオイラたちに任せろ！,Leave the heavy lifting to us!,romfs\story\spt\npc_seitokai_mb_meda_102_s09_t011.spt
このまま隊には、とても戻れないであります…,I can't go back to the unit like this...,romfs\story\spt\npc_sel01_108_s11_t011.spt
ひ、ひどいであります！,It is terrible!,romfs\story\spt\npc_sel01_108_s11_t011.spt
我々はどうしたらよいのでありますか？,What should we do?,romfs\story\spt\npc_sel01_108_s11_t011.spt
購買1,Purchasing1,romfs\story\spt\npc_shop.spt
購買2,Purchasing2,romfs\story\spt\npc_shop.spt
購買3,Purchasing3,romfs\story\spt\npc_shop.spt
購買4,Purchasing 4,romfs\story\spt\npc_shop.spt
購買5,Purchasing5,romfs\story\spt\npc_shop.spt
購買6,Purchasing6,romfs\story\spt\npc_shop.spt
ありがとうございました～！,Thank you very much~!,romfs\story\spt\npc_shop_116_s00_t021.spt
パーツボックスの調子がわるいから,Because the parts box is not working properly.,romfs\story\spt\npc_shop_error.spt
買い物は控えたほうがよさそうだ。,It would be best to hold off on shopping.,romfs\story\spt\npc_shop_error.spt
あ、そんな謝らなくていいのよ。,"Oh, you don't have to apologize like that.",romfs\story\spt\npc_teach_117_s06_t011.spt
きゃっ。,Kya.,romfs\story\spt\npc_teach_117_s06_t011.spt
くんっ。,KUN.,romfs\story\spt\npc_teach_117_s06_t011.spt
こうして効率化の側面からのみメダルを眺める時代は,"Thus, the era of looking at medals only from the aspect of efficiency is",romfs\story\spt\npc_teach_117_s06_t011.spt
これじゃみんな寝ちゃうわ。,This will put everyone to sleep.,romfs\story\spt\npc_teach_117_s06_t011.spt
そんなことより、やっぱり先に図を――,I don't care about that. I'm still going to go ahead and figure--,romfs\story\spt\npc_teach_117_s06_t011.spt
と同時に、生物の原理を探求する学問としての性質を,"At the same time, the nature of the study as a discipline that explores the principles of living organisms.",romfs\story\spt\npc_teach_117_s06_t011.spt
なぜなら人は――,Because people--,romfs\story\spt\npc_teach_117_s06_t011.spt
やだ,not a chance,romfs\story\spt\npc_teach_117_s06_t011.spt
ゆっくりと終わりを告げ――,Slowly it came to an end--,romfs\story\spt\npc_teach_117_s06_t011.spt
ん～、いくらなんでもカタすぎよね。,"Hmmm.......it's too katakana, isn't it?",romfs\story\spt\npc_teach_117_s06_t011.spt
徐々に帯びていったことは注目すべきですね。,It is noteworthy that it was gradually girded.,romfs\story\spt\npc_teach_117_s06_t011.spt
恥ずかしかったから、つい…,"I was embarrassed, so I just...",romfs\story\spt\npc_teach_117_s06_t011.spt
見てたの！？,You've been watching!,romfs\story\spt\npc_teach_117_s06_t011.spt
でもダメねー、聞かれて恥ずかしいだなんて。,But no - it's embarrassing to be asked.,romfs\story\spt\npc_teach_117_s06_t021.spt
少しでもわかりやすい授業ができればいいと思って。,I just wanted to make the class as easy to understand as possible.,romfs\story\spt\npc_teach_117_s06_t021.spt
聞かせるための練習なのにぃ。,I'm practicing to make them listen.,romfs\story\spt\npc_teach_117_s06_t021.spt
講義の練習してたの。,I was practicing my lecture.,romfs\story\spt\npc_teach_117_s06_t021.spt
いよいよね！,"It's good, isn't it?",romfs\story\spt\npc_teach_131_s04_t001.spt
ががががんばるのよ！　ファイトよ！,But I'm going to do my best!　Fight!,romfs\story\spt\npc_teach_131_s04_t001.spt
先生カゲながらこっそり応援してるからね！,I'm secretly cheering for you while I'm a teacher lizard!,romfs\story\spt\npc_teach_131_s04_t001.spt
すべては部と生徒会にゆだねられているのですよ。,"Everything is left to the department and the student council, you know.",romfs\story\spt\npc_teach_fa_000_s01_t011.spt
だから顧問の教師というものは存在しません。,So there is no such thing as an advisory teacher.,romfs\story\spt\npc_teach_fa_000_s01_t011.spt
生徒の自主性に任せられているのです。,The students are left to their own initiative.,romfs\story\spt\npc_teach_fa_000_s01_t011.spt
ＭＥＤＡ学院では部活動は,"At MEDA Institute, club activities are",romfs\story\spt\npc_teach_fa_000_s01_t011.spt
あらまあ、あなた,"Oh, my God, honey.",romfs\story\spt\npc_teach_fa_000_s05_t011.spt
お部屋に戻ったほうが良いのではなくて？,Wouldn't it be better to go back to your room?,romfs\story\spt\npc_teach_fa_000_s05_t011.spt
こんなところで、なにをしているの？,What are you doing in a place like this?,romfs\story\spt\npc_teach_fa_000_s05_t011.spt
今日は部活動はお休みですよ。,There will be no club activities today.,romfs\story\spt\npc_teach_fa_000_s05_t011.spt
この状況があまりに続くようなら,If this situation continues too long.,romfs\story\spt\npc_teach_fa_000_s08_t011.spt
対策を提案しなければなりませんね！,I have to suggest a solution!,romfs\story\spt\npc_teach_fa_000_s08_t011.spt
悪いことではないと教頭先生はおっしゃるけれど,The vice principal says it's not a bad thing.,romfs\story\spt\npc_teach_fa_000_s08_t011.spt
文武と両立できないのは大モンダイ！,It is a big mondai that cannot be combined with literature and martial arts!,romfs\story\spt\npc_teach_fa_000_s08_t011.spt
ムーンドラゴン,moondragon (extinct South American bird formerly found in New Zealand),romfs\story\spt\npc_teach_fa_meda_000_s00_t001.spt
わたしのマスターは、語学の先生よ。,My master is a language teacher.,romfs\story\spt\npc_teach_fa_meda_000_s01_t011.spt
６ヶ国語ペラペラなのよ。すごいのよ。,I'm fluent in six languages. It's amazing.,romfs\story\spt\npc_teach_fa_meda_000_s01_t011.spt
おサンポじゃないの、見回りなの。,"It's not an osampo, it's a patrol.",romfs\story\spt\npc_teach_fa_meda_000_s05_t011.spt
だれもいない学校って広く感じるわね。,An empty school feels so big.,romfs\story\spt\npc_teach_fa_meda_000_s05_t011.spt
きみ確か、今日転入してきた――,"You moved in today, as I recall--",romfs\story\spt\npc_teach_fb_000_s01_t011.spt
くんだったわね。,"I'm sorry, I'm sorry, I'm sorry.",romfs\story\spt\npc_teach_fb_000_s01_t011.spt
こんどこそ間違えちゃダメよ、うふふ。,"Don't make a mistake this time, ugh.",romfs\story\spt\npc_teach_fb_000_s01_t011.spt
そう,(esp. of men) one's prime (approx. age 30),romfs\story\spt\npc_teach_fb_000_s01_t011.spt
ち、ちがいますよ！,"No, it's not!",romfs\story\spt\npc_teach_fb_000_s01_t011.spt
ちょっと間違えただけです、はい！,"Just a little mistake, yes!",romfs\story\spt\npc_teach_fb_000_s01_t011.spt
どこか体調でも…　あら？,I don't know what's wrong with me... Oh?,romfs\story\spt\npc_teach_fb_000_s01_t011.spt
まあいいけど？,"Well, okay?",romfs\story\spt\npc_teach_fb_000_s01_t011.spt
転入早々、授業をさぼって保健室なんて…,I can't believe I skipped class and went to the infirmary right after I moved here...,romfs\story\spt\npc_teach_fb_000_s01_t011.spt
１年生の教室は校舎の２階だからね。,The first grade classrooms are on the second floor of the school building.,romfs\story\spt\npc_teach_fb_000_s01_t011.spt
ここは保健室よ。,This is the infirmary.,romfs\story\spt\npc_teach_fb_000_s01_t021.spt
でないと、サボってると思われるわよ。,"Otherwise, they'll think you're slacking off.",romfs\story\spt\npc_teach_fb_000_s01_t021.spt
元気なのに、あんまり来ちゃダメよ。,"You're fine, but don't come here too often.",romfs\story\spt\npc_teach_fb_000_s01_t021.spt
保険医,insurance doctor,romfs\story\spt\npc_teach_fb_000_s01_t031.spt
ここの生活にはもう馴れた？,Have you gotten used to living here?,romfs\story\spt\npc_teach_fb_000_s02_t011.spt
この島に医師は、わたしだけなんですからね。,I am the only doctor on the island.,romfs\story\spt\npc_teach_fb_000_s02_t011.spt
体調がおかしいと感じたら、すぐ教えてね。,"If you feel something is wrong with your health, let me know right away.",romfs\story\spt\npc_teach_fb_000_s02_t011.spt
元気に夏休みを過ごしてる？,How are you spending your summer vacation?,romfs\story\spt\npc_teach_fb_000_s06_t011.spt
いつも忙しそうね。,You always seem to be busy.,romfs\story\spt\npc_teach_fb_000_s07_t011.spt
がんばってらっしゃい、うふふ。,"Good luck, ugh.",romfs\story\spt\npc_teach_fb_101_s01_t011.spt
これから教室？,Classroom from now on?,romfs\story\spt\npc_teach_fb_101_s01_t011.spt
正面の建物が校舎よ。,The building in front is the school building.,romfs\story\spt\npc_teach_fb_101_s01_t011.spt
初めての授業、おつかれさま。,Good luck with your first class.,romfs\story\spt\npc_teach_fb_101_s01_t021.spt
部室棟があるわよ。,There's a club building.,romfs\story\spt\npc_teach_fb_101_s01_t021.spt
部活の見学に行くなら、反対側の道をまっすぐね。,"If you want to visit the club, go straight to the other side of the street.",romfs\story\spt\npc_teach_fb_101_s01_t021.spt
きみたちにはちゃんと話しておいたほうが,I'd better tell you guys something.,romfs\story\spt\npc_teach_fb_108_s11_t011.spt
でないと、取り返しのつかないことになるわ。,"Otherwise, we'll never get it back.",romfs\story\spt\npc_teach_fb_108_s11_t011.spt
なにが言いたいかっていうと、つまり――,What I'm trying to say is that--,romfs\story\spt\npc_teach_fb_108_s11_t011.spt
わかるわね？,You know what I mean?,romfs\story\spt\npc_teach_fb_108_s11_t011.spt
サイボーグと聞けば強そうに感じるかもしれないけど,"You may feel strong when you hear the word ""cyborg.",romfs\story\spt\npc_teach_fb_108_s11_t011.spt
今が大変なのは理解しているけど,I understand that this is a difficult time for you.,romfs\story\spt\npc_teach_fb_108_s11_t011.spt
昔の事故が原因だそうけど、それ以上は知らないわ。,"I heard it was due to an accident a long time ago, but I don't know much more than that.",romfs\story\spt\npc_teach_fb_108_s11_t011.spt
校長先生にこれ以上ムチャをさせないでちょうだい。,Please don't let the principal get any more miffed.,romfs\story\spt\npc_teach_fb_108_s11_t011.spt
機械の体はとても繊細で生態維持だけで手一杯なの。,The bodies of machines are so delicate that they have their hands full just maintaining their ecology.,romfs\story\spt\npc_teach_fb_108_s11_t011.spt
現実はむしろ逆。,The reality is rather the opposite.,romfs\story\spt\npc_teach_fb_108_s11_t011.spt
知っての通り、校長先生の体はほとんどが人工物よ。,"As you know, the principal's body is mostly man-made.",romfs\story\spt\npc_teach_fb_108_s11_t011.spt
良さそうね…,Looks good...,romfs\story\spt\npc_teach_fb_108_s11_t011.spt
このキセツは接触不良が起きやすいの。,These xeroxes are prone to contact failures.,romfs\story\spt\npc_teach_fb_meda_000_s03_t011.spt
反応がニブいと感じたら、すぐ相談してね。,"If you feel that the response is nibbling, consult me immediately.",romfs\story\spt\npc_teach_fb_meda_000_s03_t011.spt
身体の調子はどう？,How's your body feeling?,romfs\story\spt\npc_teach_fb_meda_000_s03_t011.spt
いくら防水でも砂や塩は良くないんだからね。,"Sand and salt aren't good, no matter how waterproof they are.",romfs\story\spt\npc_teach_fb_meda_000_s06_t011.spt
海に入ったら、ちゃんと洗うのよ。,"When you go in the ocean, wash them properly.",romfs\story\spt\npc_teach_fb_meda_000_s06_t011.spt
あんまりムリしてストレスためちゃダメよ。,Don't stress too much.,romfs\story\spt\npc_teach_fb_meda_000_s07_t011.spt
メダルにだって、こわ～い病気はあるんですからね。,Even medals can have scary diseases.,romfs\story\spt\npc_teach_fb_meda_000_s07_t011.spt
＜先生_B＞はニンゲンの。,<Sensei_B> is Ningen's.,romfs\story\spt\npc_teach_fb_meda_101_s01_t011.spt
今までだって、ずっとお世話してきたんですもの。,"Even until now, we have been taking care of you for a long time.",romfs\story\spt\npc_teach_fb_meda_108_s11_t011.spt
校長先生のことは、わたしたちに任せて。,Leave the principal to us.,romfs\story\spt\npc_teach_fb_meda_108_s11_t011.spt
…なんて,...oh my!,romfs\story\spt\npc_teach_fc_130_s01_t001.spt
あんまりなルールだと思わない？,Don't you think that's a very bad rule?,romfs\story\spt\npc_teach_fc_130_s01_t001.spt
じっと見守るだけなんて、つまんないわ～。,It's so boring to just sit back and watch!,romfs\story\spt\npc_teach_fc_130_s01_t001.spt
わたしだって、みんなと混ざって運動したい！,"I want to exercise with other people, too!",romfs\story\spt\npc_teach_fc_130_s01_t001.spt
体育教師,physical education teacher,romfs\story\spt\npc_teach_fc_130_s01_t001.spt
教師は生徒の部活にいっさい関わっちゃダメ！,Teachers should not get involved in students' club activities at all!,romfs\story\spt\npc_teach_fc_130_s01_t001.spt
な～んて,something like ...,romfs\story\spt\npc_teach_fc_130_s01_t011.spt
ハードネステン,hardness tin,romfs\story\spt\npc_teach_fc_meda_000_s00_t001.spt
オトコ型もオンナ型も運動能力に差はないのよ。,There is no difference in athletic ability between the male and female types.,romfs\story\spt\npc_teach_fc_meda_130_s01_t001.spt

教師男_A,Teacher Man_A,romfs\story\spt\npc_teach_ma.spt
いやぁはっはっは。,No ha ha ha.,romfs\story\spt\npc_teach_mb_131_s04_t001.spt
こう見えてもぼかぁ,despite appearances,romfs\story\spt\npc_teach_mb_131_s04_t001.spt
よろしければ解説してさしあげましょうか。,"If you like, I can explain it to you.",romfs\story\spt\npc_teach_mb_131_s04_t001.spt
ロボトルもいける口なんですよ。,It's a mouthful that can also accommodate robottles.,romfs\story\spt\npc_teach_mb_131_s04_t001.spt
実に楽しみですなあコトブキ先生。,"I'm really looking forward to it, Mr. Kotobuki.",romfs\story\spt\npc_teach_mb_131_s04_t001.spt
がんばれマスター,Hang in there Master.,romfs\story\spt\npc_teach_mb_meda_131_s04_t001.spt
もうひと押し…,One more push...,romfs\story\spt\npc_teach_mb_meda_131_s04_t001.spt
いやあいいね、文化祭にかける乙女の青春と。,"Well, it's nice, with the maiden's youth for the cultural festival.",romfs\story\spt\npc_teach_mc_132_s07_t011.spt
え、わたし？　いいに決まってるだろ。,"Oh, me?　Of course it's good.",romfs\story\spt\npc_teach_mc_132_s07_t011.spt
けっこうけっこうコケコッコー,"cock-a-doodle-doo (sound made by cockerels, roosters)",romfs\story\spt\npc_teach_mc_132_s07_t011.spt
こう見えてもアイドル部のコモンなんだからさあ。,"I may look like this, but I'm a commoner in the idol club.",romfs\story\spt\npc_teach_mc_132_s07_t011.spt
だって部室、男子禁制なんだもんね。,"Because the club room is forbidden to boys, right?",romfs\story\spt\npc_teach_mc_132_s07_t011.spt
まーほとんど名ばかりだけど。,"Well, almost in name only.",romfs\story\spt\npc_teach_mc_132_s07_t011.spt
むっ、なんだねキミは。,"Mwah, what is it with you?",romfs\story\spt\npc_teach_mc_132_s07_t011.spt
わははははははは。,Wahahahahaha.,romfs\story\spt\npc_teach_mc_132_s07_t011.spt
今はリハーサル中だジャマしちゃいかんよ。,"We're rehearsing right now, so don't interrupt me.",romfs\story\spt\npc_teach_mc_132_s07_t011.spt
ドクタースタディ,doctoral study,romfs\story\spt\npc_teach_mc_meda_000_s00_t001.spt
いっつも職員室と教室と購買と、あとはー,"It's always in the staff room, classrooms, purchasing, and...",romfs\story\spt\npc_teach_mc_meda_132_s07_t011.spt
とにかく同じ場所ぐるぐる回ってばっかりなんだ。,"Anyway, I keep going around in circles in the same place.",romfs\story\spt\npc_teach_mc_meda_132_s07_t011.spt
ホントめんどくさがりなんだからマスターはー！,"He's a real pain in the ass, the master!",romfs\story\spt\npc_teach_mc_meda_132_s07_t011.spt
体育館なんて久しぶり。,It's been a long time since I've been in a gymnasium.,romfs\story\spt\npc_teach_mc_meda_132_s07_t011.spt
きみたちもがんばるのだ。,You must also do your best.,romfs\story\spt\npc_teach_meda_117_s06_t011.spt
マスターだって見えないところで努力してるのだ。,Even the masters are making efforts in places you can't see.,romfs\story\spt\npc_teach_meda_117_s06_t011.spt
大会か…　かつての我らを思い出して血がさわぐな。,The convention...it makes my blood boil to remember what we used to be.,romfs\story\spt\npc_teach_meda_131_s04_t001.spt
思えばあのころは若かった。,"Looking back, I was young then.",romfs\story\spt\npc_teach_meda_131_s04_t001.spt
いいわ、今は見送ってあげる。,"Okay, I'll let you off the hook for now.",romfs\story\spt\npc_ten_000_s06_t001.spt
こっちも忙しくなりそうだしね。,"It's going to be busy here, too.",romfs\story\spt\npc_ten_000_s06_t001.spt
忙しそうね。,Sounds like you've been busy.,romfs\story\spt\npc_ten_000_s06_t001.spt
やあん、難しいです負けそうですぅ。,"Yaan, it's difficult, I'm going to lose.",romfs\story\spt\npc_ten_140_s06_t111.spt
スピちゃん、がんばってぇ！,"Good luck, Spi!",romfs\story\spt\npc_ten_140_s06_t111.spt
おじさん２,Uncle2,romfs\story\spt\npc_test.spt
おにいさん１,elder brother1,romfs\story\spt\npc_test.spt
おにいさん２,elder brother2,romfs\story\spt\npc_test.spt
おねえさん１,Lady 1,romfs\story\spt\npc_test.spt
おねえさん２,Lady 2,romfs\story\spt\npc_test.spt
おばさん１,Aunt 1,romfs\story\spt\npc_test.spt
アスナ,Asuna.,romfs\story\spt\npc_test.spt
アトランティカ：エリートメダロッター３,Atlantica: Elite Medallion Rotter 3,romfs\story\spt\npc_test.spt
アトランティカ：エリートメダロッター４,Atlantica: Elite Medallion Rotter 4,romfs\story\spt\npc_test.spt
アトランティカ：美人2,Atlantica: Beauty 2,romfs\story\spt\npc_test.spt
アトランティカ：美人3,Atlantica: Beauty 3,romfs\story\spt\npc_test.spt
アトランティカ：美人１,Atlantica: Beauty 1,romfs\story\spt\npc_test.spt
アラン,Alan (member of an ancient Scythian people),romfs\story\spt\npc_test.spt
アラン・病院,Allan Hospital,romfs\story\spt\npc_test.spt
ウォッチマスター,Watch Master,romfs\story\spt\npc_test.spt
ウパ,upa (Punica granatum),romfs\story\spt\npc_test.spt
エリートメダロッター１,Elite Medalotter 1,romfs\story\spt\npc_test.spt
エリートメダロッター２,Elite Medalotter 2,romfs\story\spt\npc_test.spt
オンプ,omp,romfs\story\spt\npc_test.spt
オーロラ：おじさん,Aurora: Uncle,romfs\story\spt\npc_test.spt
オーロラ：おにいさん,Aurora: Oniisan,romfs\story\spt\npc_test.spt
オーロラ：おねえさん,Aurora: lady.,romfs\story\spt\npc_test.spt
オーロラ：おばさん,Aurora: Aunt,romfs\story\spt\npc_test.spt
オーロラ：エリス,Aurora: Ellis,romfs\story\spt\npc_test.spt
オーロラ：エリス・通常服,"Aurora: Ellis, normal clothes",romfs\story\spt\npc_test.spt
オーロラ：フロスト,Aurora: Frost,romfs\story\spt\npc_test.spt
オーロラ：子供１,Aurora: Child 1,romfs\story\spt\npc_test.spt
オーロラ：子供２,Aurora: Child 2,romfs\story\spt\npc_test.spt
オーロラ：腕利き／ショップ店員,Aurora: Armorer / Shopkeeper,romfs\story\spt\npc_test.spt
オーロラ：飲み屋店員,Aurora: bar staff,romfs\story\spt\npc_test.spt
カナデ,canard,romfs\story\spt\npc_test.spt
クロック：おじいさん,Clock: Grandfather,romfs\story\spt\npc_test.spt
クロック：おじさん,Clock: Uncle,romfs\story\spt\npc_test.spt
クロック：おばあさん,Clock: Grandmother,romfs\story\spt\npc_test.spt
クロック：おばさん,Clock: aunt,romfs\story\spt\npc_test.spt
クロック：ショップ店員,Clock: store clerk,romfs\story\spt\npc_test.spt
クロック：子供１,Clock: child 1,romfs\story\spt\npc_test.spt
クロック：子供２,Clock: Child 2,romfs\story\spt\npc_test.spt
クロック：職人１,Clock: Craftsman 1,romfs\story\spt\npc_test.spt
クロック：職人２,Clock: Craftsman 2,romfs\story\spt\npc_test.spt
サトミ,satsumi (three-legged kettle stand),romfs\story\spt\npc_test.spt
サトミ・病院,Satomi Hospital,romfs\story\spt\npc_test.spt
サバンナ：おじさん,Savannah: Uncle,romfs\story\spt\npc_test.spt
サバンナ：おにいさん,Savannah: Oniisan,romfs\story\spt\npc_test.spt
サバンナ：おねえさん,Savannah: lady.,romfs\story\spt\npc_test.spt
サバンナ：おばさん,Savannah: Aunt,romfs\story\spt\npc_test.spt
サバンナ：ショップ店員３,Savannah: shopkeeper 3,romfs\story\spt\npc_test.spt
サバンナ：受付,Savannah: Reception,romfs\story\spt\npc_test.spt
サバンナ：子供１,Savannah: Child 1,romfs\story\spt\npc_test.spt
サバンナ：子供２,Savannah: Child 2,romfs\story\spt\npc_test.spt
サバンナ：少女１,Savannah: Girl 1,romfs\story\spt\npc_test.spt
サバンナ：少年１,Savannah: Boy 1,romfs\story\spt\npc_test.spt
サンド：おじいさん,Sand: Grandfather,romfs\story\spt\npc_test.spt
サンド：おじさん,Sand: Uncle,romfs\story\spt\npc_test.spt
サンド：おにいさん,Sand: Oniisan,romfs\story\spt\npc_test.spt
サンド：おねえさん,Sand: lady,romfs\story\spt\npc_test.spt
サンド：おばあさん,Sand: Grandmother,romfs\story\spt\npc_test.spt
サンド：おばさん,Sand: aunt,romfs\story\spt\npc_test.spt
サンド：ショップ店員,Sand: Shop clerk,romfs\story\spt\npc_test.spt
サンド：子供１,Sand: Child 1,romfs\story\spt\npc_test.spt
サンド：子供２,Sand: Child 2,romfs\story\spt\npc_test.spt
サンド：審査委員１,Sand: Jury member 1,romfs\story\spt\npc_test.spt
サンド：審査委員２,Sand: Jury Member 2,romfs\story\spt\npc_test.spt
サンド：少女１,Sand: Girl 1,romfs\story\spt\npc_test.spt
サンド：少年１,Sand: Boy 1,romfs\story\spt\npc_test.spt
ショップ店員１,Store Clerk 1,romfs\story\spt\npc_test.spt
ショップ店員２,Store Clerk 2,romfs\story\spt\npc_test.spt
シートン館長,Director Seaton.,romfs\story\spt\npc_test.spt
セレクト隊女隊員,Select Squad Women,romfs\story\spt\npc_test.spt
セレクト隊新人,Select corps newcomers,romfs\story\spt\npc_test.spt
セレブ１,Celebrity 1,romfs\story\spt\npc_test.spt
セレブ２,Celebrity 2,romfs\story\spt\npc_test.spt
セレブ３,Celebrity 3,romfs\story\spt\npc_test.spt
セレブ４,Celebrity 4,romfs\story\spt\npc_test.spt
ダイキ,daiquiri,romfs\story\spt\npc_test.spt
ダイキ・寒所服,Daiki-Cold Weather Clothing,romfs\story\spt\npc_test.spt
ダイキ・熱所服,Daiki-Heat-Shop Clothing,romfs\story\spt\npc_test.spt
パセリ,parsley (Petroselinum crispum),romfs\story\spt\npc_test.spt
ブルー博士,Dr. Blue.,romfs\story\spt\npc_test.spt
ミケル,Mikel (eleven years old),romfs\story\spt\npc_test.spt
ヤスハ,YASUHA,romfs\story\spt\npc_test.spt
リルバ所長,Lilva Director,romfs\story\spt\npc_test.spt
リンカ,linker,romfs\story\spt\npc_test.spt
リンカ・寒所服,Linker and cold weather clothing,romfs\story\spt\npc_test.spt
リンカ・熱所服,"Rinka, hot-spring clothing",romfs\story\spt\npc_test.spt
ロボトル協会公認レフェリー,Certified Referee of the Lobotr Association,romfs\story\spt\npc_test.spt
ロボロボ団リーダー,Rubberobo-Dan Leader,romfs\story\spt\npc_test.spt
ロボロボ団リーダー・普段着,"Rubberobo group leader, everyday wear",romfs\story\spt\npc_test.spt
ロボロボ団参謀,Rubberobo Chief of Staff,romfs\story\spt\npc_test.spt
ローラ,Laura.,romfs\story\spt\npc_test.spt
主人公の母,Mother of the protagonist,romfs\story\spt\npc_test.spt
主人公の母・病院,"Main character's mother, hospital",romfs\story\spt\npc_test.spt
主人公・寒所服,"Main character, cold weather clothing",romfs\story\spt\npc_test.spt
主人公・熱所服,"Main character, hot-spring clothing",romfs\story\spt\npc_test.spt
会社員１,Company employee 1,romfs\story\spt\npc_test.spt
会社員２,Company Employee 2,romfs\story\spt\npc_test.spt
会社員３,Company Employee 3,romfs\story\spt\npc_test.spt
会社員４,Company employee 4,romfs\story\spt\npc_test.spt
偽カイト,kite,romfs\story\spt\npc_test.spt
医者,physician,romfs\story\spt\npc_test.spt
司会,host,romfs\story\spt\npc_test.spt
大会スタッフ１,Convention Staff 1,romfs\story\spt\npc_test.spt
大会スタッフ２,Convention Staff 2,romfs\story\spt\npc_test.spt
子供１,Child 1,romfs\story\spt\npc_test.spt
子供２,Child 2,romfs\story\spt\npc_test.spt
学芸員１,Curator 1,romfs\story\spt\npc_test.spt
学芸員２,Curator 2,romfs\story\spt\npc_test.spt
少女１,Girl 1,romfs\story\spt\npc_test.spt
少女２,Girl 2,romfs\story\spt\npc_test.spt
少女３,Girl 3,romfs\story\spt\npc_test.spt
少年１,Juvenile 1,romfs\story\spt\npc_test.spt
少年２,Juvenile 2,romfs\story\spt\npc_test.spt
少年３,Juvenile 3,romfs\story\spt\npc_test.spt
怪盗団１,Phantom Thieves 1,romfs\story\spt\npc_test.spt
怪盗団１・変装,"Phantom Thief 1, Disguise",romfs\story\spt\npc_test.spt
怪盗団２,Phantom Thieves 2,romfs\story\spt\npc_test.spt
怪盗団２・変装,"Phantom Thief 2, Disguise",romfs\story\spt\npc_test.spt
怪盗団３,Phantom Thieves 3,romfs\story\spt\npc_test.spt
怪盗団３・変装,"Phantom Thief 3, Disguise",romfs\story\spt\npc_test.spt
情報屋,information broker,romfs\story\spt\npc_test.spt
情報屋・アトランティカパーク,"Informant, Atlantica Park",romfs\story\spt\npc_test.spt
情報屋・オーロラホール,"Information Store, Aurora Hall",romfs\story\spt\npc_test.spt
情報屋・クロックタウン,"Informant, Clocktown",romfs\story\spt\npc_test.spt
情報屋・サバンナタウン,"Informant, Savannah Town",romfs\story\spt\npc_test.spt
情報屋・サンドビレッジ,"Informant, Sand Village",romfs\story\spt\npc_test.spt
情報屋２,Informant 2,romfs\story\spt\npc_test.spt
情報屋３,Informant 3,romfs\story\spt\npc_test.spt
看護師,RN,romfs\story\spt\npc_test.spt
研究員１,Researcher 1,romfs\story\spt\npc_test.spt
研究員２,Researcher 2,romfs\story\spt\npc_test.spt
電気工事員,electrician,romfs\story\spt\npc_test.spt
黒金貨,black gold coin,romfs\story\spt\npc_test.spt
黒金貨・正体バレ,"Black Gold Coin, Identity Revealed",romfs\story\spt\npc_test.spt
※テキスト未作成,※Text not yet created,romfs\story\spt\npc000.spt
ドア1,Door 1,romfs\story\spt\open_door01.spt
ドア1_in,Door 1_in,romfs\story\spt\open_door01.spt
スピードダウン,slowing down,romfs\story\spt\p_speed_default.spt
スピード標準,Speed standard,romfs\story\spt\p_speed_default.spt
外に出ますか？,Would you like to go outside?,romfs\story\spt\portal_m100_01.spt
外に出る,go out,romfs\story\spt\portal_m100_01.spt
地下室へ,To the basement.,romfs\story\spt\portal_m110_01.spt
グラウンド前,In front of ground,romfs\story\spt\portal_m120_00.spt
右前,right front,romfs\story\spt\portal_m130_01.spt
右舞台袖,offstage right,romfs\story\spt\portal_m132_00.spt
右舞台袖入口,Offstage right entrance,romfs\story\spt\portal_m132_00.spt
右舞台袖前,In front of right side of the stage,romfs\story\spt\portal_m132_01.spt
男子寮out,Men's dormitory out,romfs\story\spt\portal_m150_01.spt
男子寮扉,Men's dormitory door,romfs\story\spt\portal_m150_01.spt
自分の部屋に戻りますか？,Would you like to go back to your room?,romfs\story\spt\portal_m150_01.spt
女子寮出口,Women's Dormitory Exit,romfs\story\spt\portal_m150_02.spt
初めての倉庫,First Warehouse,romfs\story\spt\portal_m150_03.spt
裏口,rear entrance,romfs\story\spt\portal_m150_03.spt
扉２,Door 2,romfs\story\spt\portal_m159_00.spt
カギがかかっているみたいだ。,It looks like it's locked.,romfs\story\spt\portal_m160_01.spt
閉まっている。,Closed.,romfs\story\spt\portal_m160_01.spt
体育館_out,Gym_out,romfs\story\spt\portal_m160_03.spt
倉庫内,In warehouse,romfs\story\spt\portal_m200_01.spt
エレベーター_in,Elevator_in,romfs\story\spt\portal_m210_01.spt
ダクトへ,To Duct,romfs\story\spt\portal_m211_02.spt
搬入路_out,Loading route_out,romfs\story\spt\portal_m211_02.spt
搬入路前,In front of the loading dock,romfs\story\spt\portal_m212_00.spt
鉱山口_out,Mine mouth_out,romfs\story\spt\portal_m212_01.spt
旧港_out,Old Port_out,romfs\story\spt\portal_m220_00.spt
港_out,port_out,romfs\story\spt\portal_m220_02.spt
灯台周辺_out,Around the lighthouse_out,romfs\story\spt\portal_m220_03.spt
道_out,way_out,romfs\story\spt\portal_m230_01.spt
道へ,On the Road.,romfs\story\spt\portal_m230_01.spt
坑道_out,Mine_out,romfs\story\spt\portal_m230_02.spt
坑道へ,Tunnel,romfs\story\spt\portal_m230_02.spt
坑道１_out,Tunnel 1_out,romfs\story\spt\portal_m231_01.spt
坑道２_out,Tunnel 2_out,romfs\story\spt\portal_m231_01.spt
坑道２前,Before Tunnel 2,romfs\story\spt\portal_m232_00.spt
坑道３_out,Tunnel 3_out,romfs\story\spt\portal_m232_01.spt
メダルイーター前,Before Medal Eater,romfs\story\spt\portal_m234_00.spt
吊り橋_out,Suspension bridge_out,romfs\story\spt\portal_m331_01.spt
山道１前,Before Mountain Road 1,romfs\story\spt\portal_m331_01.spt
吊り橋前,In front of the suspension bridge,romfs\story\spt\portal_m332_00.spt
山道２_out,Mountain Road 2_out,romfs\story\spt\portal_m332_01.spt
峠前,in front of a mountain pass,romfs\story\spt\portal_m333_00.spt
祠_out,shrine_out,romfs\story\spt\portal_m333_01.spt
峠_out,Pass_out,romfs\story\spt\portal_m334_00.spt
遺構前,in front of the remains,romfs\story\spt\portal_m335_00.spt
樹海１_out,Jukai1_out,romfs\story\spt\portal_m340_00.spt
渓流前,in front of a mountain stream,romfs\story\spt\portal_m340_00.spt
樹海２_out,Jukai2_out,romfs\story\spt\portal_m340_01.spt
滝_out,Waterfall_out,romfs\story\spt\portal_m340_02.spt
渓流_out,Stream_out,romfs\story\spt\portal_m341_00.spt
滝前,in front of a waterfall,romfs\story\spt\portal_m341_00.spt
滝の裏_out,Behind the waterfall_out,romfs\story\spt\portal_m341_01.spt
滝の裏前,in front of the waterfall,romfs\story\spt\portal_m342_00.spt
樹海_out,Jukai_out,romfs\story\spt\portal_m343_00.spt
水車小屋前,In front of the water mill,romfs\story\spt\portal_m343_00.spt
樹海前,before the sea of trees,romfs\story\spt\portal_m350_00.spt
海岸林_out,Coastal forest_out,romfs\story\spt\portal_m350_00.spt
樹海１前,Before Jukai 1,romfs\story\spt\portal_m350_01.spt
ビーチ_out,beach_out,romfs\story\spt\portal_m351_00.spt
樹海２前,Before Jukai 2,romfs\story\spt\portal_m352_00.spt
水車小屋_out,Water mill_out,romfs\story\spt\portal_m352_01.spt
新市街前,New Town Front,romfs\story\spt\portal_m500_01.spt
コンビニ_in,Convenience_in,romfs\story\spt\portal_m500_02.spt
コンビニ前,In front of convenience store,romfs\story\spt\portal_m501_00.spt
新市街_out,New Town_out,romfs\story\spt\portal_m510_00.spt
トロッコ位置,Trolley position,romfs\story\spt\portal_m510_01.spt
トロッコ前,In front of the trolley,romfs\story\spt\portal_m510_01.spt
トロッコ注視点,Trolley Gazing Point,romfs\story\spt\portal_m510_01.spt
旧港前,Old Port,romfs\story\spt\portal_m700_00.spt
廃アパート_out,Abandoned apartment_out,romfs\story\spt\portal_m700_01.spt
移動カメラ,Moving camera,romfs\story\spt\portal_m700_01.spt
廃アパート前,In front of abandoned apartment,romfs\story\spt\portal_m701_00.spt
上層_out,Upper_out,romfs\story\spt\portal_m701_01.spt
下層前,lower level,romfs\story\spt\portal_m701_01.spt
部屋１_out,Room1_out,romfs\story\spt\portal_m701_02.spt
部屋２_out,Room 2_out,romfs\story\spt\portal_m701_03.spt
部屋１前,Before Room 1,romfs\story\spt\portal_m702_00.spt
部屋２前,Room 2 front,romfs\story\spt\portal_m703_00.spt
上層前,anterior chamber (of the eyes),romfs\story\spt\portal_m704_00.spt
下層_out,Lower_out,romfs\story\spt\portal_m704_00.spt
ベランダa_out,Veranda a_out,romfs\story\spt\portal_m704_01.spt
上層a前,Before upper a,romfs\story\spt\portal_m704_01.spt
ベランダb_out,Veranda b_out,romfs\story\spt\portal_m704_02.spt
上層b前,Before upper b,romfs\story\spt\portal_m704_02.spt
屋上_out,Rooftop_out,romfs\story\spt\portal_m704_03.spt
上層a_out,Upper layer a_out,romfs\story\spt\portal_m705_00.spt
ベランダb前,Before balcony b,romfs\story\spt\portal_m705_01.spt
上層b_out,Upper b_out,romfs\story\spt\portal_m705_01.spt
屋上前,In front of rooftop,romfs\story\spt\portal_m706_00.spt
灯台前,in front of the lighthouse,romfs\story\spt\portal_m800_00.spt
灯台_out,Lighthouse_out,romfs\story\spt\portal_m810_01.spt
施設前,In front of the facility,romfs\story\spt\ret_move101_03.spt
入口前,Before Entrance,romfs\story\spt\ret_move331_00.spt
開始:,Starts: 1,romfs\story\spt\robotle_fihgt.spt
10メタビー再起動,10 Metabee restart,romfs\story\spt\rom_menu.spt
10メダルイーター復活,10 Medal Eater Revival,romfs\story\spt\rom_menu.spt
10予備い,10 Spare parts,romfs\story\spt\rom_menu.spt
10予備は,10 In reserve,romfs\story\spt\rom_menu.spt
10予備ろ,10 In reserve,romfs\story\spt\rom_menu.spt
10屋上にヘリ着陸,10 Helicopter landing on rooftop,romfs\story\spt\rom_menu.spt
11予備い,11 spare,romfs\story\spt\rom_menu.spt
11予備は,11 reserve is,romfs\story\spt\rom_menu.spt
11予備ろ,11 preliminary route,romfs\story\spt\rom_menu.spt
11生徒会室で会話,11 Conversation in the student council chambers,romfs\story\spt\rom_menu.spt
11精鋭メダと連戦,11 elite meda and a series of battles,romfs\story\spt\rom_menu.spt
11精鋭メダの襲撃,11 elite meda raid,romfs\story\spt\rom_menu.spt
11部室から再スタート,Restart from 11 club rooms,romfs\story\spt\rom_menu.spt
11野良メダの襲撃,11 wild meda raid,romfs\story\spt\rom_menu.spt
11野良メダ侵入,11 wild meda intrusion,romfs\story\spt\rom_menu.spt
11野良メダ撃退,11 wild meda repulsion,romfs\story\spt\rom_menu.spt
1ひとり入学式,One person's entrance ceremony,romfs\story\spt\rom_menu.spt
1予備い,one spare,romfs\story\spt\rom_menu.spt
1予備は,1 reserve is,romfs\story\spt\rom_menu.spt
1予備ろ,one-pass (e.g. check),romfs\story\spt\rom_menu.spt
1入部できない,1I can't join the club.,romfs\story\spt\rom_menu.spt
1初めてのメダ研,1First time at Meda Institute,romfs\story\spt\rom_menu.spt
1初めての探検部,1First time exploration club,romfs\story\spt\rom_menu.spt
1初めての教室,1First Classroom,romfs\story\spt\rom_menu.spt
1初めての部室棟,1 First club building,romfs\story\spt\rom_menu.spt
1怪しい階段,1 Suspicious stairs,romfs\story\spt\rom_menu.spt
1探検部：エンカウント発生,1Exploration section: Encounter occurs,romfs\story\spt\rom_menu.spt
1探検部：中ボス登場,1Exploration section: The middle boss appears.,romfs\story\spt\rom_menu.spt
1部活の勧誘,1Solicitation for club activities,romfs\story\spt\rom_menu.spt
2アオイに接触,Contact 2 Aoi,romfs\story\spt\rom_menu.spt
2アオイの練習終了,End of practice of 2 aoi.,romfs\story\spt\rom_menu.spt
2アオイの部屋,2Aoi Room,romfs\story\spt\rom_menu.spt
2アオイの部屋終了,2Aoi room end,romfs\story\spt\rom_menu.spt
2アオイ発見,2 mallow found,romfs\story\spt\rom_menu.spt
2アオイ目撃情報,2Aoi sightings,romfs\story\spt\rom_menu.spt
2ミオ仲間に,2 mio friends.,romfs\story\spt\rom_menu.spt
2メダリア発見,2Medalia found,romfs\story\spt\rom_menu.spt
2リョウマ同行,2 accompanying Ryoma,romfs\story\spt\rom_menu.spt
2リョウマ登場,2Ryoma's appearance,romfs\story\spt\rom_menu.spt
2レディバグに接近,Approaching 2 ladybugs,romfs\story\spt\rom_menu.spt
2レディバグ発見１,2 ready bug found1,romfs\story\spt\rom_menu.spt
2レディバグ発見２,2 Lady bug found 2,romfs\story\spt\rom_menu.spt
2レディバグ遭難,2 Ladybug Distress,romfs\story\spt\rom_menu.spt
2予備い,2 spare,romfs\story\spt\rom_menu.spt
2予備は,2 reserve is,romfs\story\spt\rom_menu.spt
2予備ろ,two-pack reactor,romfs\story\spt\rom_menu.spt
2倉庫地下へ,Go to the basement of Warehouse 2.,romfs\story\spt\rom_menu.spt
2倉庫地下電源,2Warehouse underground power supply,romfs\story\spt\rom_menu.spt
2入部報告,2Report on admission to the club,romfs\story\spt\rom_menu.spt
2初めての倉庫,2First warehouse,romfs\story\spt\rom_menu.spt
2女子寮から飛び降りる,2Jumping off the women's dormitory,romfs\story\spt\rom_menu.spt
2廃鉱山エリア解禁,2Lifting the ban on abandoned mine areas,romfs\story\spt\rom_menu.spt
2部室で説明,Explanation in Room 2,romfs\story\spt\rom_menu.spt
2部長とミオ,2Dept. 2 and Mio.,romfs\story\spt\rom_menu.spt
3ダクト開通,3 ducts open,romfs\story\spt\rom_menu.spt
3メタビーとロボトル,3Metabee and Lobottle,romfs\story\spt\rom_menu.spt
3リュウセイとケンカ,3Fight with Ryusei,romfs\story\spt\rom_menu.spt
3予備い,3 spare,romfs\story\spt\rom_menu.spt
3予備は,3 reserve is,romfs\story\spt\rom_menu.spt
3予備ろ,three preliminary routes,romfs\story\spt\rom_menu.spt
3倉庫地下エリア再調査,3Resurvey of warehouse basement area,romfs\story\spt\rom_menu.spt
3倉庫地下エリア再調査クリア,3Resurvey of the underground area of the warehouse was cleared.,romfs\story\spt\rom_menu.spt
3探検部始動,3Exploration Department started,romfs\story\spt\rom_menu.spt
3搬入路電源,3Haulage path power supply,romfs\story\spt\rom_menu.spt
3鉱山口から外へ,3Out from the mine entrance,romfs\story\spt\rom_menu.spt
3鉱山口に到着,3Arrive at the mine entrance,romfs\story\spt\rom_menu.spt
3鉱山口のメタビー,3Metabee at the mouth of the mine,romfs\story\spt\rom_menu.spt
4ロボトル大会当日,4robattle Competition Day,romfs\story\spt\rom_menu.spt
4予備い,4 reserve,romfs\story\spt\rom_menu.spt
4予備は,4 reserve is,romfs\story\spt\rom_menu.spt
4予備ろ,four-pack reactor,romfs\story\spt\rom_menu.spt
4大会準備ＯＫ,4Competitions ready,romfs\story\spt\rom_menu.spt
4大会直前,4Just before the convention,romfs\story\spt\rom_menu.spt
4転入生と接触,4Contact with transfer students,romfs\story\spt\rom_menu.spt
5テスト結果発表,5Test results announced,romfs\story\spt\rom_menu.spt
5ブリキオー入手,5 Tin O obtained,romfs\story\spt\rom_menu.spt
5マインの部屋,5 Mine Room,romfs\story\spt\rom_menu.spt
5マイン仲間に,5 Mine friends.,romfs\story\spt\rom_menu.spt
5リョウマの呼び出し,5Ryoma's call,romfs\story\spt\rom_menu.spt
5予備い,5 spare,romfs\story\spt\rom_menu.spt
5予備は,5 reserve is,romfs\story\spt\rom_menu.spt
5予備ろ,5 preliminary route,romfs\story\spt\rom_menu.spt
5夜中に目覚める,5Wake up in the middle of the night,romfs\story\spt\rom_menu.spt
5女子寮再び１,5 Women's dormitory again 1,romfs\story\spt\rom_menu.spt
5女子寮再び２,5 Women's dormitory again 2,romfs\story\spt\rom_menu.spt
5空のボックス,5 empty boxes,romfs\story\spt\rom_menu.spt
6ビーチに到着,Arrive at 6 beaches,romfs\story\spt\rom_menu.spt
6ビーチ討伐クリア,6Beach defeat cleared,romfs\story\spt\rom_menu.spt
6ビーチ討伐：結果発表,6Beach Defeat: Results Announced,romfs\story\spt\rom_menu.spt
6ビーチ討伐：途中経過１,6 beaches defeated: Progress 1,romfs\story\spt\rom_menu.spt
6ビーチ討伐：途中経過２,6 Beaches Defeated: Progress 2,romfs\story\spt\rom_menu.spt
6ビーチ討伐：１戦終了,6 beaches defeated: 1 battle completed,romfs\story\spt\rom_menu.spt
6レスキュー部と討伐競争,6Rescue Department and competition to defeat,romfs\story\spt\rom_menu.spt
6予備い,6 spare,romfs\story\spt\rom_menu.spt
6予備は,6 reserve is,romfs\story\spt\rom_menu.spt
6予備ろ,six preliminary routes,romfs\story\spt\rom_menu.spt
6怪しいポイント特定,6 Suspicious point identification,romfs\story\spt\rom_menu.spt
6探知アプリついに完成,6-detection application finally completed,romfs\story\spt\rom_menu.spt
6探知アプリ使用禁止,Prohibits the use of 6 detection apps,romfs\story\spt\rom_menu.spt
6探知アプリ停止,6Detecting application stop,romfs\story\spt\rom_menu.spt
6探知アプリ完成１,6 Detection application completed1,romfs\story\spt\rom_menu.spt
6探知アプリ完成２,6Detection application completed2,romfs\story\spt\rom_menu.spt
6教頭室から部室へ,6From the vice principal's office to the club room,romfs\story\spt\rom_menu.spt
6校長室に潜入,6Sneaking into the principal's office,romfs\story\spt\rom_menu.spt
6校長室を後に,6 leaving the principal's office,romfs\story\spt\rom_menu.spt
6生徒会長の依頼,6Student body president's request,romfs\story\spt\rom_menu.spt
6隠し通路を発見,6Discovery of a hidden passageway,romfs\story\spt\rom_menu.spt
6音波測定クリア,6Sound wave measurement clear,romfs\story\spt\rom_menu.spt
6音波測定クリア報告,6 sonic measurement clear report,romfs\story\spt\rom_menu.spt
6音波測定スタート,6Sound wave measurement start,romfs\story\spt\rom_menu.spt
6音波装置をオフに,6 Turn off the sonic device,romfs\story\spt\rom_menu.spt
7もうすぐ文化祭,7Culture Festival coming soon,romfs\story\spt\rom_menu.spt
7アイドル部のミオ,7 Idol Department Mio.,romfs\story\spt\rom_menu.spt
7アイドル部の頼み１,7Asking for help from the idol club1,romfs\story\spt\rom_menu.spt
7アイドル部の頼み４,7Asking for help from the Idol Department4,romfs\story\spt\rom_menu.spt
7アイドル部を後に,7After the idol club,romfs\story\spt\rom_menu.spt
7アオイメダと会話,Conversation with 7Aoimeda,romfs\story\spt\rom_menu.spt
7リョウマの提案,7Ryoma's proposal,romfs\story\spt\rom_menu.spt
7予備い,7 spare,romfs\story\spt\rom_menu.spt
7予備ろ,7 preliminary route,romfs\story\spt\rom_menu.spt
7強化クエスト終了,7Enhancement quest completed,romfs\story\spt\rom_menu.spt
7文化祭：ふたりの会話,7Cultural Festival: A Conversation Between Two People,romfs\story\spt\rom_menu.spt
7文化祭：アオイ,7 Cultural Festival: Aoi,romfs\story\spt\rom_menu.spt
7文化祭：スタート,7Cultural Festival: Start,romfs\story\spt\rom_menu.spt
7文化祭：ミオ,7Cultural Festival: Mio,romfs\story\spt\rom_menu.spt
7水車小屋ミオとラピス,7Water Mill Mio and Lapidus,romfs\story\spt\rom_menu.spt
7脚部パーツを渡す,7Passing leg parts,romfs\story\spt\rom_menu.spt
7脚部パーツ入手,7Acquired leg parts,romfs\story\spt\rom_menu.spt
8クエストＡ受注,8Quest A received,romfs\story\spt\rom_menu.spt
8クエストＡ終了,8 Quest A completed,romfs\story\spt\rom_menu.spt
8クエストＢ受注,8Quest B received,romfs\story\spt\rom_menu.spt
8クレーターに接近,Approaching Crater 8,romfs\story\spt\rom_menu.spt
8セクターと会話１,Conversation 1 with 8 sectors,romfs\story\spt\rom_menu.spt
8セクターと会話２,Conversation 2 with 8 sectors,romfs\story\spt\rom_menu.spt
8セクターに呼ばれる,Called in 8 sectors,romfs\story\spt\rom_menu.spt
8メダリアラッシュ開始,8Medallia rush begins.,romfs\story\spt\rom_menu.spt
8レスキュー部に遭遇,Encounter 8 Rescue Dept.,romfs\story\spt\rom_menu.spt
8レスキュー隊登場,8 Rescue teams appeared,romfs\story\spt\rom_menu.spt
8予備い,8 spare,romfs\story\spt\rom_menu.spt
8予備は,8 reserve is,romfs\story\spt\rom_menu.spt
8予備ろ,eight preliminary routes,romfs\story\spt\rom_menu.spt
8吊り橋落下,8Suspension bridge fall,romfs\story\spt\rom_menu.spt
8帰路がない１,8No way back1,romfs\story\spt\rom_menu.spt
8帰路がない２,8No way back2,romfs\story\spt\rom_menu.spt
8探検部入場,8Exploration Department Entrance,romfs\story\spt\rom_menu.spt
8退路崩落,8Retreat Collapse,romfs\story\spt\rom_menu.spt
9ひとりで港へ,9 alone to the harbor,romfs\story\spt\rom_menu.spt
9トロッコ発見・港,"9Trolley found, port",romfs\story\spt\rom_menu.spt
9トロッコ線の修復,9Trolley line restoration,romfs\story\spt\rom_menu.spt
9マインにメタビーを渡す,9Mine to Metabee.,romfs\story\spt\rom_menu.spt
9メタビー対ロボロボ団,9Metabee vs. Rubberobo,romfs\story\spt\rom_menu.spt
9主人公の番,9The turn of the protagonist,romfs\story\spt\rom_menu.spt
9主人公チェンジ,9 Main character change,romfs\story\spt\rom_menu.spt
9主人公目を覚ます,9 Waking up the protagonist,romfs\story\spt\rom_menu.spt
9予備い,9 spare,romfs\story\spt\rom_menu.spt
9予備は,9 reserve is,romfs\story\spt\rom_menu.spt
9予備ろ,9 preliminary route,romfs\story\spt\rom_menu.spt
9団長とロボトル,9 Commander and robattle,romfs\story\spt\rom_menu.spt
9教頭とロボロボ団,9Prefect and Rubberobo group,romfs\story\spt\rom_menu.spt
9教頭先生に会おう,9I'll see the vice principal.,romfs\story\spt\rom_menu.spt
9教頭室で拉致,9Abduction in the vice principal's office,romfs\story\spt\rom_menu.spt
9校長復活,9Revival of Principal,romfs\story\spt\rom_menu.spt
9灯台に到着,Arrive at 9 lighthouse,romfs\story\spt\rom_menu.spt
9灯台に接近,Approaching 9 lighthouses,romfs\story\spt\rom_menu.spt
9灯台入口を調べる,9Check the entrance to the lighthouse.,romfs\story\spt\rom_menu.spt
9転入生の正体,9The identity of the transfer student,romfs\story\spt\rom_menu.spt
9鉱山口から学校へ,9 mine entrance to the school,romfs\story\spt\rom_menu.spt
ROMメニュー１,ROM Menu 1,romfs\story\spt\rom_menu.spt
test移動,test move,romfs\story\spt\rom_menu.spt
　　　　イベント無視=,　　　　Event Ignored=,romfs\story\spt\rom_menu.spt
　　　　エンカウント無し=,　　　　No encounters=,romfs\story\spt\rom_menu.spt
　　　　コリジョン無視=,　　　　Collision Ignored=,romfs\story\spt\rom_menu.spt
アプリ入手,Get App,romfs\story\spt\rom_menu.spt
ストーリークリア,Story Clear,romfs\story\spt\rom_menu.spt
ターメリック1,Turmeric1,romfs\story\spt\rom_menu.spt
ターメリックend,turmeric end,romfs\story\spt\rom_menu.spt
ターメリックのメダル,Turmeric Medal,romfs\story\spt\rom_menu.spt
チャージ1,Charge 1,romfs\story\spt\rom_menu.spt
チャージend,charge end,romfs\story\spt\rom_menu.spt
バリューエディット,value edit,romfs\story\spt\rom_menu.spt
フラグエディット,flag edit,romfs\story\spt\rom_menu.spt
プロローグ,Programming in Logic,romfs\story\spt\rom_menu.spt
メダルゲット,get a medal,romfs\story\spt\rom_menu.spt
ローレル負傷,Laurel Injury,romfs\story\spt\rom_menu.spt
事務所到着,Arrival at office,romfs\story\spt\rom_menu.spt
偽探偵,false detective,romfs\story\spt\rom_menu.spt
各マップ参照,See each map,romfs\story\spt\rom_menu.spt
合格報告,Report card,romfs\story\spt\rom_menu.spt
地下鉄追跡,Subway Tracking,romfs\story\spt\rom_menu.spt
怪盗登場1,The Thief 1,romfs\story\spt\rom_menu.spt
怪盗登場end,Thief's appearance end,romfs\story\spt\rom_menu.spt
情報屋登場,The appearance of an informant,romfs\story\spt\rom_menu.spt
第一章予告状,chapter 1 warning letter,romfs\story\spt\rom_menu.spt
第一章予告状推理,Chapter 1: Advance Notice Reasoning,romfs\story\spt\rom_menu.spt
第一章解決,Chapter 1 Resolution,romfs\story\spt\rom_menu.spt
試験,test,romfs\story\spt\rom_menu.spt
試験前1,Pre-test 1,romfs\story\spt\rom_menu.spt
試験前end,Pre-test end,romfs\story\spt\rom_menu.spt
開始,start,romfs\story\spt\rom_menu.spt
館長訪問,Director's Visit,romfs\story\spt\rom_menu.spt
（Ａボタン）,(Button A),romfs\story\spt\rom_menu.spt
（Ｘボタン）,(X button),romfs\story\spt\rom_menu.spt
（Ｙボタン）,(Y button),romfs\story\spt\rom_menu.spt
カブト章選択,Kabuto Chapter Selection,romfs\story\spt\scenario_select_kbt.spt
タイトル,Title.,romfs\story\spt\scenario_select_kbt.spt
ラスボス,end-stage monster,romfs\story\spt\scenario_select_kbt.spt
１学期－１,1 semester-1,romfs\story\spt\scenario_select_kbt.spt
１学期－１（デバッグモードあり）,1 semester-1 (with debug mode),romfs\story\spt\scenario_select_kbt.spt
１学期－２,1 semester-2,romfs\story\spt\scenario_select_kbt.spt
１学期－３,1 semester-3,romfs\story\spt\scenario_select_kbt.spt
１学期－４,1 semester - 4,romfs\story\spt\scenario_select_kbt.spt
１学期－５,1 semester-5,romfs\story\spt\scenario_select_kbt.spt
クワガタ章選択,Stag Beetle Chapter Selection,romfs\story\spt\scenario_select_kwg.spt
サーチ1,search1,romfs\story\spt\search001.spt
ゲット2,Get 2,romfs\story\spt\search003.spt
サーチ2,Search2,romfs\story\spt\search003.spt
ePrg.第九章スタート,ePrg. Chapter 9 begins.,romfs\story\spt\section_result.spt
ePrg.第六章幕間,ePrg. Chapter 6 Interlude,romfs\story\spt\section_result.spt
ここまでをセーブしますか？,Do you want to save so far?,romfs\story\spt\section_result.spt
ロボトル文字,Lobotr character,romfs\story\spt\stg_test_select.spt
画面イメージ,Screen Image,romfs\story\spt\stg_test_select.spt
テスト,test,romfs\story\spt\test_battle3.spt
ロボトルしたいぜ！,"I want to robattle, man!",romfs\story\spt\test_battle3.spt
ロボトルしようぜ！,Let's robattle!,romfs\story\spt\test_battle3.spt
テスト　Ｐ０　１,Test P0 1,romfs\story\spt\test_dialog.spt
テスト　Ｐ０　２,Test P0 2,romfs\story\spt\test_dialog.spt
回想Off,Recollection Off,romfs\story\spt\test_dialog.spt
回想On,Recollection On,romfs\story\spt\test_dialog.spt
回想フィルタOff,Recall Filter Off,romfs\story\spt\test_dialog.spt
回想フィルタOn,Recollection Filter On,romfs\story\spt\test_dialog.spt
選択１が選ばれた！,Option 1 was chosen!,romfs\story\spt\test_dialog.spt
選択２が選ばれた！,Option 2 was chosen!,romfs\story\spt\test_dialog.spt
選択３が選ばれた！,Option 3 was chosen!,romfs\story\spt\test_dialog.spt
選択４が選ばれた！,Option 4 was chosen!,romfs\story\spt\test_dialog.spt
選択５が選ばれた！,Option 5 was chosen!,romfs\story\spt\test_dialog.spt
２選択肢テスト？,2-choice test?,romfs\story\spt\test_dialog.spt
３選択肢テスト？,Three-choice test?,romfs\story\spt\test_dialog.spt
４選択肢テスト？,Four-choice test?,romfs\story\spt\test_dialog.spt
５選択肢テスト？,Five-choice test?,romfs\story\spt\test_dialog.spt
eArea.グランドフォレスト：エリア１,eArea. Grand Forest: Area 1,romfs\story\spt\test_get.spt
eArea.探偵事務所,eArea. detective agency,romfs\story\spt\test_get.spt
ePrg.第二章予告状推理,ePrg. Chapter 2: Preliminary Letter Reasoning,romfs\story\spt\test_get.spt
扉1_in,Door 1_in,romfs\story\spt\test_m091_00.spt
扉2_in,Door 2_in,romfs\story\spt\test_m091_01.spt
<今日@03きょう>はなんのごようですか？,<What's today's business?,romfs\story\spt\test_menu.spt
<月姫@04つきひめ>,<Tsukihime@04Tsukihime,romfs\story\spt\test_menu.spt
<様@02さま>。<月@02つき>までごくろうさまです。,<Sama@02 sir>. Thank you very much for your time until <Moon@02 Tsuki>.,romfs\story\spt\test_menu.spt
うるち,nonglutinous grain (not sticky enough to make mochi rice cakes),romfs\story\spt\test_menu.spt
イベント,Events,romfs\story\spt\test_menu.spt
カブトVer,Kabuto Ver.,romfs\story\spt\test_menu.spt
ガーデンテスト,garden test,romfs\story\spt\test_menu.spt
クワガタVer,Stag Beetle Ver.,romfs\story\spt\test_menu.spt
サウンドテスト,sound test,romfs\story\spt\test_menu.spt
スロットマシン,slot machine,romfs\story\spt\test_menu.spt
スロットマシン　カブトVer,Slot Machine Kabuto Ver.,romfs\story\spt\test_menu.spt
スロットマシン　クワガタVer,Slot Machine Stag Beetle Ver.,romfs\story\spt\test_menu.spt
スーパー,super,romfs\story\spt\test_menu.spt
テストメニュー,Test Menu,romfs\story\spt\test_menu.spt
ネットテスト,net test,romfs\story\spt\test_menu.spt
ボス登場,boss appearance,romfs\story\spt\test_menu.spt
メダガチャ,meda-gacha,romfs\story\spt\test_menu.spt
メダガチャコイン0,Meda gacha coin 0,romfs\story\spt\test_menu.spt
メダガチャコイン9999,Medagacha Coin 9999,romfs\story\spt\test_menu.spt
メダガチャ第何弾？,Meda Gacha What is the second edition of the meda gacha?,romfs\story\spt\test_menu.spt
メダリア合成,medallia synthesis,romfs\story\spt\test_menu.spt
メダロッピー,medalloppy,romfs\story\spt\test_menu.spt
モーションテスト,motion test,romfs\story\spt\test_menu.spt
リネーム,rename,romfs\story\spt\test_menu.spt
レシピ,recipe,romfs\story\spt\test_menu.spt
レベルリセットをお<願@02ねが>い,Please reset the level.,romfs\story\spt\test_menu.spt
・・・,...,romfs\story\spt\test_menu.spt
乗り物,vehicle,romfs\story\spt\test_menu.spt
検定,inspection,romfs\story\spt\test_menu.spt
第１弾,Part 1,romfs\story\spt\test_menu.spt
第２弾,Part 2,romfs\story\spt\test_menu.spt
第３弾,Part 3,romfs\story\spt\test_menu.spt
第４弾,Part 4,romfs\story\spt\test_menu.spt
第５弾,Part 5,romfs\story\spt\test_menu.spt
第６弾,Part 6,romfs\story\spt\test_menu.spt
第７弾,Part 7,romfs\story\spt\test_menu.spt
通常,usual,romfs\story\spt\test_menu.spt
３防メダ,3-proof meda,romfs\story\spt\test_menu.spt
４マイントラップ,4 Mine Trap,romfs\story\spt\test_menu.spt
５ＭＥ復活,5ME revival,romfs\story\spt\test_menu.spt
６巨大ＭＥ,6 Giant ME,romfs\story\spt\test_menu.spt
７ダンス,7Dance,romfs\story\spt\test_menu.spt
８ＭＥ最終形態,8ME final form,romfs\story\spt\test_menu.spt
９ＭＥ襲撃,9ME Raid,romfs\story\spt\test_menu.spt
ＬＶダウン,LV Down,romfs\story\spt\test_menu.spt
KBTオートバトル,KBT Auto Battle,romfs\story\spt\test_menu_a2.spt
KBTチュートリアル,KBT Tutorial,romfs\story\spt\test_menu_a2.spt
KWGオートバトル,KWG Auto Battle,romfs\story\spt\test_menu_a2.spt
KWGチュートリアル,KWG Tutorial,romfs\story\spt\test_menu_a2.spt
NPCロボトル,NPC Lobotol,romfs\story\spt\test_menu_a2.spt
SEテスト,SE Test,romfs\story\spt\test_menu_a2.spt
eMission.メダ検定実技３,eMission. meda test practical 3,romfs\story\spt\test_menu_a2.spt
eMission.メダ検定実技４,eMission.Meda Test Practice 4,romfs\story\spt\test_menu_a2.spt
　　ビッグロボトル,　　Big robattle,romfs\story\spt\test_menu_a2.spt
　　フィールド　＜,　　Field ＜,romfs\story\spt\test_menu_a2.spt
　　勝ち抜きロボトル,　　Winning robattle,romfs\story\spt\test_menu_a2.spt
　　報酬選択チュートリアル,　　Reward Selection Tutorial,romfs\story\spt\test_menu_a2.spt
　　条件ロボトル,　　Conditioned Robottle,romfs\story\spt\test_menu_a2.spt
　　転送パーツチュートリアル用,　　For Transfer Parts Tutorial,romfs\story\spt\test_menu_a2.spt
　　開始,　　start,romfs\story\spt\test_menu_a2.spt
いろいろ取得,Various acquisitions,romfs\story\spt\test_menu_a2.spt
がむしゃら,reckless,romfs\story\spt\test_menu_a2.spt
がむしゃらのみ,reckless-driving person,romfs\story\spt\test_menu_a2.spt
ねらいうち,sharpshooting,romfs\story\spt\test_menu_a2.spt
ねらいうちのみ,aiming at a specific target,romfs\story\spt\test_menu_a2.spt
エフェクトテスト2,Effects Test 2,romfs\story\spt\test_menu_a2.spt
オブジェクト,object,romfs\story\spt\test_menu_a2.spt
オートバトル,auto-battle,romfs\story\spt\test_menu_a2.spt
オートバトル10,Auto Battle 10,romfs\story\spt\test_menu_a2.spt
オートバトル11,Auto Battle 11,romfs\story\spt\test_menu_a2.spt
オートバトル１,Auto Battle 1,romfs\story\spt\test_menu_a2.spt
オートバトル２,Auto Battle 2,romfs\story\spt\test_menu_a2.spt
オートバトル３,Auto Battle 3,romfs\story\spt\test_menu_a2.spt
オートバトル４,Auto Battle 4,romfs\story\spt\test_menu_a2.spt
オートバトル５,Auto Battle 5,romfs\story\spt\test_menu_a2.spt
オートバトル６,Auto Battle 6,romfs\story\spt\test_menu_a2.spt
オートバトル７,Auto Battle 7,romfs\story\spt\test_menu_a2.spt
オートバトル８,Auto Battle 8,romfs\story\spt\test_menu_a2.spt
オートバトル９,Auto Battle 9,romfs\story\spt\test_menu_a2.spt
クロスファイア,cross fire,romfs\story\spt\test_menu_a2.spt
コンボ,combo,romfs\story\spt\test_menu_a2.spt
サシで勝負,contest decided by a single round (bout),romfs\story\spt\test_menu_a2.spt
スカイバトル,sky battle,romfs\story\spt\test_menu_a2.spt
スタッフクレジット,Staff Credits,romfs\story\spt\test_menu_a2.spt
スペシャルロボトル１（破壊ミッション）,Special Robotol 1 (Destruction Mission),romfs\story\spt\test_menu_a2.spt
スペシャルロボトル４（条件ロボトル２）,Special Lobotol 4 (Condition Lobotol 2),romfs\story\spt\test_menu_a2.spt
タイムオーバー,time is up,romfs\story\spt\test_menu_a2.spt
ターゲット破壊（２）,Target destruction (2),romfs\story\spt\test_menu_a2.spt
ダイブバトル,The Dive Battle,romfs\story\spt\test_menu_a2.spt
チュートリアル,tutorial,romfs\story\spt\test_menu_a2.spt
チュート１,Tute 1,romfs\story\spt\test_menu_a2.spt
チュート２,Tute 2,romfs\story\spt\test_menu_a2.spt
チームロボトル　３VS３,Team Robotl 3VS3,romfs\story\spt\test_menu_a2.spt
ティンペット縛り,Timpetto bondage,romfs\story\spt\test_menu_a2.spt
テストロボトル,Testrobottle,romfs\story\spt\test_menu_a2.spt
デバッグメニュー１,Debug Menu 1,romfs\story\spt\test_menu_a2.spt
デバッグメニュー２,Debug Menu 2,romfs\story\spt\test_menu_a2.spt
ビッグロボトル１,Big Lobo Bottle 1,romfs\story\spt\test_menu_a2.spt
ビッグロボトル２,Big Lobo Bottle 2,romfs\story\spt\test_menu_a2.spt
ビッグロボトル３,Big Lobo Bottle 3,romfs\story\spt\test_menu_a2.spt
ピラミッド,pyramid,romfs\story\spt\test_menu_a2.spt
プレイ時間＋１０分,Play time + 10 minutes,romfs\story\spt\test_menu_a2.spt
プレイ時間＋６０分,Play time + 60 minutes,romfs\story\spt\test_menu_a2.spt
マップスタート,Map Start,romfs\story\spt\test_menu_a2.spt
ミッション失敗,Mission Failure,romfs\story\spt\test_menu_a2.spt
ミッション達成,Mission accomplished,romfs\story\spt\test_menu_a2.spt
メダチェンジＬ,Meda Change L,romfs\story\spt\test_menu_a2.spt
メダフォース,Medaforce,romfs\story\spt\test_menu_a2.spt
メダリア全＋１,Medallia all +1,romfs\story\spt\test_menu_a2.spt
メダリア全０,Medaglia all 0,romfs\story\spt\test_menu_a2.spt
メダリア素材,Medaglia Material,romfs\story\spt\test_menu_a2.spt
メダロッチテスト,medulloch test,romfs\story\spt\test_menu_a2.spt
メダ検定実技１,Meda Test Practicum 1,romfs\story\spt\test_menu_a2.spt
メダ検定実技２,Meda Test Practice 2,romfs\story\spt\test_menu_a2.spt
メダ検定実技３,Meda Test Practicum 3,romfs\story\spt\test_menu_a2.spt
メダ検定実技４,Meda Test Practice 4,romfs\story\spt\test_menu_a2.spt
モデルテスト,model test,romfs\story\spt\test_menu_a2.spt
リーダー縛り（メタビー頭）,Leader bound (Metabee head),romfs\story\spt\test_menu_a2.spt
ロボトル前画面,Lobotol front screen,romfs\story\spt\test_menu_a2.spt
ロボトル前画面チェック,Pre-robattle screen check,romfs\story\spt\test_menu_a2.spt
ローカル子機,local child,romfs\story\spt\test_menu_a2.spt
ローカル親機,local master,romfs\story\spt\test_menu_a2.spt
一撃破壊,complete destruction by a single blow,romfs\story\spt\test_menu_a2.spt
主人公宅,home of the head of the household,romfs\story\spt\test_menu_a2.spt
充填冷却テスト,Filling Cooling Test,romfs\story\spt\test_menu_a2.spt
公園洞窟,Park Cave,romfs\story\spt\test_menu_a2.spt
勝ち抜きロボトル,Winning robattle,romfs\story\spt\test_menu_a2.spt
勝ち抜きロボトル（チーム）,Winning robattle (Team),romfs\story\spt\test_menu_a2.spt
各バストアップ参照,See each bust,romfs\story\spt\test_menu_a2.spt
各マップキャラ参照,See each map character,romfs\story\spt\test_menu_a2.spt
各メダモデル参照,See each meda model,romfs\story\spt\test_menu_a2.spt
子機,(telephone) extension,romfs\story\spt\test_menu_a2.spt
対MCロボトル,Vs. MC Robotol,romfs\story\spt\test_menu_a2.spt
巨大メダ,Giant Meda,romfs\story\spt\test_menu_a2.spt
所持品クリア,Possession Clear,romfs\story\spt\test_menu_a2.spt
指定パーツ使用で破壊（メタビー右腕）,Destroyed by using specified parts (Metabee right arm),romfs\story\spt\test_menu_a2.spt
指定パーツ破壊（１右腕）,Designated parts destroyed (1 right arm),romfs\story\spt\test_menu_a2.spt
擬似観戦,pseudo-watching,romfs\story\spt\test_menu_a2.spt
擬似観戦（裏）,Pseudo spectator (back),romfs\story\spt\test_menu_a2.spt
月,month,romfs\story\spt\test_menu_a2.spt
条件ロボトル,Conditioned Robottle,romfs\story\spt\test_menu_a2.spt
氷の神殿,The Temple of Ice,romfs\story\spt\test_menu_a2.spt
海底遺跡,submarine ruins,romfs\story\spt\test_menu_a2.spt
海底都市,undersea city,romfs\story\spt\test_menu_a2.spt
状態・所持品,Condition / Possessions,romfs\story\spt\test_menu_a2.spt
砂漠神殿,Desert Temple,romfs\story\spt\test_menu_a2.spt
純正セッティング縛り,Stock setting bindings,romfs\story\spt\test_menu_a2.spt
素材(,Material (,romfs\story\spt\test_menu_a2.spt
脚部タイプ縛り,leg-type binding,romfs\story\spt\test_menu_a2.spt
親機,base unit,romfs\story\spt\test_menu_a2.spt
通信ロボトル,communication roto-bottle,romfs\story\spt\test_menu_a2.spt
通常ロボトル１,Normal Lobottle 1,romfs\story\spt\test_menu_a2.spt
通常ロボトル２,Normal Robottle 2,romfs\story\spt\test_menu_a2.spt
進行度＆フラグクリア,Progress & Flag Clearing,romfs\story\spt\test_menu_a2.spt
雪国,snow country,romfs\story\spt\test_menu_a2.spt
１VS１（チャージ、メダ選択可）,"1 VS 1 (charge, meda selectable)",romfs\story\spt\test_menu_a2.spt
１VS１（最初）,1 VS 1 (first),romfs\story\spt\test_menu_a2.spt
３VS３（チームロボトル、ねらいうち、がむしゃら可）,"3 vs. 3 (Team Robotol, Neeraiuchi, and Gansha are acceptable)",romfs\story\spt\test_menu_a2.spt
＞　ビッグロボトル,> Big robattle,romfs\story\spt\test_menu_a2.spt
＞　フィールド　＜,＞ Field,romfs\story\spt\test_menu_a2.spt
＞　勝ち抜きロボトル,> Winning Lobottle,romfs\story\spt\test_menu_a2.spt
＞　報酬選択チュートリアル,＞ Reward Selection Tutorial,romfs\story\spt\test_menu_a2.spt
＞　条件ロボトル,> Conditioned Robot Bottle,romfs\story\spt\test_menu_a2.spt
＞　転送パーツチュートリアル用,＞ For transfer parts tutorial,romfs\story\spt\test_menu_a2.spt
＞　開始,＞ Start,romfs\story\spt\test_menu_a2.spt
♀ティンペットのみ,♀ tinpet only,romfs\story\spt\test_menu2.spt
♂ティンペットのみ,♂ tinpet only,romfs\story\spt\test_menu2.spt
いつの間に通信,Sennheiser communication,romfs\story\spt\test_menu2.spt
しかける禁止,prohibition to set up (e.g. an event),romfs\story\spt\test_menu2.spt
すれ違い通信,passing each other,romfs\story\spt\test_menu2.spt
せいかい,"correct interpretation (answer, solution)",romfs\story\spt\test_menu2.spt
エアロボトル,Aerobottle,romfs\story\spt\test_menu2.spt
グランプリトライアル,Grand Prix Trial,romfs\story\spt\test_menu2.spt
セッティングチュートリアル,Setting Tutorial,romfs\story\spt\test_menu2.spt
チャンピオン大会,championship series,romfs\story\spt\test_menu2.spt
テキスト１２,Text 12,romfs\story\spt\test_menu2.spt
テキスト８,Text 8,romfs\story\spt\test_menu2.spt
ネットルール変更,Net rule change,romfs\story\spt\test_menu2.spt
パスワード,(computer) password,romfs\story\spt\test_menu2.spt
パーツテスト,Parts Testing,romfs\story\spt\test_menu2.spt
パーツ転送チュートリアル,Parts Transfer Tutorial,romfs\story\spt\test_menu2.spt
ボーナススロット,Bonus Slot,romfs\story\spt\test_menu2.spt
マリンロボトル,Marinello Bottle,romfs\story\spt\test_menu2.spt
ライン会話,line conversation,romfs\story\spt\test_menu2.spt
ロボトルグランプリ,Robotol Grand Prix,romfs\story\spt\test_menu2.spt
主人公メダ禁止,Protagonist meda prohibition,romfs\story\spt\test_menu2.spt
同じパーツ一つまで,Up to one part of the same,romfs\story\spt\test_menu2.spt
対戦表,match table,romfs\story\spt\test_menu2.spt
強くてニューゲーム,strong new game,romfs\story\spt\test_menu2.spt
指定パーツ禁止,Designated parts prohibited,romfs\story\spt\test_menu2.spt
認定トーナメント,Certified Tournaments,romfs\story\spt\test_menu2.spt
追加コンテンツ,additional content,romfs\story\spt\test_menu2.spt
通常大会,regular convention,romfs\story\spt\test_menu2.spt
闘技場,arena,romfs\story\spt\test_menu2.spt
イス,chair,romfs\story\spt\test_test.spt
女子生徒B,Female student B,romfs\story\spt\test_test.spt
<漢字@03かんじ>はこんな<感@02かん>じで,<Kanji@03 kanjis> with this kind of <Kanjis@02 kanjis>.,romfs\story\spt\test00.spt
<街@02まち>の<人@02ひと>テスト,<Human@02Human> test in <City@02City>.,romfs\story\spt\test00.spt
<表示@04ひょうじ>される！,<display@04 indication>!,romfs\story\spt\test00.spt
こんにちは！,Hello!,romfs\story\spt\test00.spt
ごきげんよう！,Have a nice day!,romfs\story\spt\test00.spt
イベント<絵@01え>はこんな<感@02かん>じで,The event <picture@01e> was like this <feeling@02 kan>.,romfs\story\spt\test00.spt
テストテストテストテスト,"test, test, test, test",romfs\story\spt\test00.spt
<c:ff00ff>重要語句<c>、<c:ffff00>重要場所<c>、<c:00ff00>重要アイテム<c>,"<c:ff00ff>important words<c>, <c:ff00ff>important places<c>, <c:00ff00>important items<c",romfs\story\spt\test000.spt
ダッシュテスト―,Dash test,romfs\story\spt\test000.spt
ダッシュテスト――,Dash test--,romfs\story\spt\test000.spt
テキストはこんな感じで,Here's what the text looks like,romfs\story\spt\test000.spt
全角スペーステスト　全角スペーステスト,Full-width space test Full-width space test,romfs\story\spt\test000.spt
全角数字テスト０１２３４５６７８９,Full-width numeric test 0123456789,romfs\story\spt\test000.spt
半角スペーステスト,half-width space test,romfs\story\spt\test000.spt
半角数字テスト0123456789,Half-width digit test 0123456789,romfs\story\spt\test000.spt
文字色テスト,character color test,romfs\story\spt\test000.spt
表示される！,Displayed!,romfs\story\spt\test000.spt
もどる,return,romfs\story\spt\test001.spt
イベント絵は、こんな感じ…,The event picture looks like this...,romfs\story\spt\test001.spt
うなずいてみる,I'll nod.,romfs\story\spt\test002.spt
同時にSEもなる！,"At the same time, it also becomes SE!",romfs\story\spt\test002.spt
曲が変わるよ,The music will change.,romfs\story\spt\test003.spt
です,is,romfs\story\spt\test004.spt
主人公の名前表示テスト,Main character's name display test,romfs\story\spt\test004.spt
テストテスト,test-testing,romfs\story\spt\test005.spt
テストテストテスト,"test, test, test",romfs\story\spt\test005.spt
こんにちは,Hello. - Hello.,romfs\story\spt\test006.spt
それはすごくよかった,That was great.,romfs\story\spt\test007.spt
ふーん,hmm,romfs\story\spt\test009.spt
<悪@02わる>い,<Evil@02,romfs\story\spt\test01.spt
<普通@03ふつう>,<Normal@03Normal>,romfs\story\spt\test01.spt
<良@01よ>い,<Good.,romfs\story\spt\test01.spt
<調子@04ちょうし>はどうですか？,How is the <tone @04 Chouji>?,romfs\story\spt\test01.spt
eArea.08戦場,eArea.08 Battlefield,romfs\story\spt\test01.spt
eArea.オーロラフォール：エリア１,eArea.Aurora Falls: Area 1,romfs\story\spt\test01.spt
…がんばって。,...Good luck.,romfs\story\spt\test01.spt
がんばって。,Good luck.,romfs\story\spt\test01.spt
すごく<悪@02わる>い,Very bad.,romfs\story\spt\test01.spt
すごく<良@01よ>い,Very good.,romfs\story\spt\test01.spt
それはすごくよかった。,That was great.,romfs\story\spt\test01.spt
それはよかった。,That was good.,romfs\story\spt\test01.spt
ふーん。,Hmmm.,romfs\story\spt\test01.spt
アサドアラーク,asaduarak,romfs\story\spt\test01.spt
がんばって,keep at it,romfs\story\spt\test010.spt
…がんばって,...Good luck.,romfs\story\spt\test011.spt
ロッカーだ１,Locker one.,romfs\story\spt\test012.spt
ロッカーだ２,Locker two.,romfs\story\spt\test013.spt
※パーツ、メダル、メダリアをゲット！,"※Get parts, medals, and medallions!",romfs\story\spt\test02.spt
　　ステージ＜,　　Stage <,romfs\story\spt\testbattle_setting.spt
　　リーダー＜,　　Leader<,romfs\story\spt\testbattle_setting.spt
＞　ステージ＜,＞ Stage,romfs\story\spt\testbattle_setting.spt
＞　リーダー＜,＞ Leader,romfs\story\spt\testbattle_setting.spt
扉2前,Before door 2,romfs\story\spt\testeve_092_00.spt
教師,teacher (classroom),romfs\story\spt\testeve_092_00.spt
教師登場,Appearance of Teachers,romfs\story\spt\testeve_092_00.spt
<川@02かわ>だ。,<River @ 02 kawa>.,romfs\story\spt\testkabe_091_00_00.spt
<水面@03みなも>に<映@02うつ>るオレの<顔@02かお>は,"<My face, reflected in the surface of the water",romfs\story\spt\testkabe_091_00_00.spt
やる<気@01き>に<満@01み>ちている。,I'm full of energy to do it.,romfs\story\spt\testkabe_091_00_00.spt
選択肢テスト？,Choice test?,romfs\story\spt\testnpc_091_01.spt
選択１,Option 1,romfs\story\spt\testnpc_091_01.spt
選択２,Option 2,romfs\story\spt\testnpc_091_01.spt
選択３,Option 3,romfs\story\spt\testnpc_091_01.spt
選択４,Option 4,romfs\story\spt\testnpc_091_01.spt
選択５,Option 5,romfs\story\spt\testnpc_091_01.spt
お前たち、入ってこい。,"You guys, come on in.",romfs\story\spt\tri030_00_t011.spt
次は…,Next...,romfs\story\spt\tri030_00_t011.spt
…私がしよう。,...I'll do it.,romfs\story\spt\tri030_00_t012.spt
あ、よろしくお願いします。,"Oh, thank you very much.",romfs\story\spt\tri030_00_t012.spt
あなたたちは？,What about you guys?,romfs\story\spt\tri030_00_t012.spt
え、いいの？,"Oh, you don't mind?",romfs\story\spt\tri030_00_t012.spt
ここからは,From here.,romfs\story\spt\tri030_00_t012.spt
この学院でロボトルするなら、,"If you want to robattle in this academy,",romfs\story\spt\tri030_00_t012.spt
これは体験版だからね。,This is a trial version.,romfs\story\spt\tri030_00_t012.spt
さて、,"Well,",romfs\story\spt\tri030_00_t012.spt
さて、相手は～,"Now, the other guy...",romfs\story\spt\tri030_00_t012.spt
じゃあ生徒会長サマ、お願いします。,"Well then, Student Body President Sama, please.",romfs\story\spt\tri030_00_t012.spt
ぼくが説明するよ。,Let me explain.,romfs\story\spt\tri030_00_t012.spt
ぼくは探検部の部長、クニギク。,"I am Kunigiku, the head of the exploration club.",romfs\story\spt\tri030_00_t012.spt
よろしくな。,Nice to meet you.,romfs\story\spt\tri030_00_t012.spt
トランスパーツのことは知ってるかい？,Do you know what transparts are?,romfs\story\spt\tri030_00_t012.spt
使いこなせるようになっておいた方がいい。,You should be able to use it.,romfs\story\spt\tri030_00_t012.spt
俺はリョウマだ。,I'm Ryoma.,romfs\story\spt\tri030_00_t012.spt
本当はぼくたちが居るのはおかしいんだけど、,"It's not right for us to be here,",romfs\story\spt\tri030_00_t012.spt
くんのチームには,The team of Mr.,romfs\story\spt\tri030_00_t021.spt
じゃあ,then,romfs\story\spt\tri030_00_t021.spt
では相手チームには,Then the opposing team has,romfs\story\spt\tri030_00_t021.spt
は、はい！,"Ha, yes!",romfs\story\spt\tri030_00_t021.spt
ぼくとリョウマくんが入って…,Me and Ryoma-kun are in...,romfs\story\spt\tri030_00_t021.spt
よし、次は３対３のロボトルだ。,"Okay, now for the three-on-three robattle.",romfs\story\spt\tri030_00_t021.spt
セッティングもお前が考えてみろ。,You figure out the setting too.,romfs\story\spt\tri030_00_t021.spt
全力でぶつかってこい！,Go ahead and hit it with all your might!,romfs\story\spt\tri030_00_t021.spt
私たちが入りましょう。,Let us come in.,romfs\story\spt\tri030_00_t021.spt
ああ！,Oh!,romfs\story\spt\tri030_00_t031.spt
ロボトル、楽しいな！,"Lobottle, that's fun!",romfs\story\spt\tri030_00_t031.spt
今ちょっと忙しくて…,I'm a little busy right now...,romfs\story\spt\y_npc_conv_nob.spt
ごめんね、またこんどね。,"Sorry, see you next time.",romfs\story\spt\y_npc_f1a_nob.spt
だめよ、今はちょっと…,"No, now's not a good time.",romfs\story\spt\y_npc_f1a_nob.spt
ごめんね。,Sorry.,romfs\story\spt\y_npc_f1b_nob.spt
今はムリみたい…　またこんどね。,I can't do it now... I'll see you next time.,romfs\story\spt\y_npc_f1b_nob.spt
ごめ～ん。,Sorry.,romfs\story\spt\y_npc_f1c_nob.spt
今はダメなの、またこんど！,"Not now, another time!",romfs\story\spt\y_npc_f1c_nob.spt
今はちょっとね…　またこんどにしてくれる？,I'm not sure now... can we do it some other time?,romfs\story\spt\y_npc_f1d_nob.spt
いそがしいの…,I'm busy...,romfs\story\spt\y_npc_f1f_nob.spt
ごめんなさい…　いまはダメ…,I'm sorry... not now...,romfs\story\spt\y_npc_f1f_nob.spt
ごめん今はムリみたい…　またこんどね。,"Sorry, I guess I can't do it right now... I'll see you next time.",romfs\story\spt\y_npc_f2a_nob.spt
ロボトルかあ…,robattle or ah...,romfs\story\spt\y_npc_f2a_nob.spt
ごめんなさい、今はちょっとお。,"I'm sorry, I'm not sure now.",romfs\story\spt\y_npc_f2b_nob.spt
またこんどお願いしま～す。,I'll ask again next time.,romfs\story\spt\y_npc_f2b_nob.spt
いやな予感がするの…,I have a bad feeling about this...,romfs\story\spt\y_npc_f2c2_nob.spt
今はダメなの、また誘ってね！,"Not now, you have to invite me back!",romfs\story\spt\y_npc_f2d2_nob.spt
今はムリです、いそがしいから…,"I can't right now, I'm too busy...",romfs\story\spt\y_npc_f2e_nob.spt
ごめんなさい、今はちょっと…,"I'm sorry, I'm kind of in the middle of...",romfs\story\spt\y_npc_f2f_nob.spt
また時間があるときに、ぜひ！,Please come back when you have more time!,romfs\story\spt\y_npc_f2f_nob.spt
え、今なの？　今はちょっと…,"Oh, now?　Now is a little...",romfs\story\spt\y_npc_f3d_nob.spt
ごめんね、また誘って～！,"Sorry, invite me back~!",romfs\story\spt\y_npc_f3d_nob.spt
わあ残念！,"Wow, too bad!",romfs\story\spt\y_npc_f3e_nob.spt
今はいそがしいんだ、またこんどね！,"I'm busy now, see you next time!",romfs\story\spt\y_npc_f3e_nob.spt
今ちょっといそがしいの。またこんどね。,I'm a little busy right now. See you next time.,romfs\story\spt\y_npc_f3e2_nob.spt
え、わたしと？　ごめんなさい、今はちょっと…,"Oh, with me?　I'm sorry, I'm just...",romfs\story\spt\y_npc_idol_nob.spt
またこんどお願いします。,I will ask again next time.,romfs\story\spt\y_npc_idol_nob.spt
用務員,orderly,romfs\story\spt\y_npc_janit.spt
あいにくちょっと時間がな…　またこんどな！,"Unfortunately, I don't have time for this... maybe next time!",romfs\story\spt\y_npc_janit_nob.spt
あちゃ～、やりたいのは山々だが,"Ahhhhhh, as much as I'd like to do it.",romfs\story\spt\y_npc_janit_nob.spt
すまんな、今は手が離せない。,"Sorry, my hands are tied right now.",romfs\story\spt\y_npc_kaicho_nob.spt
またの機会にしよう。,Let's do it another time.,romfs\story\spt\y_npc_kaicho_nob.spt
今はそれどころではない。,Now is not the time for that.,romfs\story\spt\y_npc_kocho_nob.spt
う～ん、今は時間がなあ…　すまないね。,"Well, now is not a good time... Sorry about that.",romfs\story\spt\y_npc_kyoto_nob.spt
またこんどな！,See you next time!,romfs\story\spt\y_npc_m1a_nob.spt
わりーな、今ちょっと忙しいんだ。,"Sorry, I'm a little busy right now.",romfs\story\spt\y_npc_m1a_nob.spt
ごめんね、今はムリなんだ。,"Sorry, I can't right now.",romfs\story\spt\y_npc_m1c_nob.spt
またこんど誘ってね～。,Invite me again next time!,romfs\story\spt\y_npc_m1c_nob.spt
またこんどぜひお願いするよ。,I will definitely ask for your help again.,romfs\story\spt\y_npc_m1c2_nob.spt
残念…　今ちょっと手が離せないんだ。,Too bad... I'm a bit tied up right now.,romfs\story\spt\y_npc_m1c2_nob.spt
ごめんねえ、今はちょっとムリなんだ。,"Sorry, I can't help you right now.",romfs\story\spt\y_npc_m1d_nob.spt
またこんど誘ってねえ。,Invite me again.,romfs\story\spt\y_npc_m1d_nob.spt
またこんど誘ってよ。,Invite me again next time.,romfs\story\spt\y_npc_m1d2_nob.spt
またこんどね。,See you next time.,romfs\story\spt\y_npc_m1e_nob.spt
またこんどな。,See you next time.,romfs\story\spt\y_npc_m1f_nob.spt
悪い、今はちょっと難しいんだ。,"Sorry, it's kind of difficult right now.",romfs\story\spt\y_npc_m1f_nob.spt
あ～、今はちょっと手が離せねーや。,"Ahhh, I'm a little out of my depth right now.",romfs\story\spt\y_npc_m2a_nob.spt
またこんど誘ってくれ。,Invite me again next time.,romfs\story\spt\y_npc_m2a_nob.spt
今はムリだ、すまんな…,I can't right now. I'm sorry...,romfs\story\spt\y_npc_m2a2_nob.spt
今ちょっと時間がなー、またこんどお願いするよ。,"I'm a little pressed for time right now, but I'll ask again next time.",romfs\story\spt\y_npc_m2b_nob.spt
悪いね、今はちょっと難しいんだ。,"Sorry, it's kind of difficult right now.",romfs\story\spt\y_npc_m2b2_nob.spt
ごめんね、今ちょっと忙しいんだ。,"Sorry, I'm a little busy right now.",romfs\story\spt\y_npc_m2c_nob.spt
またこんどにしてくれるかな。,Can you do it again next time?,romfs\story\spt\y_npc_m2c_nob.spt
わり、今ちょっと忙しいわ。,"Oh, no, I'm a little busy right now.",romfs\story\spt\y_npc_m2e_nob.spt
またこんど相手してやるわ。,I'll deal with him again.,romfs\story\spt\y_npc_m3a_nob.spt
悪い、今ちょっと時間がな…,"Sorry, I'm a little pressed for time right now...",romfs\story\spt\y_npc_m3a_nob.spt
今はムリだ！,I can't do it now!,romfs\story\spt\y_npc_m3c_nob.spt
時間がない！！,There is no time!,romfs\story\spt\y_npc_m3c_nob.spt
わり、今ちょっと忙しいんだ。,I'm a little busy right now.,romfs\story\spt\y_npc_m3d2_nob.spt
今かっ？,Now?,romfs\story\spt\y_npc_m3e_nob.spt
今はちょっと…　すまんな。,Now I'm a little... sorry.,romfs\story\spt\y_npc_m3e_nob.spt
すまんな。今は都合が悪い。,Sorry. It's not a good time.,romfs\story\spt\y_npc_m3e2_nob.spt
またにしてくれ。,Do it again.,romfs\story\spt\y_npc_m3e2_nob.spt
あー今か、今はなあ…,"Oh, now, now...",romfs\story\spt\y_npc_m3f2_nob.spt
すまんがまたにしてくれるか。,"Sorry, can we do this again?",romfs\story\spt\y_npc_m3f2_nob.spt
今は手が離せないんだ。,My hands are tied right now.,romfs\story\spt\y_npc_rescue_nob.spt
わり、今それどころじゃねーんだ。,I'm not in the mood for that right now.,romfs\story\spt\y_npc_rival_nob.spt
気が向いたらまた遊んでやるよ。,I'll play again when I feel like it.,romfs\story\spt\y_npc_rival_nob.spt
ロボトルロボか？　すごくやりたいけど,"Robotlrobot?　I want to do it so bad, but...",romfs\story\spt\y_npc_robo_f_nob.spt
今とっても忙しいロボ、残念ロボ～。,"I'm very busy right now, sorry Robo~.",romfs\story\spt\y_npc_robo_f_nob.spt
今は手が離せなくて…,I'm a little out of my depth right now...,romfs\story\spt\y_npc_seitokai_fa_nob.spt
今は手が離せなくて…　ごめんね～！,I'm a bit out of my depth right now... sorry~!,romfs\story\spt\y_npc_seitokai_fb_nob.spt
…残念、今は忙しいんです。,"...Too bad, I'm busy right now.",romfs\story\spt\y_npc_seitokai_ma_nob.spt
またこんどお相手しましょう。,Let's meet again next time.,romfs\story\spt\y_npc_seitokai_ma_nob.spt
ごめんよ、今ちょっと手が離せないんだ。,"Sorry, I'm a little out of my depth right now.",romfs\story\spt\y_npc_seitokai_mb_nob.spt
悪いけどまたこんどにしてくれるかな。,"I'm sorry, but maybe next time.",romfs\story\spt\y_npc_seitokai_mb_nob.spt
購買部,school store,romfs\story\spt\y_npc_shop.spt
すみません。,Sorry.,romfs\story\spt\y_npc_shop_nob.spt
今ちょっと忙しくて…　また誘ってくださいね。,I'm a little busy right now... Please invite me back.,romfs\story\spt\y_npc_shop_nob.spt
担任,homeroom teacher,romfs\story\spt\y_npc_teach.spt
教師女_A,Teacher Woman_A,romfs\story\spt\y_npc_teach_fa.spt
あらん残念。,What a shame.,romfs\story\spt\y_npc_teach_fa_nob.spt
今は忙しいのよ、またこんどね。,I'm busy right now. I'll see you next time.,romfs\story\spt\y_npc_teach_fa_nob.spt
教師女_B,Teacher Woman_B,romfs\story\spt\y_npc_teach_fb.spt
今ちょっと忙しいのよ、また誘ってね。,"I'm a little busy right now, invite me back.",romfs\story\spt\y_npc_teach_fb_nob.spt
残念ねえ。,Too bad.,romfs\story\spt\y_npc_teach_fb_nob.spt
教師女_C,Teacher Woman_C,romfs\story\spt\y_npc_teach_fc.spt
う～ん残念！,"Hmmm, too bad!",romfs\story\spt\y_npc_teach_fc_nob.spt
今はちょっとダメなの…　またこんどね！,I'm kind of screwed right now... maybe next time!,romfs\story\spt\y_npc_teach_fc_nob.spt
あ～、今はなんだな忙しい。,"Ahhh, what a busy time we have now.",romfs\story\spt\y_npc_teach_ma_nob.spt
またこんどにしてくれ。,Do it again next time.,romfs\story\spt\y_npc_teach_ma_nob.spt
教師男_B,Teacher Man_B,romfs\story\spt\y_npc_teach_mb.spt
すまんね、今ちょっと忙しいんだ。,"Sorry, I'm a little busy right now.",romfs\story\spt\y_npc_teach_mb_nob.spt
教師男_C,Teacher man_C,romfs\story\spt\y_npc_teach_mc.spt
今は難しいな…,Now that's difficult...,romfs\story\spt\y_npc_teach_mc_nob.spt
あら残念…,"Oh, that's too bad...",romfs\story\spt\y_npc_teach_nob.spt
今はちょっとダメなの。またこんどね。,It's not a good time. See you next time.,romfs\story\spt\y_npc_teach_nob.spt
え～今ですかぁ？,Eh~ now?,romfs\story\spt\y_npc_ten_nob.spt
今ちょっと忙しくてぇ…　ごめんなさい！,I'm a little busy right now... sorry!,romfs\story\spt\y_npc_ten_nob.spt
